id,flowMin,flowMax,pressureMin,pressureMax,power,efficiency,status
1,2.42092e-322,0,30,1.6004e+08,4.94066e-323,6.95226e-310,ÎØÈÁÊÀ
2,2.42092e-322,0,30,1.6004e+08,4.94066e-323,6.95226e-310,ÎØÈÁÊÀ
3,2.42092e-322,0,30,1.6004e+08,4.94066e-323,6.95226e-310,ÎØÈÁÊÀ
4,2.42092e-322,0,30,1.6004e+08,4.94066e-323,6.95226e-310,ÎØÈÁÊÀ
5,2.42092e-322,0,30,1.6004e+08,4.94066e-323,6.95226e-310,ÎØÈÁÊÀ
6,2.42092e-322,0,30,1.6005e+08,4.94066e-323,6.95226e-310,ÎØÈÁÊÀ
7,2.42092e-322,0,30,1.6005e+08,4.94066e-323,6.95226e-310,ÎØÈÁÊÀ
8,2.42092e-322,0,30,1.6005e+08,4.94066e-323,6.95226e-310,ÎØÈÁÊÀ
9,2.42092e-322,0,30,1.6005e+08,4.94066e-323,6.95226e-310,ÎØÈÁÊÀ
10,2.42092e-322,0,30,1.6005e+08,4.94066e-323,6.95226e-310,ÎØÈÁÊÀ
11,2.42092e-322,0,30,1.60064e+08,4.94066e-323,6.95226e-310,ÎØÈÁÊÀ
12,2.42092e-322,0,30,1.60064e+08,4.94066e-323,6.95226e-310,ÎØÈÁÊÀ
13,2.42092e-322,0,30,1.60064e+08,4.94066e-323,6.95226e-310,ÎØÈÁÊÀ
14,2.42092e-322,0,30,1.60064e+08,4.94066e-323,6.95226e-310,ÎØÈÁÊÀ
15,2.42092e-322,0,30,1.60072e+08,4.94066e-323,6.95226e-310,ÎØÈÁÊÀ
16,2.42092e-322,0,30,1.60072e+08,4.94066e-323,6.95226e-310,ÎØÈÁÊÀ
17,2.42092e-322,0,30,1.60072e+08,4.94066e-323,6.95226e-310,ÎØÈÁÊÀ
18,2.42092e-322,0,30,1.60072e+08,4.94066e-323,6.95226e-310,ÎØÈÁÊÀ
19,2.42092e-322,0,30,1.60081e+08,4.94066e-323,6.95226e-310,ÎØÈÁÊÀ
20,2.42092e-322,0,30,1.60081e+08,4.94066e-323,6.95226e-310,ÎØÈÁÊÀ
21,2.42092e-322,0,30,1.60081e+08,4.94066e-323,6.95226e-310,ÎØÈÁÊÀ
22,2.42092e-322,0,30,1.60081e+08,4.94066e-323,6.95226e-310,ÎØÈÁÊÀ
23,2.42092e-322,0,30,1.60091e+08,4.94066e-323,6.95226e-310,ÎØÈÁÊÀ
24,2.42092e-322,0,30,1.60091e+08,4.94066e-323,6.95226e-310,ÎØÈÁÊÀ
25,2.42092e-322,0,30,1.60091e+08,4.94066e-323,6.95226e-310,ÎØÈÁÊÀ
26,2.42092e-322,0,30,1.60091e+08,4.94066e-323,6.95226e-310,ÎØÈÁÊÀ
27,2.42092e-322,0,30,1.60091e+08,4.94066e-323,6.95226e-310,ÎØÈÁÊÀ
28,2.42092e-322,0,30,1.60091e+08,4.94066e-323,6.95226e-310,ÎØÈÁÊÀ
29,2.42092e-322,0,30,1.60091e+08,4.94066e-323,6.95226e-310,ÎØÈÁÊÀ
30,2.42092e-322,0,30,1.60091e+08,4.94066e-323,6.95226e-310,ÎØÈÁÊÀ
31,2.42092e-322,0,30,1.601e+09,4.94066e-323,6.95226e-310,ÎØÈÁÊÀ
32,2.42092e-322,0,30,1.601e+09,4.94066e-323,6.95226e-310,ÎØÈÁÊÀ
33,2.42092e-322,0,30,1.601e+09,4.94066e-323,6.95226e-310,ÎØÈÁÊÀ
34,2.42092e-322,0,30,1.601e+09,4.94066e-323,6.95226e-310,ÎØÈÁÊÀ
35,2.42092e-322,0,30,1.601e+09,4.94066e-323,6.95226e-310,ÎØÈÁÊÀ
36,2.42092e-322,0,30,1.601e+09,4.94066e-323,6.95226e-310,ÎØÈÁÊÀ
37,2.42092e-322,0,30,1.601e+09,4.94066e-323,6.95226e-310,ÎØÈÁÊÀ
38,2.42092e-322,0,30,1.60112e+09,4.94066e-323,6.95226e-310,ÎØÈÁÊÀ
39,2.42092e-322,0,30,1.60112e+09,4.94066e-323,6.95226e-310,ÎØÈÁÊÀ
40,2.42092e-322,0,30,1.60112e+09,4.94066e-323,6.95226e-310,ÎØÈÁÊÀ
41,2.42092e-322,0,30,1.60112e+09,4.94066e-323,6.95226e-310,ÎØÈÁÊÀ
42,2.42092e-322,0,30,1.60125e+09,4.94066e-323,6.95226e-310,ÎØÈÁÊÀ
43,2.42092e-322,0,30,1.60125e+09,4.94066e-323,6.95226e-310,ÎØÈÁÊÀ
44,2.42092e-322,0,30,1.60125e+09,4.94066e-323,6.95226e-310,ÎØÈÁÊÀ
45,2.42092e-322,0,30,1.60125e+09,4.94066e-323,6.95226e-310,ÎØÈÁÊÀ
46,2.42092e-322,0,30,1.60125e+09,4.94066e-323,6.95226e-310,ÎØÈÁÊÀ
47,2.42092e-322,0,30,1.60125e+09,4.94066e-323,6.95226e-310,ÎØÈÁÊÀ
48,2.42092e-322,0,30,1.60125e+09,4.94066e-323,6.95226e-310,ÎØÈÁÊÀ
49,2.42092e-322,0,30,1.60125e+09,4.94066e-323,6.95226e-310,ÎØÈÁÊÀ
50,2.42092e-322,0,30,1.60125e+09,4.94066e-323,6.95226e-310,ÎØÈÁÊÀ
51,2.42092e-322,0,30,1.60125e+09,4.94066e-323,6.95226e-310,ÎØÈÁÊÀ
52,2.42092e-322,0,30,1.60125e+09,4.94066e-323,6.95226e-310,ÎØÈÁÊÀ
53,2.42092e-322,0,30,1.60125e+09,4.94066e-323,6.95226e-310,ÎØÈÁÊÀ
54,2.42092e-322,0,30,1.60125e+09,4.94066e-323,6.95226e-310,ÎØÈÁÊÀ
55,2.42092e-322,0,30,1.60125e+09,4.94066e-323,6.95226e-310,ÎØÈÁÊÀ
56,2.42092e-322,0,30,1.60125e+09,4.94066e-323,6.95226e-310,ÎØÈÁÊÀ
57,2.42092e-322,0,30,1.60125e+09,4.94066e-323,6.95226e-310,ÎØÈÁÊÀ
58,2.42092e-322,0,30,1.60125e+09,4.94066e-323,6.95226e-310,ÎØÈÁÊÀ
59,2.42092e-322,0,30,1.60125e+09,4.94066e-323,6.95226e-310,ÎØÈÁÊÀ
60,2.42092e-322,0,30,1.60125e+09,4.94066e-323,6.95226e-310,ÎØÈÁÊÀ
61,2.42092e-322,0,30,1.60125e+09,4.94066e-323,6.95226e-310,ÎØÈÁÊÀ
62,2.42092e-322,0,30,1.60125e+09,4.94066e-323,6.95226e-310,ÎØÈÁÊÀ
63,2.42092e-322,0,30,1.60125e+09,4.94066e-323,6.95226e-310,ÎØÈÁÊÀ
64,2.42092e-322,0,30,1.60125e+09,4.94066e-323,6.95226e-310,ÎØÈÁÊÀ
65,2.42092e-322,0,30,1.60125e+09,4.94066e-323,6.95226e-310,ÎØÈÁÊÀ
66,2.42092e-322,0,30,1.60125e+09,4.94066e-323,6.95226e-310,ÎØÈÁÊÀ
67,2.42092e-322,0,30,1.60125e+09,4.94066e-323,6.95226e-310,ÎØÈÁÊÀ
68,2.42092e-322,0,30,1.60125e+09,4.94066e-323,6.95226e-310,ÎØÈÁÊÀ
69,2.42092e-322,0,30,1.60125e+09,4.94066e-323,6.95226e-310,ÎØÈÁÊÀ
70,2.42092e-322,0,30,1.60125e+09,4.94066e-323,6.95226e-310,ÎØÈÁÊÀ
71,2.42092e-322,0,30,1.60125e+09,4.94066e-323,6.95226e-310,ÎØÈÁÊÀ
72,2.42092e-322,0,30,1.60125e+09,4.94066e-323,6.95226e-310,ÎØÈÁÊÀ
73,2.42092e-322,0,30,1.60125e+09,4.94066e-323,6.95226e-310,ÎØÈÁÊÀ
74,2.42092e-322,0,30,1.60125e+09,4.94066e-323,6.95226e-310,ÎØÈÁÊÀ
75,2.42092e-322,0,30,1.60125e+09,4.94066e-323,6.95226e-310,ÎØÈÁÊÀ
76,2.42092e-322,0,30,1.60125e+09,4.94066e-323,6.95226e-310,ÎØÈÁÊÀ
77,2.42092e-322,0,30,1.60125e+09,4.94066e-323,6.95226e-310,ÎØÈÁÊÀ
78,2.42092e-322,0,30,1.60125e+09,4.94066e-323,6.95226e-310,ÎØÈÁÊÀ
79,2.42092e-322,0,30,1.60125e+09,4.94066e-323,6.95226e-310,ÎØÈÁÊÀ
80,2.42092e-322,0,30,1.60125e+09,4.94066e-323,6.95226e-310,ÎØÈÁÊÀ
81,2.42092e-322,0,30,1.60125e+09,4.94066e-323,6.95226e-310,ÎØÈÁÊÀ
82,2.42092e-322,0,30,1.60125e+09,4.94066e-323,6.95226e-310,ÎØÈÁÊÀ
83,2.42092e-322,0,30,1.60125e+09,4.94066e-323,6.95226e-310,ÎØÈÁÊÀ
84,2.42092e-322,0,30,1.60125e+09,4.94066e-323,6.95226e-310,ÎØÈÁÊÀ
85,2.42092e-322,0,30,1.60125e+09,4.94066e-323,6.95226e-310,ÎØÈÁÊÀ
86,2.42092e-322,0,30,1.60125e+09,4.94066e-323,6.95226e-310,ÎØÈÁÊÀ
87,2.42092e-322,0,30,1.60125e+09,4.94066e-323,6.95226e-310,ÎØÈÁÊÀ
88,2.42092e-322,0,30,1.60125e+09,4.94066e-323,6.95226e-310,ÎØÈÁÊÀ
89,2.42092e-322,0,30,1.60125e+09,4.94066e-323,6.95226e-310,ÎØÈÁÊÀ
90,2.42092e-322,0,13,2.84415e+09,4.94066e-323,6.95226e-310,ÎØÈÁÊÀ
91,2.42092e-322,0,13,2.8442e+09,4.94066e-323,6.95226e-310,ÎØÈÁÊÀ
92,2.42092e-322,0,13,2.84425e+09,4.94066e-323,6.95226e-310,ÎØÈÁÊÀ
93,2.42092e-322,0,13,2.8443e+09,4.94066e-323,6.95226e-310,ÎØÈÁÊÀ
94,2.42092e-322,0,13,2.84415e+09,4.94066e-323,6.95226e-310,ÎØÈÁÊÀ
95,2.42092e-322,0,13,2.8442e+09,4.94066e-323,6.95226e-310,ÎØÈÁÊÀ
96,2.42092e-322,0,13,2.84425e+09,4.94066e-323,6.95226e-310,ÎØÈÁÊÀ
97,2.42092e-322,0,13,2.8443e+09,4.94066e-323,6.95226e-310,ÎØÈÁÊÀ
98,2.42092e-322,0,13,2.84615e+09,4.94066e-323,6.95226e-310,ÎØÈÁÊÀ
99,2.42092e-322,0,13,2.8462e+09,4.94066e-323,6.95226e-310,ÎØÈÁÊÀ
100,2.42092e-322,0,13,2.84625e+09,4.94066e-323,6.95226e-310,ÎØÈÁÊÀ
101,2.42092e-322,0,13,2.8463e+09,4.94066e-323,6.95226e-310,ÎØÈÁÊÀ
102,2.42092e-322,0,13,2.84615e+09,4.94066e-323,6.95226e-310,ÎØÈÁÊÀ
103,2.42092e-322,0,13,2.8462e+09,4.94066e-323,6.95226e-310,ÎØÈÁÊÀ
104,2.42092e-322,0,13,2.84625e+09,4.94066e-323,6.95226e-310,ÎØÈÁÊÀ
105,2.42092e-322,0,13,2.8463e+09,4.94066e-323,6.95226e-310,ÎØÈÁÊÀ
106,2.42092e-322,0,13,2.8482e+09,4.94066e-323,6.95226e-310,ÎØÈÁÊÀ
107,2.42092e-322,0,13,2.84825e+09,4.94066e-323,6.95226e-310,ÎØÈÁÊÀ
108,2.42092e-322,0,13,2.8483e+09,4.94066e-323,6.95226e-310,ÎØÈÁÊÀ
109,2.42092e-322,0,13,2.8482e+09,4.94066e-323,6.95226e-310,ÎØÈÁÊÀ
110,2.42092e-322,0,13,2.84825e+09,4.94066e-323,6.95226e-310,ÎØÈÁÊÀ
111,2.42092e-322,0,13,2.8483e+09,4.94066e-323,6.95226e-310,ÎØÈÁÊÀ
112,2.42092e-322,0,13,2.84102e+11,4.94066e-323,6.95226e-310,ÎØÈÁÊÀ
113,2.42092e-322,0,13,2.84103e+11,4.94066e-323,6.95226e-310,ÎØÈÁÊÀ
114,2.42092e-322,0,13,2.84103e+11,4.94066e-323,6.95226e-310,ÎØÈÁÊÀ
115,2.42092e-322,0,13,2.84102e+11,4.94066e-323,6.95226e-310,ÎØÈÁÊÀ
116,2.42092e-322,0,13,2.84103e+11,4.94066e-323,6.95226e-310,ÎØÈÁÊÀ
117,2.42092e-322,0,13,2.84103e+11,4.94066e-323,6.95226e-310,ÎØÈÁÊÀ
118,2.42092e-322,0,200,564,4.94066e-323,6.95226e-310,ÎØÈÁÊÀ
119,2.42092e-322,0,200,564,4.94066e-323,6.95226e-310,ÎØÈÁÊÀ
120,2.42092e-322,0,200,564,4.94066e-323,6.95226e-310,ÎØÈÁÊÀ
121,2.42092e-322,0,200,564,4.94066e-323,6.95226e-310,ÎØÈÁÊÀ
122,2.42092e-322,0,200,564,4.94066e-323,6.95226e-310,ÎØÈÁÊÀ
123,2.42092e-322,0,200,634,4.94066e-323,6.95226e-310,ÎØÈÁÊÀ
124,2.42092e-322,0,200,634,4.94066e-323,6.95226e-310,ÎØÈÁÊÀ
125,2.42092e-322,0,200,634,4.94066e-323,6.95226e-310,ÎØÈÁÊÀ
126,2.42092e-322,0,200,634,4.94066e-323,6.95226e-310,ÎØÈÁÊÀ
127,2.42092e-322,0,200,634,4.94066e-323,6.95226e-310,ÎØÈÁÊÀ
128,2.42092e-322,0,200,634,4.94066e-323,6.95226e-310,ÎØÈÁÊÀ
129,2.42092e-322,0,200,634,4.94066e-323,6.95226e-310,ÎØÈÁÊÀ
130,2.42092e-322,0,200,634,4.94066e-323,6.95226e-310,ÎØÈÁÊÀ
131,2.42092e-322,0,200,634,4.94066e-323,6.95226e-310,ÎØÈÁÊÀ
132,2.42092e-322,0,200,634,4.94066e-323,6.95226e-310,ÎØÈÁÊÀ
133,2.42092e-322,0,200,802,4.94066e-323,6.95226e-310,ÎØÈÁÊÀ
134,2.42092e-322,0,200,802,4.94066e-323,6.95226e-310,ÎØÈÁÊÀ
135,2.42092e-322,0,200,802,4.94066e-323,6.95226e-310,ÎØÈÁÊÀ
136,2.42092e-322,0,200,802,4.94066e-323,6.95226e-310,ÎØÈÁÊÀ
137,2.42092e-322,0,200,802,4.94066e-323,6.95226e-310,ÎØÈÁÊÀ
138,2.42092e-322,0,200,802,4.94066e-323,6.95226e-310,ÎØÈÁÊÀ
139,2.42092e-322,0,200,802,4.94066e-323,6.95226e-310,ÎØÈÁÊÀ
140,2.42092e-322,0,200,802,4.94066e-323,6.95226e-310,ÎØÈÁÊÀ
141,2.42092e-322,0,200,802,4.94066e-323,6.95226e-310,ÎØÈÁÊÀ
142,2.42092e-322,0,200,802,4.94066e-323,6.95226e-310,ÎØÈÁÊÀ
143,2.42092e-322,0,250,714,4.94066e-323,6.95226e-310,ÎØÈÁÊÀ
144,2.42092e-322,0,250,714,4.94066e-323,6.95226e-310,ÎØÈÁÊÀ
145,2.42092e-322,0,250,714,4.94066e-323,6.95226e-310,ÎØÈÁÊÀ
146,2.42092e-322,0,250,714,4.94066e-323,6.95226e-310,ÎØÈÁÊÀ
147,2.42092e-322,0,250,714,4.94066e-323,6.95226e-310,ÎØÈÁÊÀ
148,2.42092e-322,0,250,714,4.94066e-323,6.95226e-310,ÎØÈÁÊÀ
149,2.42092e-322,0,250,714,4.94066e-323,6.95226e-310,ÎØÈÁÊÀ
150,2.42092e-322,0,250,714,4.94066e-323,6.95226e-310,ÎØÈÁÊÀ
151,2.42092e-322,0,250,714,4.94066e-323,6.95226e-310,ÎØÈÁÊÀ
152,2.42092e-322,0,250,714,4.94066e-323,6.95226e-310,ÎØÈÁÊÀ
153,2.42092e-322,0,250,902,4.94066e-323,6.95226e-310,ÎØÈÁÊÀ
154,2.42092e-322,0,250,902,4.94066e-323,6.95226e-310,ÎØÈÁÊÀ
155,2.42092e-322,0,250,902,4.94066e-323,6.95226e-310,ÎØÈÁÊÀ
156,2.42092e-322,0,250,902,4.94066e-323,6.95226e-310,ÎØÈÁÊÀ
157,2.42092e-322,0,250,902,4.94066e-323,6.95226e-310,ÎØÈÁÊÀ
158,2.42092e-322,0,250,1002,4.94066e-323,6.95226e-310,ÎØÈÁÊÀ
159,2.42092e-322,0,250,1002,4.94066e-323,6.95226e-310,ÎØÈÁÊÀ
160,2.42092e-322,0,250,1002,4.94066e-323,6.95226e-310,ÎØÈÁÊÀ
161,2.42092e-322,0,250,1002,4.94066e-323,6.95226e-310,ÎØÈÁÊÀ
162,2.42092e-322,0,250,1002,4.94066e-323,6.95226e-310,ÎØÈÁÊÀ
163,2.42092e-322,0,250,1002,4.94066e-323,6.95226e-310,ÎØÈÁÊÀ
164,2.42092e-322,0,250,1002,4.94066e-323,6.95226e-310,ÎØÈÁÊÀ
165,2.42092e-322,0,250,1002,4.94066e-323,6.95226e-310,ÎØÈÁÊÀ
166,2.42092e-322,0,250,1002,4.94066e-323,6.95226e-310,ÎØÈÁÊÀ
167,2.42092e-322,0,250,1002,4.94066e-323,6.95226e-310,ÎØÈÁÊÀ
168,2.42092e-322,0,315,716,4.94066e-323,6.95226e-310,ÎØÈÁÊÀ
169,2.42092e-322,0,315,716,4.94066e-323,6.95226e-310,ÎØÈÁÊÀ
170,2.42092e-322,0,315,716,4.94066e-323,6.95226e-310,ÎØÈÁÊÀ
171,2.42092e-322,0,315,716,4.94066e-323,6.95226e-310,ÎØÈÁÊÀ
172,2.42092e-322,0,315,716,4.94066e-323,6.95226e-310,ÎØÈÁÊÀ
173,2.42092e-322,0,315,806,4.94066e-323,6.95226e-310,ÎØÈÁÊÀ
174,2.42092e-322,0,315,806,4.94066e-323,6.95226e-310,ÎØÈÁÊÀ
175,2.42092e-322,0,315,806,4.94066e-323,6.95226e-310,ÎØÈÁÊÀ
176,2.42092e-322,0,315,806,4.94066e-323,6.95226e-310,ÎØÈÁÊÀ
177,2.42092e-322,0,315,806,4.94066e-323,6.95226e-310,ÎØÈÁÊÀ
178,2.42092e-322,0,315,804,4.94066e-323,6.95226e-310,ÎØÈÁÊÀ
179,2.42092e-322,0,315,804,4.94066e-323,6.95226e-310,ÎØÈÁÊÀ
180,2.42092e-322,0,315,804,4.94066e-323,6.95226e-310,ÎØÈÁÊÀ
181,2.42092e-322,0,315,804,4.94066e-323,6.95226e-310,ÎØÈÁÊÀ
182,2.42092e-322,0,315,804,4.94066e-323,6.95226e-310,ÎØÈÁÊÀ
183,2.42092e-322,0,315,904,4.94066e-323,6.95226e-310,ÎØÈÁÊÀ
184,2.42092e-322,0,315,904,4.94066e-323,6.95226e-310,ÎØÈÁÊÀ
185,2.42092e-322,0,315,904,4.94066e-323,6.95226e-310,ÎØÈÁÊÀ
186,2.42092e-322,0,315,904,4.94066e-323,6.95226e-310,ÎØÈÁÊÀ
187,2.42092e-322,0,315,904,4.94066e-323,6.95226e-310,ÎØÈÁÊÀ
188,2.42092e-322,0,400,906,4.94066e-323,6.95226e-310,ÎØÈÁÊÀ
189,2.42092e-322,0,400,906,4.94066e-323,6.95226e-310,ÎØÈÁÊÀ
190,2.42092e-322,0,400,906,4.94066e-323,6.95226e-310,ÎØÈÁÊÀ
191,2.42092e-322,0,400,906,4.94066e-323,6.95226e-310,ÎØÈÁÊÀ
192,2.42092e-322,0,400,906,4.94066e-323,6.95226e-310,ÎØÈÁÊÀ
193,2.42092e-322,0,400,1006,4.94066e-323,6.95226e-310,ÎØÈÁÊÀ
194,2.42092e-322,0,400,1006,4.94066e-323,6.95226e-310,ÎØÈÁÊÀ
195,2.42092e-322,0,400,1006,4.94066e-323,6.95226e-310,ÎØÈÁÊÀ
196,2.42092e-322,0,400,1006,4.94066e-323,6.95226e-310,ÎØÈÁÊÀ
197,2.42092e-322,0,400,1006,4.94066e-323,6.95226e-310,ÎØÈÁÊÀ
198,2.42092e-322,0,400,1004,4.94066e-323,6.95226e-310,ÎØÈÁÊÀ
199,2.42092e-322,0,400,1004,4.94066e-323,6.95226e-310,ÎØÈÁÊÀ
200,2.42092e-322,0,400,1004,4.94066e-323,6.95226e-310,ÎØÈÁÊÀ
201,2.42092e-322,0,400,1004,4.94066e-323,6.95226e-310,ÎØÈÁÊÀ
202,2.42092e-322,0,400,1004,4.94066e-323,6.95226e-310,ÎØÈÁÊÀ
203,2.42092e-322,0,400,1124,4.94066e-323,6.95226e-310,ÎØÈÁÊÀ
204,2.42092e-322,0,400,1124,4.94066e-323,6.95226e-310,ÎØÈÁÊÀ
205,2.42092e-322,0,400,1124,4.94066e-323,6.95226e-310,ÎØÈÁÊÀ
206,2.42092e-322,0,400,1124,4.94066e-323,6.95226e-310,ÎØÈÁÊÀ
207,2.42092e-322,0,400,1124,4.94066e-323,6.95226e-310,ÎØÈÁÊÀ
208,2.42092e-322,0,400,1324,4.94066e-323,6.95226e-310,ÎØÈÁÊÀ
209,2.42092e-322,0,400,1324,4.94066e-323,6.95226e-310,ÎØÈÁÊÀ
210,2.42092e-322,0,400,1324,4.94066e-323,6.95226e-310,ÎØÈÁÊÀ
211,2.42092e-322,0,400,1324,4.94066e-323,6.95226e-310,ÎØÈÁÊÀ
212,2.42092e-322,0,400,1324,4.94066e-323,6.95226e-310,ÎØÈÁÊÀ
213,2.42092e-322,0,500,1126,4.94066e-323,6.95226e-310,ÎØÈÁÊÀ
214,2.42092e-322,0,500,1126,4.94066e-323,6.95226e-310,ÎØÈÁÊÀ
215,2.42092e-322,0,500,1126,4.94066e-323,6.95226e-310,ÎØÈÁÊÀ
216,2.42092e-322,0,500,1126,4.94066e-323,6.95226e-310,ÎØÈÁÊÀ
217,2.42092e-322,0,500,1126,4.94066e-323,6.95226e-310,ÎØÈÁÊÀ
218,2.42092e-322,0,500,1326,4.94066e-323,6.95226e-310,ÎØÈÁÊÀ
219,2.42092e-322,0,500,1326,4.94066e-323,6.95226e-310,ÎØÈÁÊÀ
220,2.42092e-322,0,500,1326,4.94066e-323,6.95226e-310,ÎØÈÁÊÀ
221,2.42092e-322,0,500,1326,4.94066e-323,6.95226e-310,ÎØÈÁÊÀ
222,2.42092e-322,0,500,1326,4.94066e-323,6.95226e-310,ÎØÈÁÊÀ
223,2.42092e-322,0,500,1326,4.94066e-323,6.95226e-310,ÎØÈÁÊÀ
224,2.42092e-322,0,500,1326,4.94066e-323,6.95226e-310,ÎØÈÁÊÀ
225,2.42092e-322,0,500,1326,4.94066e-323,6.95226e-310,ÎØÈÁÊÀ
226,2.42092e-322,0,500,1326,4.94066e-323,6.95226e-310,ÎØÈÁÊÀ
227,2.42092e-322,0,500,1326,4.94066e-323,6.95226e-310,ÎØÈÁÊÀ
228,2.42092e-322,0,500,1324,4.94066e-323,6.95226e-310,ÎØÈÁÊÀ
229,2.42092e-322,0,500,1324,4.94066e-323,6.95226e-310,ÎØÈÁÊÀ
230,2.42092e-322,0,500,1324,4.94066e-323,6.95226e-310,ÎØÈÁÊÀ
231,2.42092e-322,0,500,1324,4.94066e-323,6.95226e-310,ÎØÈÁÊÀ
232,2.42092e-322,0,500,1324,4.94066e-323,6.95226e-310,ÎØÈÁÊÀ
233,2.42092e-322,0,500,1604,4.94066e-323,6.95226e-310,ÎØÈÁÊÀ
234,2.42092e-322,0,500,1604,4.94066e-323,6.95226e-310,ÎØÈÁÊÀ
235,2.42092e-322,0,500,1604,4.94066e-323,6.95226e-310,ÎØÈÁÊÀ
236,2.42092e-322,0,500,1604,4.94066e-323,6.95226e-310,ÎØÈÁÊÀ
237,2.42092e-322,0,500,1604,4.94066e-323,6.95226e-310,ÎØÈÁÊÀ
238,2.42092e-322,0,500,1604,4.94066e-323,6.95226e-310,ÎØÈÁÊÀ
239,2.42092e-322,0,500,1604,4.94066e-323,6.95226e-310,ÎØÈÁÊÀ
240,2.42092e-322,0,500,1604,4.94066e-323,6.95226e-310,ÎØÈÁÊÀ
241,2.42092e-322,0,500,1604,4.94066e-323,6.95226e-310,ÎØÈÁÊÀ
242,2.42092e-322,0,500,1604,4.94066e-323,6.95226e-310,ÎØÈÁÊÀ
243,2.42092e-322,0,500,1804,4.94066e-323,6.95226e-310,ÎØÈÁÊÀ
244,2.42092e-322,0,500,1804,4.94066e-323,6.95226e-310,ÎØÈÁÊÀ
245,2.42092e-322,0,500,1804,4.94066e-323,6.95226e-310,ÎØÈÁÊÀ
246,2.42092e-322,0,500,1804,4.94066e-323,6.95226e-310,ÎØÈÁÊÀ
247,2.42092e-322,0,500,1804,4.94066e-323,6.95226e-310,ÎØÈÁÊÀ
248,2.42092e-322,0,500,1804,4.94066e-323,6.95226e-310,ÎØÈÁÊÀ
249,2.42092e-322,0,500,1804,4.94066e-323,6.95226e-310,ÎØÈÁÊÀ
250,2.42092e-322,0,500,1804,4.94066e-323,6.95226e-310,ÎØÈÁÊÀ
251,2.42092e-322,0,500,1804,4.94066e-323,6.95226e-310,ÎØÈÁÊÀ
252,2.42092e-322,0,500,1804,4.94066e-323,6.95226e-310,ÎØÈÁÊÀ
253,2.42092e-322,0,630,1328,4.94066e-323,6.95226e-310,ÎØÈÁÊÀ
254,2.42092e-322,0,630,1328,4.94066e-323,6.95226e-310,ÎØÈÁÊÀ
255,2.42092e-322,0,630,1328,4.94066e-323,6.95226e-310,ÎØÈÁÊÀ
256,2.42092e-322,0,630,1328,4.94066e-323,6.95226e-310,ÎØÈÁÊÀ
257,2.42092e-322,0,630,1328,4.94066e-323,6.95226e-310,ÎØÈÁÊÀ
258,2.42092e-322,0,630,1608,4.94066e-323,6.95226e-310,ÎØÈÁÊÀ
259,2.42092e-322,0,630,1608,4.94066e-323,6.95226e-310,ÎØÈÁÊÀ
260,2.42092e-322,0,630,1608,4.94066e-323,6.95226e-310,ÎØÈÁÊÀ
261,2.42092e-322,0,630,1608,4.94066e-323,6.95226e-310,ÎØÈÁÊÀ
262,2.42092e-322,0,630,1608,4.94066e-323,6.95226e-310,ÎØÈÁÊÀ
263,2.42092e-322,0,630,1608,4.94066e-323,6.95226e-310,ÎØÈÁÊÀ
264,2.42092e-322,0,630,1608,4.94066e-323,6.95226e-310,ÎØÈÁÊÀ
265,2.42092e-322,0,630,1608,4.94066e-323,6.95226e-310,ÎØÈÁÊÀ
266,2.42092e-322,0,630,1608,4.94066e-323,6.95226e-310,ÎØÈÁÊÀ
267,2.42092e-322,0,630,1608,4.94066e-323,6.95226e-310,ÎØÈÁÊÀ
268,2.42092e-322,0,630,1606,4.94066e-323,6.95226e-310,ÎØÈÁÊÀ
269,2.42092e-322,0,630,1606,4.94066e-323,6.95226e-310,ÎØÈÁÊÀ
270,2.42092e-322,0,630,1606,4.94066e-323,6.95226e-310,ÎØÈÁÊÀ
271,2.42092e-322,0,630,1606,4.94066e-323,6.95226e-310,ÎØÈÁÊÀ
272,2.42092e-322,0,630,1606,4.94066e-323,6.95226e-310,ÎØÈÁÊÀ
273,2.42092e-322,0,630,1606,4.94066e-323,6.95226e-310,ÎØÈÁÊÀ
274,2.42092e-322,0,630,1606,4.94066e-323,6.95226e-310,ÎØÈÁÊÀ
275,2.42092e-322,0,630,1606,4.94066e-323,6.95226e-310,ÎØÈÁÊÀ
276,2.42092e-322,0,630,1606,4.94066e-323,6.95226e-310,ÎØÈÁÊÀ
277,2.42092e-322,0,630,1606,4.94066e-323,6.95226e-310,ÎØÈÁÊÀ
278,2.42092e-322,0,630,1806,4.94066e-323,6.95226e-310,ÎØÈÁÊÀ
279,2.42092e-322,0,630,1806,4.94066e-323,6.95226e-310,ÎØÈÁÊÀ
280,2.42092e-322,0,630,1806,4.94066e-323,6.95226e-310,ÎØÈÁÊÀ
281,2.42092e-322,0,630,1806,4.94066e-323,6.95226e-310,ÎØÈÁÊÀ
282,2.42092e-322,0,630,1806,4.94066e-323,6.95226e-310,ÎØÈÁÊÀ
283,2.42092e-322,0,630,2006,4.94066e-323,6.95226e-310,ÎØÈÁÊÀ
284,2.42092e-322,0,630,2006,4.94066e-323,6.95226e-310,ÎØÈÁÊÀ
285,2.42092e-322,0,630,2006,4.94066e-323,6.95226e-310,ÎØÈÁÊÀ
286,2.42092e-322,0,630,2006,4.94066e-323,6.95226e-310,ÎØÈÁÊÀ
287,2.42092e-322,0,630,2006,4.94066e-323,6.95226e-310,ÎØÈÁÊÀ
288,2.42092e-322,0,800,1808,4.94066e-323,6.95226e-310,ÎØÈÁÊÀ
289,2.42092e-322,0,800,1808,4.94066e-323,6.95226e-310,ÎØÈÁÊÀ
290,2.42092e-322,0,800,1808,4.94066e-323,6.95226e-310,ÎØÈÁÊÀ
291,2.42092e-322,0,800,1808,4.94066e-323,6.95226e-310,ÎØÈÁÊÀ
292,2.42092e-322,0,800,1808,4.94066e-323,6.95226e-310,ÎØÈÁÊÀ
293,2.42092e-322,0,800,2008,4.94066e-323,6.95226e-310,ÎØÈÁÊÀ
294,2.42092e-322,0,800,2008,4.94066e-323,6.95226e-310,ÎØÈÁÊÀ
295,2.42092e-322,0,800,2008,4.94066e-323,6.95226e-310,ÎØÈÁÊÀ
296,2.42092e-322,0,800,2008,4.94066e-323,6.95226e-310,ÎØÈÁÊÀ
297,2.42092e-322,0,800,2008,4.94066e-323,6.95226e-310,ÎØÈÁÊÀ
298,2.42092e-322,0,800,2008,4.94066e-323,6.95226e-310,ÎØÈÁÊÀ
299,2.42092e-322,0,800,2008,4.94066e-323,6.95226e-310,ÎØÈÁÊÀ
300,2.42092e-322,0,800,2008,4.94066e-323,6.95226e-310,ÎØÈÁÊÀ
301,2.42092e-322,0,800,2008,4.94066e-323,6.95226e-310,ÎØÈÁÊÀ
302,2.42092e-322,0,800,2008,4.94066e-323,6.95226e-310,ÎØÈÁÊÀ
303,2.42092e-322,0,800,2258,4.94066e-323,6.95226e-310,ÎØÈÁÊÀ
304,2.42092e-322,0,800,2258,4.94066e-323,6.95226e-310,ÎØÈÁÊÀ
305,2.42092e-322,0,800,2258,4.94066e-323,6.95226e-310,ÎØÈÁÊÀ
306,2.42092e-322,0,800,2258,4.94066e-323,6.95226e-310,ÎØÈÁÊÀ
307,2.42092e-322,0,800,2258,4.94066e-323,6.95226e-310,ÎØÈÁÊÀ
308,2.42092e-322,0,800,2256,4.94066e-323,6.95226e-310,ÎØÈÁÊÀ
309,2.42092e-322,0,800,2256,4.94066e-323,6.95226e-310,ÎØÈÁÊÀ
310,2.42092e-322,0,800,2256,4.94066e-323,6.95226e-310,ÎØÈÁÊÀ
311,2.42092e-322,0,800,2256,4.94066e-323,6.95226e-310,ÎØÈÁÊÀ
312,2.42092e-322,0,800,2256,4.94066e-323,6.95226e-310,ÎØÈÁÊÀ
313,2.42092e-322,0,800,2506,4.94066e-323,6.95226e-310,ÎØÈÁÊÀ
314,2.42092e-322,0,800,2506,4.94066e-323,6.95226e-310,ÎØÈÁÊÀ
315,2.42092e-322,0,800,2506,4.94066e-323,6.95226e-310,ÎØÈÁÊÀ
316,2.42092e-322,0,800,2506,4.94066e-323,6.95226e-310,ÎØÈÁÊÀ
317,2.42092e-322,0,800,2506,4.94066e-323,6.95226e-310,ÎØÈÁÊÀ
318,2.42092e-322,0,250,564,4.94066e-323,6.95226e-310,ÎØÈÁÊÀ
319,2.42092e-322,0,250,564,4.94066e-323,6.95226e-310,ÎØÈÁÊÀ
320,2.42092e-322,0,250,564,4.94066e-323,6.95226e-310,ÎØÈÁÊÀ
321,2.42092e-322,0,250,564,4.94066e-323,6.95226e-310,ÎØÈÁÊÀ
322,2.42092e-322,0,250,564,4.94066e-323,6.95226e-310,ÎØÈÁÊÀ
323,2.42092e-322,0,250,634,4.94066e-323,6.95226e-310,ÎØÈÁÊÀ
324,2.42092e-322,0,250,634,4.94066e-323,6.95226e-310,ÎØÈÁÊÀ
325,2.42092e-322,0,250,634,4.94066e-323,6.95226e-310,ÎØÈÁÊÀ
326,2.42092e-322,0,250,634,4.94066e-323,6.95226e-310,ÎØÈÁÊÀ
327,2.42092e-322,0,250,634,4.94066e-323,6.95226e-310,ÎØÈÁÊÀ
328,2.42092e-322,0,250,632,4.94066e-323,6.95226e-310,ÎØÈÁÊÀ
329,2.42092e-322,0,250,632,4.94066e-323,6.95226e-310,ÎØÈÁÊÀ
330,2.42092e-322,0,250,632,4.94066e-323,6.95226e-310,ÎØÈÁÊÀ
331,2.42092e-322,0,250,632,4.94066e-323,6.95226e-310,ÎØÈÁÊÀ
332,2.42092e-322,0,250,632,4.94066e-323,6.95226e-310,ÎØÈÁÊÀ
333,2.42092e-322,0,250,632,4.94066e-323,6.95226e-310,ÎØÈÁÊÀ
334,2.42092e-322,0,250,632,4.94066e-323,6.95226e-310,ÎØÈÁÊÀ
335,2.42092e-322,0,250,632,4.94066e-323,6.95226e-310,ÎØÈÁÊÀ
336,2.42092e-322,0,250,632,4.94066e-323,6.95226e-310,ÎØÈÁÊÀ
337,2.42092e-322,0,250,632,4.94066e-323,6.95226e-310,ÎØÈÁÊÀ
338,2.42092e-322,0,250,712,4.94066e-323,6.95226e-310,ÎØÈÁÊÀ
339,2.42092e-322,0,250,712,4.94066e-323,6.95226e-310,ÎØÈÁÊÀ
340,2.42092e-322,0,250,712,4.94066e-323,6.95226e-310,ÎØÈÁÊÀ
341,2.42092e-322,0,250,712,4.94066e-323,6.95226e-310,ÎØÈÁÊÀ
342,2.42092e-322,0,250,712,4.94066e-323,6.95226e-310,ÎØÈÁÊÀ
343,2.42092e-322,0,315,564,4.94066e-323,6.95226e-310,ÎØÈÁÊÀ
344,2.42092e-322,0,315,564,4.94066e-323,6.95226e-310,ÎØÈÁÊÀ
345,2.42092e-322,0,315,564,4.94066e-323,6.95226e-310,ÎØÈÁÊÀ
346,2.42092e-322,0,315,564,4.94066e-323,6.95226e-310,ÎØÈÁÊÀ
347,2.42092e-322,0,315,564,4.94066e-323,6.95226e-310,ÎØÈÁÊÀ
348,2.42092e-322,0,315,564,4.94066e-323,6.95226e-310,ÎØÈÁÊÀ
349,2.42092e-322,0,315,564,4.94066e-323,6.95226e-310,ÎØÈÁÊÀ
350,2.42092e-322,0,315,564,4.94066e-323,6.95226e-310,ÎØÈÁÊÀ
351,2.42092e-322,0,315,564,4.94066e-323,6.95226e-310,ÎØÈÁÊÀ
352,2.42092e-322,0,315,564,4.94066e-323,6.95226e-310,ÎØÈÁÊÀ
353,2.42092e-322,0,315,634,4.94066e-323,6.95226e-310,ÎØÈÁÊÀ
354,2.42092e-322,0,315,634,4.94066e-323,6.95226e-310,ÎØÈÁÊÀ
355,2.42092e-322,0,315,634,4.94066e-323,6.95226e-310,ÎØÈÁÊÀ
356,2.42092e-322,0,315,634,4.94066e-323,6.95226e-310,ÎØÈÁÊÀ
357,2.42092e-322,0,315,634,4.94066e-323,6.95226e-310,ÎØÈÁÊÀ
358,2.42092e-322,0,315,634,4.94066e-323,6.95226e-310,ÎØÈÁÊÀ
359,2.42092e-322,0,315,634,4.94066e-323,6.95226e-310,ÎØÈÁÊÀ
360,2.42092e-322,0,315,634,4.94066e-323,6.95226e-310,ÎØÈÁÊÀ
361,2.42092e-322,0,315,634,4.94066e-323,6.95226e-310,ÎØÈÁÊÀ
362,2.42092e-322,0,315,634,4.94066e-323,6.95226e-310,ÎØÈÁÊÀ
363,2.42092e-322,0,315,712,4.94066e-323,6.95226e-310,ÎØÈÁÊÀ
364,2.42092e-322,0,315,712,4.94066e-323,6.95226e-310,ÎØÈÁÊÀ
365,2.42092e-322,0,315,712,4.94066e-323,6.95226e-310,ÎØÈÁÊÀ
366,2.42092e-322,0,315,712,4.94066e-323,6.95226e-310,ÎØÈÁÊÀ
367,2.42092e-322,0,315,712,4.94066e-323,6.95226e-310,ÎØÈÁÊÀ
368,2.42092e-322,0,315,5802,4.94066e-323,6.95226e-310,ÎØÈÁÊÀ
369,2.42092e-322,0,315,5802,4.94066e-323,6.95226e-310,ÎØÈÁÊÀ
370,2.42092e-322,0,315,5802,4.94066e-323,6.95226e-310,ÎØÈÁÊÀ
371,2.42092e-322,0,315,5802,4.94066e-323,6.95226e-310,ÎØÈÁÊÀ
372,2.42092e-322,0,315,5802,4.94066e-323,6.95226e-310,ÎØÈÁÊÀ
373,2.42092e-322,0,315,5802,4.94066e-323,6.95226e-310,ÎØÈÁÊÀ
374,2.42092e-322,0,315,5802,4.94066e-323,6.95226e-310,ÎØÈÁÊÀ
375,2.42092e-322,0,315,5802,4.94066e-323,6.95226e-310,ÎØÈÁÊÀ
376,2.42092e-322,0,315,5802,4.94066e-323,6.95226e-310,ÎØÈÁÊÀ
377,2.42092e-322,0,315,5802,4.94066e-323,6.95226e-310,ÎØÈÁÊÀ
378,2.42092e-322,0,400,636,4.94066e-323,6.95226e-310,ÎØÈÁÊÀ
379,2.42092e-322,0,400,636,4.94066e-323,6.95226e-310,ÎØÈÁÊÀ
380,2.42092e-322,0,400,636,4.94066e-323,6.95226e-310,ÎØÈÁÊÀ
381,2.42092e-322,0,400,636,4.94066e-323,6.95226e-310,ÎØÈÁÊÀ
382,2.42092e-322,0,400,636,4.94066e-323,6.95226e-310,ÎØÈÁÊÀ
383,2.42092e-322,0,400,636,4.94066e-323,6.95226e-310,ÎØÈÁÊÀ
384,2.42092e-322,0,400,636,4.94066e-323,6.95226e-310,ÎØÈÁÊÀ
385,2.42092e-322,0,400,636,4.94066e-323,6.95226e-310,ÎØÈÁÊÀ
386,2.42092e-322,0,400,636,4.94066e-323,6.95226e-310,ÎØÈÁÊÀ
387,2.42092e-322,0,400,636,4.94066e-323,6.95226e-310,ÎØÈÁÊÀ
388,2.42092e-322,0,400,716,4.94066e-323,6.95226e-310,ÎØÈÁÊÀ
389,2.42092e-322,0,400,716,4.94066e-323,6.95226e-310,ÎØÈÁÊÀ
390,2.42092e-322,0,400,716,4.94066e-323,6.95226e-310,ÎØÈÁÊÀ
391,2.42092e-322,0,400,716,4.94066e-323,6.95226e-310,ÎØÈÁÊÀ
392,2.42092e-322,0,400,716,4.94066e-323,6.95226e-310,ÎØÈÁÊÀ
393,2.42092e-322,0,400,714,4.94066e-323,6.95226e-310,ÎØÈÁÊÀ
394,2.42092e-322,0,400,714,4.94066e-323,6.95226e-310,ÎØÈÁÊÀ
395,2.42092e-322,0,400,714,4.94066e-323,6.95226e-310,ÎØÈÁÊÀ
396,2.42092e-322,0,400,714,4.94066e-323,6.95226e-310,ÎØÈÁÊÀ
397,2.42092e-322,0,400,714,4.94066e-323,6.95226e-310,ÎØÈÁÊÀ
398,2.42092e-322,0,400,714,4.94066e-323,6.95226e-310,ÎØÈÁÊÀ
399,2.42092e-322,0,400,714,4.94066e-323,6.95226e-310,ÎØÈÁÊÀ
400,2.42092e-322,0,400,714,4.94066e-323,6.95226e-310,ÎØÈÁÊÀ
401,2.42092e-322,0,400,714,4.94066e-323,6.95226e-310,ÎØÈÁÊÀ
402,2.42092e-322,0,400,714,4.94066e-323,6.95226e-310,ÎØÈÁÊÀ
403,2.42092e-322,0,400,804,4.94066e-323,6.95226e-310,ÎØÈÁÊÀ
404,2.42092e-322,0,400,804,4.94066e-323,6.95226e-310,ÎØÈÁÊÀ
405,2.42092e-322,0,400,804,4.94066e-323,6.95226e-310,ÎØÈÁÊÀ
406,2.42092e-322,0,400,804,4.94066e-323,6.95226e-310,ÎØÈÁÊÀ
407,2.42092e-322,0,400,804,4.94066e-323,6.95226e-310,ÎØÈÁÊÀ
408,2.42092e-322,0,400,1002,4.94066e-323,6.95226e-310,ÎØÈÁÊÀ
409,2.42092e-322,0,400,1002,4.94066e-323,6.95226e-310,ÎØÈÁÊÀ
410,2.42092e-322,0,400,1002,4.94066e-323,6.95226e-310,ÎØÈÁÊÀ
411,2.42092e-322,0,400,1002,4.94066e-323,6.95226e-310,ÎØÈÁÊÀ
412,2.42092e-322,0,400,1002,4.94066e-323,6.95226e-310,ÎØÈÁÊÀ
413,2.42092e-322,0,400,1002,4.94066e-323,6.95226e-310,ÎØÈÁÊÀ
414,2.42092e-322,0,400,1002,4.94066e-323,6.95226e-310,ÎØÈÁÊÀ
415,2.42092e-322,0,400,1002,4.94066e-323,6.95226e-310,ÎØÈÁÊÀ
416,2.42092e-322,0,400,1002,4.94066e-323,6.95226e-310,ÎØÈÁÊÀ
417,2.42092e-322,0,400,1002,4.94066e-323,6.95226e-310,ÎØÈÁÊÀ
418,2.42092e-322,0,400,1122,4.94066e-323,6.95226e-310,ÎØÈÁÊÀ
419,2.42092e-322,0,400,1122,4.94066e-323,6.95226e-310,ÎØÈÁÊÀ
420,2.42092e-322,0,400,1122,4.94066e-323,6.95226e-310,ÎØÈÁÊÀ
421,2.42092e-322,0,400,1122,4.94066e-323,6.95226e-310,ÎØÈÁÊÀ
422,2.42092e-322,0,400,1122,4.94066e-323,6.95226e-310,ÎØÈÁÊÀ
423,2.42092e-322,0,500,716,4.94066e-323,6.95226e-310,ÎØÈÁÊÀ
424,2.42092e-322,0,500,716,4.94066e-323,6.95226e-310,ÎØÈÁÊÀ
425,2.42092e-322,0,500,716,4.94066e-323,6.95226e-310,ÎØÈÁÊÀ
426,2.42092e-322,0,500,716,4.94066e-323,6.95226e-310,ÎØÈÁÊÀ
427,2.42092e-322,0,500,716,4.94066e-323,6.95226e-310,ÎØÈÁÊÀ
428,2.42092e-322,0,500,806,4.94066e-323,6.95226e-310,ÎØÈÁÊÀ
429,2.42092e-322,0,500,806,4.94066e-323,6.95226e-310,ÎØÈÁÊÀ
430,2.42092e-322,0,500,806,4.94066e-323,6.95226e-310,ÎØÈÁÊÀ
431,2.42092e-322,0,500,806,4.94066e-323,6.95226e-310,ÎØÈÁÊÀ
432,2.42092e-322,0,500,806,4.94066e-323,6.95226e-310,ÎØÈÁÊÀ
433,2.42092e-322,0,500,806,4.94066e-323,6.95226e-310,ÎØÈÁÊÀ
434,2.42092e-322,0,500,806,4.94066e-323,6.95226e-310,ÎØÈÁÊÀ
435,2.42092e-322,0,500,806,4.94066e-323,6.95226e-310,ÎØÈÁÊÀ
436,2.42092e-322,0,500,806,4.94066e-323,6.95226e-310,ÎØÈÁÊÀ
437,2.42092e-322,0,500,806,4.94066e-323,6.95226e-310,ÎØÈÁÊÀ
438,2.42092e-322,0,500,804,4.94066e-323,6.95226e-310,ÎØÈÁÊÀ
439,2.42092e-322,0,500,804,4.94066e-323,6.95226e-310,ÎØÈÁÊÀ
440,2.42092e-322,0,500,804,4.94066e-323,6.95226e-310,ÎØÈÁÊÀ
441,2.42092e-322,0,500,804,4.94066e-323,6.95226e-310,ÎØÈÁÊÀ
442,2.42092e-322,0,500,804,4.94066e-323,6.95226e-310,ÎØÈÁÊÀ
443,2.42092e-322,0,500,904,4.94066e-323,6.95226e-310,ÎØÈÁÊÀ
444,2.42092e-322,0,500,904,4.94066e-323,6.95226e-310,ÎØÈÁÊÀ
445,2.42092e-322,0,500,904,4.94066e-323,6.95226e-310,ÎØÈÁÊÀ
446,2.42092e-322,0,500,904,4.94066e-323,6.95226e-310,ÎØÈÁÊÀ
447,2.42092e-322,0,500,904,4.94066e-323,6.95226e-310,ÎØÈÁÊÀ
448,2.42092e-322,0,500,1004,4.94066e-323,6.95226e-310,ÎØÈÁÊÀ
449,2.42092e-322,0,500,1004,4.94066e-323,6.95226e-310,ÎØÈÁÊÀ
450,2.42092e-322,0,500,1004,4.94066e-323,6.95226e-310,ÎØÈÁÊÀ
451,2.42092e-322,0,500,1004,4.94066e-323,6.95226e-310,ÎØÈÁÊÀ
452,2.42092e-322,0,500,1004,4.94066e-323,6.95226e-310,ÎØÈÁÊÀ
453,2.42092e-322,0,1000,1326,4.94066e-323,6.95226e-310,ÎØÈÁÊÀ
454,2.42092e-322,0,1000,1326,4.94066e-323,6.95226e-310,ÎØÈÁÊÀ
455,2.42092e-322,0,1000,1326,4.94066e-323,6.95226e-310,ÎØÈÁÊÀ
456,2.42092e-322,0,1000,1326,4.94066e-323,6.95226e-310,ÎØÈÁÊÀ
457,2.42092e-322,0,1000,1326,4.94066e-323,6.95226e-310,ÎØÈÁÊÀ
458,2.42092e-322,0,1000,1326,4.94066e-323,6.95226e-310,ÎØÈÁÊÀ
459,2.42092e-322,0,1000,1326,4.94066e-323,6.95226e-310,ÎØÈÁÊÀ
460,2.42092e-322,0,1000,1326,4.94066e-323,6.95226e-310,ÎØÈÁÊÀ
461,2.42092e-322,0,1000,1326,4.94066e-323,6.95226e-310,ÎØÈÁÊÀ
462,2.42092e-322,0,1000,1326,4.94066e-323,6.95226e-310,ÎØÈÁÊÀ
463,2.42092e-322,0,1000,1606,4.94066e-323,6.95226e-310,ÎØÈÁÊÀ
464,2.42092e-322,0,1000,1606,4.94066e-323,6.95226e-310,ÎØÈÁÊÀ
465,2.42092e-322,0,1000,1606,4.94066e-323,6.95226e-310,ÎØÈÁÊÀ
466,2.42092e-322,0,1000,1606,4.94066e-323,6.95226e-310,ÎØÈÁÊÀ
467,2.42092e-322,0,1000,1606,4.94066e-323,6.95226e-310,ÎØÈÁÊÀ
468,2.42092e-322,0,1000,1606,4.94066e-323,6.95226e-310,ÎØÈÁÊÀ
469,2.42092e-322,0,1000,1606,4.94066e-323,6.95226e-310,ÎØÈÁÊÀ
470,2.42092e-322,0,1000,1606,4.94066e-323,6.95226e-310,ÎØÈÁÊÀ
471,2.42092e-322,0,1000,1606,4.94066e-323,6.95226e-310,ÎØÈÁÊÀ
472,2.42092e-322,0,1000,1606,4.94066e-323,6.95226e-310,ÎØÈÁÊÀ
473,2.42092e-322,0,1250,1606,4.94066e-323,6.95226e-310,ÎØÈÁÊÀ
474,2.42092e-322,0,1250,1606,4.94066e-323,6.95226e-310,ÎØÈÁÊÀ
475,2.42092e-322,0,1250,1606,4.94066e-323,6.95226e-310,ÎØÈÁÊÀ
476,2.42092e-322,0,1250,1606,4.94066e-323,6.95226e-310,ÎØÈÁÊÀ
477,2.42092e-322,0,1250,1606,4.94066e-323,6.95226e-310,ÎØÈÁÊÀ
478,2.42092e-322,0,1250,1606,4.94066e-323,6.95226e-310,ÎØÈÁÊÀ
479,2.42092e-322,0,1250,1606,4.94066e-323,6.95226e-310,ÎØÈÁÊÀ
480,2.42092e-322,0,1250,1606,4.94066e-323,6.95226e-310,ÎØÈÁÊÀ
481,2.42092e-322,0,1250,1606,4.94066e-323,6.95226e-310,ÎØÈÁÊÀ
482,2.42092e-322,0,1250,1606,4.94066e-323,6.95226e-310,ÎØÈÁÊÀ
483,2.42092e-322,0,1250,1806,4.94066e-323,6.95226e-310,ÎØÈÁÊÀ
484,2.42092e-322,0,1250,1806,4.94066e-323,6.95226e-310,ÎØÈÁÊÀ
485,2.42092e-322,0,1250,1806,4.94066e-323,6.95226e-310,ÎØÈÁÊÀ
486,2.42092e-322,0,1250,1806,4.94066e-323,6.95226e-310,ÎØÈÁÊÀ
487,2.42092e-322,0,1250,1806,4.94066e-323,6.95226e-310,ÎØÈÁÊÀ
488,2.42092e-322,0,1250,2006,4.94066e-323,6.95226e-310,ÎØÈÁÊÀ
489,2.42092e-322,0,1250,2006,4.94066e-323,6.95226e-310,ÎØÈÁÊÀ
490,2.42092e-322,0,1250,2006,4.94066e-323,6.95226e-310,ÎØÈÁÊÀ
491,2.42092e-322,0,1250,2006,4.94066e-323,6.95226e-310,ÎØÈÁÊÀ
492,2.42092e-322,0,1250,2006,4.94066e-323,6.95226e-310,ÎØÈÁÊÀ
493,2.42092e-322,0,1250,2006,4.94066e-323,6.95226e-310,ÎØÈÁÊÀ
494,2.42092e-322,0,1250,2006,4.94066e-323,6.95226e-310,ÎØÈÁÊÀ
495,2.42092e-322,0,1250,2006,4.94066e-323,6.95226e-310,ÎØÈÁÊÀ
496,2.42092e-322,0,1250,2006,4.94066e-323,6.95226e-310,ÎØÈÁÊÀ
497,2.42092e-322,0,1250,2006,4.94066e-323,6.95226e-310,ÎØÈÁÊÀ
498,2.42092e-322,0,1600,51608,4.94066e-323,6.95226e-310,ÎØÈÁÊÀ
499,2.42092e-322,0,1600,51608,4.94066e-323,6.95226e-310,ÎØÈÁÊÀ
500,2.42092e-322,0,1600,51608,4.94066e-323,6.95226e-310,ÎØÈÁÊÀ
501,2.42092e-322,0,1600,51608,4.94066e-323,6.95226e-310,ÎØÈÁÊÀ
502,2.42092e-322,0,1600,51608,4.94066e-323,6.95226e-310,ÎØÈÁÊÀ
503,2.42092e-322,0,1600,1808,4.94066e-323,6.95226e-310,ÎØÈÁÊÀ
504,2.42092e-322,0,1600,1808,4.94066e-323,6.95226e-310,ÎØÈÁÊÀ
505,2.42092e-322,0,1600,1808,4.94066e-323,6.95226e-310,ÎØÈÁÊÀ
506,2.42092e-322,0,1600,1808,4.94066e-323,6.95226e-310,ÎØÈÁÊÀ
507,2.42092e-322,0,1600,1808,4.94066e-323,6.95226e-310,ÎØÈÁÊÀ
508,2.42092e-322,0,1600,52008,4.94066e-323,6.95226e-310,ÎØÈÁÊÀ
509,2.42092e-322,0,1600,52008,4.94066e-323,6.95226e-310,ÎØÈÁÊÀ
510,2.42092e-322,0,1600,52008,4.94066e-323,6.95226e-310,ÎØÈÁÊÀ
511,2.42092e-322,0,1600,52008,4.94066e-323,6.95226e-310,ÎØÈÁÊÀ
512,2.42092e-322,0,1600,52008,4.94066e-323,6.95226e-310,ÎØÈÁÊÀ
513,2.42092e-322,0,1600,52008,4.94066e-323,6.95226e-310,ÎØÈÁÊÀ
514,2.42092e-322,0,1600,52008,4.94066e-323,6.95226e-310,ÎØÈÁÊÀ
515,2.42092e-322,0,1600,52008,4.94066e-323,6.95226e-310,ÎØÈÁÊÀ
516,2.42092e-322,0,1600,52008,4.94066e-323,6.95226e-310,ÎØÈÁÊÀ
517,2.42092e-322,0,1600,52008,4.94066e-323,6.95226e-310,ÎØÈÁÊÀ
518,2.42092e-322,0,1600,52006,4.94066e-323,6.95226e-310,ÎØÈÁÊÀ
519,2.42092e-322,0,1600,52006,4.94066e-323,6.95226e-310,ÎØÈÁÊÀ
520,2.42092e-322,0,1600,52006,4.94066e-323,6.95226e-310,ÎØÈÁÊÀ
521,2.42092e-322,0,1600,52006,4.94066e-323,6.95226e-310,ÎØÈÁÊÀ
522,2.42092e-322,0,1600,52006,4.94066e-323,6.95226e-310,ÎØÈÁÊÀ
523,2.42092e-322,0,1600,52506,4.94066e-323,6.95226e-310,ÎØÈÁÊÀ
524,2.42092e-322,0,1600,52506,4.94066e-323,6.95226e-310,ÎØÈÁÊÀ
525,2.42092e-322,0,1600,52506,4.94066e-323,6.95226e-310,ÎØÈÁÊÀ
526,2.42092e-322,0,1600,52506,4.94066e-323,6.95226e-310,ÎØÈÁÊÀ
527,2.42092e-322,0,1600,52506,4.94066e-323,6.95226e-310,ÎØÈÁÊÀ
528,2.42092e-322,0,1600,52506,4.94066e-323,6.95226e-310,ÎØÈÁÊÀ
529,2.42092e-322,0,1600,52506,4.94066e-323,6.95226e-310,ÎØÈÁÊÀ
530,2.42092e-322,0,1600,52506,4.94066e-323,6.95226e-310,ÎØÈÁÊÀ
531,2.42092e-322,0,1600,52506,4.94066e-323,6.95226e-310,ÎØÈÁÊÀ
532,2.42092e-322,0,1600,52506,4.94066e-323,6.95226e-310,ÎØÈÁÊÀ
533,2.42092e-322,0,1600,52806,4.94066e-323,6.95226e-310,ÎØÈÁÊÀ
534,2.42092e-322,0,1600,52806,4.94066e-323,6.95226e-310,ÎØÈÁÊÀ
535,2.42092e-322,0,1600,52806,4.94066e-323,6.95226e-310,ÎØÈÁÊÀ
536,2.42092e-322,0,1600,52806,4.94066e-323,6.95226e-310,ÎØÈÁÊÀ
537,2.42092e-322,0,1600,52806,4.94066e-323,6.95226e-310,ÎØÈÁÊÀ
538,2.42092e-322,0,1600,52008,4.94066e-323,6.95226e-310,ÎØÈÁÊÀ
539,2.42092e-322,0,1600,52008,4.94066e-323,6.95226e-310,ÎØÈÁÊÀ
540,2.42092e-322,0,1600,52008,4.94066e-323,6.95226e-310,ÎØÈÁÊÀ
541,2.42092e-322,0,1600,52008,4.94066e-323,6.95226e-310,ÎØÈÁÊÀ
542,2.42092e-322,0,1600,52008,4.94066e-323,6.95226e-310,ÎØÈÁÊÀ
543,2.42092e-322,0,1600,52008,4.94066e-323,6.95226e-310,ÎØÈÁÊÀ
544,2.42092e-322,0,1600,52008,4.94066e-323,6.95226e-310,ÎØÈÁÊÀ
545,2.42092e-322,0,1600,52008,4.94066e-323,6.95226e-310,ÎØÈÁÊÀ
546,2.42092e-322,0,1600,52006,4.94066e-323,6.95226e-310,ÎØÈÁÊÀ
547,2.42092e-322,0,1600,52006,4.94066e-323,6.95226e-310,ÎØÈÁÊÀ
548,2.42092e-322,0,1600,52006,4.94066e-323,6.95226e-310,ÎØÈÁÊÀ
549,2.42092e-322,0,1600,52006,4.94066e-323,6.95226e-310,ÎØÈÁÊÀ
550,2.42092e-322,0,1600,52506,4.94066e-323,6.95226e-310,ÎØÈÁÊÀ
551,2.42092e-322,0,1600,52506,4.94066e-323,6.95226e-310,ÎØÈÁÊÀ
552,2.42092e-322,0,1600,52506,4.94066e-323,6.95226e-310,ÎØÈÁÊÀ
553,2.42092e-322,0,1600,52506,4.94066e-323,6.95226e-310,ÎØÈÁÊÀ
554,2.42092e-322,0,1600,52506,4.94066e-323,6.95226e-310,ÎØÈÁÊÀ
555,2.42092e-322,0,1600,52506,4.94066e-323,6.95226e-310,ÎØÈÁÊÀ
556,2.42092e-322,0,1600,52506,4.94066e-323,6.95226e-310,ÎØÈÁÊÀ
557,2.42092e-322,0,1600,52506,4.94066e-323,6.95226e-310,ÎØÈÁÊÀ
558,2.42092e-322,0,2000,2506,4.94066e-323,6.95226e-310,ÎØÈÁÊÀ
559,2.42092e-322,0,2000,2506,4.94066e-323,6.95226e-310,ÎØÈÁÊÀ
560,2.42092e-322,0,2000,2506,4.94066e-323,6.95226e-310,ÎØÈÁÊÀ
561,2.42092e-322,0,2000,2506,4.94066e-323,6.95226e-310,ÎØÈÁÊÀ
562,2.42092e-322,0,2000,2506,4.94066e-323,6.95226e-310,ÎØÈÁÊÀ
563,2.42092e-322,0,2000,2506,4.94066e-323,6.95226e-310,ÎØÈÁÊÀ
564,2.42092e-322,0,2000,2506,4.94066e-323,6.95226e-310,ÎØÈÁÊÀ
565,2.42092e-322,0,2000,2506,4.94066e-323,6.95226e-310,ÎØÈÁÊÀ
566,2.42092e-322,0,2000,2806,4.94066e-323,6.95226e-310,ÎØÈÁÊÀ
567,2.42092e-322,0,2000,2806,4.94066e-323,6.95226e-310,ÎØÈÁÊÀ
568,2.42092e-322,0,2000,2806,4.94066e-323,6.95226e-310,ÎØÈÁÊÀ
569,2.42092e-322,0,2000,2806,4.94066e-323,6.95226e-310,ÎØÈÁÊÀ
570,2.42092e-322,0,400,804,4.94066e-323,6.95226e-310,ÎØÈÁÊÀ
571,2.42092e-322,0,400,804,4.94066e-323,6.95226e-310,ÎØÈÁÊÀ
572,2.42092e-322,0,400,804,4.94066e-323,6.95226e-310,ÎØÈÁÊÀ
573,2.42092e-322,0,400,804,4.94066e-323,6.95226e-310,ÎØÈÁÊÀ
574,2.42092e-322,0,400,804,4.94066e-323,6.95226e-310,ÎØÈÁÊÀ
575,2.42092e-322,0,500,904,4.94066e-323,6.95226e-310,ÎØÈÁÊÀ
576,2.42092e-322,0,500,904,4.94066e-323,6.95226e-310,ÎØÈÁÊÀ
577,2.42092e-322,0,500,904,4.94066e-323,6.95226e-310,ÎØÈÁÊÀ
578,2.42092e-322,0,500,904,4.94066e-323,6.95226e-310,ÎØÈÁÊÀ
579,2.42092e-322,0,500,904,4.94066e-323,6.95226e-310,ÎØÈÁÊÀ
580,2.42092e-322,0,500,1004,4.94066e-323,6.95226e-310,ÎØÈÁÊÀ
581,2.42092e-322,0,500,1004,4.94066e-323,6.95226e-310,ÎØÈÁÊÀ
582,2.42092e-322,0,500,1004,4.94066e-323,6.95226e-310,ÎØÈÁÊÀ
583,2.42092e-322,0,500,1004,4.94066e-323,6.95226e-310,ÎØÈÁÊÀ
584,2.42092e-322,0,500,1004,4.94066e-323,6.95226e-310,ÎØÈÁÊÀ
585,2.42092e-322,0,630,1124,4.94066e-323,6.95226e-310,ÎØÈÁÊÀ
586,2.42092e-322,0,630,1124,4.94066e-323,6.95226e-310,ÎØÈÁÊÀ
587,2.42092e-322,0,630,1124,4.94066e-323,6.95226e-310,ÎØÈÁÊÀ
588,2.42092e-322,0,630,1124,4.94066e-323,6.95226e-310,ÎØÈÁÊÀ
589,2.42092e-322,0,630,1124,4.94066e-323,6.95226e-310,ÎØÈÁÊÀ
590,2.42092e-322,0,630,1324,4.94066e-323,6.95226e-310,ÎØÈÁÊÀ
591,2.42092e-322,0,630,1324,4.94066e-323,6.95226e-310,ÎØÈÁÊÀ
592,2.42092e-322,0,630,1324,4.94066e-323,6.95226e-310,ÎØÈÁÊÀ
593,2.42092e-322,0,630,1324,4.94066e-323,6.95226e-310,ÎØÈÁÊÀ
594,2.42092e-322,0,630,1324,4.94066e-323,6.95226e-310,ÎØÈÁÊÀ
595,2.42092e-322,0,800,1604,4.94066e-323,6.95226e-310,ÎØÈÁÊÀ
596,2.42092e-322,0,800,1604,4.94066e-323,6.95226e-310,ÎØÈÁÊÀ
597,2.42092e-322,0,800,1604,4.94066e-323,6.95226e-310,ÎØÈÁÊÀ
598,2.42092e-322,0,800,1604,4.94066e-323,6.95226e-310,ÎØÈÁÊÀ
599,2.42092e-322,0,800,1604,4.94066e-323,6.95226e-310,ÎØÈÁÊÀ
600,2.42092e-322,0,800,1604,4.94066e-323,6.95226e-310,ÎØÈÁÊÀ
601,2.42092e-322,0,800,1604,4.94066e-323,6.95226e-310,ÎØÈÁÊÀ
602,2.42092e-322,0,800,1604,4.94066e-323,6.95226e-310,ÎØÈÁÊÀ
603,2.42092e-322,0,800,1604,4.94066e-323,6.95226e-310,ÎØÈÁÊÀ
604,2.42092e-322,0,800,1604,4.94066e-323,6.95226e-310,ÎØÈÁÊÀ
605,2.42092e-322,0,1000,1804,4.94066e-323,6.95226e-310,ÎØÈÁÊÀ
606,2.42092e-322,0,1000,1804,4.94066e-323,6.95226e-310,ÎØÈÁÊÀ
607,2.42092e-322,0,1000,1804,4.94066e-323,6.95226e-310,ÎØÈÁÊÀ
608,2.42092e-322,0,1000,1804,4.94066e-323,6.95226e-310,ÎØÈÁÊÀ
609,2.42092e-322,0,1000,1804,4.94066e-323,6.95226e-310,ÎØÈÁÊÀ
610,2.42092e-322,0,1000,2004,4.94066e-323,6.95226e-310,ÎØÈÁÊÀ
611,2.42092e-322,0,1000,2004,4.94066e-323,6.95226e-310,ÎØÈÁÊÀ
612,2.42092e-322,0,1000,2004,4.94066e-323,6.95226e-310,ÎØÈÁÊÀ
613,2.42092e-322,0,1000,2004,4.94066e-323,6.95226e-310,ÎØÈÁÊÀ
614,2.42092e-322,0,1000,2004,4.94066e-323,6.95226e-310,ÎØÈÁÊÀ
615,2.42092e-322,0,1250,2004,4.94066e-323,6.95226e-310,ÎØÈÁÊÀ
616,2.42092e-322,0,1250,2004,4.94066e-323,6.95226e-310,ÎØÈÁÊÀ
617,2.42092e-322,0,1250,2004,4.94066e-323,6.95226e-310,ÎØÈÁÊÀ
618,2.42092e-322,0,1250,2004,4.94066e-323,6.95226e-310,ÎØÈÁÊÀ
619,2.42092e-322,0,1250,2004,4.94066e-323,6.95226e-310,ÎØÈÁÊÀ
620,2.42092e-322,0,1250,2254,4.94066e-323,6.95226e-310,ÎØÈÁÊÀ
621,2.42092e-322,0,1250,2254,4.94066e-323,6.95226e-310,ÎØÈÁÊÀ
622,2.42092e-322,0,1250,2254,4.94066e-323,6.95226e-310,ÎØÈÁÊÀ
623,2.42092e-322,0,1250,2254,4.94066e-323,6.95226e-310,ÎØÈÁÊÀ
624,2.42092e-322,0,1250,2254,4.94066e-323,6.95226e-310,ÎØÈÁÊÀ
625,2.42092e-322,0,300,634,4.94066e-323,6.95226e-310,ÎØÈÁÊÀ
626,2.42092e-322,0,300,634,4.94066e-323,6.95226e-310,ÎØÈÁÊÀ
627,2.42092e-322,0,300,634,4.94066e-323,6.95226e-310,ÎØÈÁÊÀ
628,2.42092e-322,0,300,634,4.94066e-323,6.95226e-310,ÎØÈÁÊÀ
629,2.42092e-322,0,315,714,4.94066e-323,6.95226e-310,ÎØÈÁÊÀ
630,2.42092e-322,0,315,714,4.94066e-323,6.95226e-310,ÎØÈÁÊÀ
631,2.42092e-322,0,315,714,4.94066e-323,6.95226e-310,ÎØÈÁÊÀ
632,2.42092e-322,0,315,714,4.94066e-323,6.95226e-310,ÎØÈÁÊÀ
633,2.42092e-322,0,400,804,4.94066e-323,6.95226e-310,ÎØÈÁÊÀ
634,2.42092e-322,0,400,804,4.94066e-323,6.95226e-310,ÎØÈÁÊÀ
635,2.42092e-322,0,400,804,4.94066e-323,6.95226e-310,ÎØÈÁÊÀ
636,2.42092e-322,0,400,804,4.94066e-323,6.95226e-310,ÎØÈÁÊÀ
637,2.42092e-322,0,500,904,4.94066e-323,6.95226e-310,ÎØÈÁÊÀ
638,2.42092e-322,0,500,904,4.94066e-323,6.95226e-310,ÎØÈÁÊÀ
639,2.42092e-322,0,500,904,4.94066e-323,6.95226e-310,ÎØÈÁÊÀ
640,2.42092e-322,0,500,904,4.94066e-323,6.95226e-310,ÎØÈÁÊÀ
641,2.42092e-322,0,630,1124,4.94066e-323,6.95226e-310,ÎØÈÁÊÀ
642,2.42092e-322,0,630,1124,4.94066e-323,6.95226e-310,ÎØÈÁÊÀ
643,2.42092e-322,0,630,1124,4.94066e-323,6.95226e-310,ÎØÈÁÊÀ
644,2.42092e-322,0,630,1124,4.94066e-323,6.95226e-310,ÎØÈÁÊÀ
645,2.42092e-322,0,800,1604,4.94066e-323,6.95226e-310,ÎØÈÁÊÀ
646,2.42092e-322,0,800,1604,4.94066e-323,6.95226e-310,ÎØÈÁÊÀ
647,2.42092e-322,0,800,1604,4.94066e-323,6.95226e-310,ÎØÈÁÊÀ
648,2.42092e-322,0,800,1604,4.94066e-323,6.95226e-310,ÎØÈÁÊÀ
649,2.42092e-322,0,300,634,4.94066e-323,6.95226e-310,ÎØÈÁÊÀ
650,2.42092e-322,0,300,634,4.94066e-323,6.95226e-310,ÎØÈÁÊÀ
651,2.42092e-322,0,300,634,4.94066e-323,6.95226e-310,ÎØÈÁÊÀ
652,2.42092e-322,0,300,634,4.94066e-323,6.95226e-310,ÎØÈÁÊÀ
653,2.42092e-322,0,315,714,4.94066e-323,6.95226e-310,ÎØÈÁÊÀ
654,2.42092e-322,0,315,714,4.94066e-323,6.95226e-310,ÎØÈÁÊÀ
655,2.42092e-322,0,315,714,4.94066e-323,6.95226e-310,ÎØÈÁÊÀ
656,2.42092e-322,0,315,714,4.94066e-323,6.95226e-310,ÎØÈÁÊÀ
657,2.42092e-322,0,400,804,4.94066e-323,6.95226e-310,ÎØÈÁÊÀ
658,2.42092e-322,0,400,804,4.94066e-323,6.95226e-310,ÎØÈÁÊÀ
659,2.42092e-322,0,400,804,4.94066e-323,6.95226e-310,ÎØÈÁÊÀ
660,2.42092e-322,0,400,804,4.94066e-323,6.95226e-310,ÎØÈÁÊÀ
661,2.42092e-322,0,500,1004,4.94066e-323,6.95226e-310,ÎØÈÁÊÀ
662,2.42092e-322,0,500,1004,4.94066e-323,6.95226e-310,ÎØÈÁÊÀ
663,2.42092e-322,0,500,1004,4.94066e-323,6.95226e-310,ÎØÈÁÊÀ
664,2.42092e-322,0,500,1004,4.94066e-323,6.95226e-310,ÎØÈÁÊÀ
665,2.42092e-322,0,630,1324,4.94066e-323,6.95226e-310,ÎØÈÁÊÀ
666,2.42092e-322,0,630,1324,4.94066e-323,6.95226e-310,ÎØÈÁÊÀ
667,2.42092e-322,0,630,1324,4.94066e-323,6.95226e-310,ÎØÈÁÊÀ
668,2.42092e-322,0,630,1324,4.94066e-323,6.95226e-310,ÎØÈÁÊÀ
669,2.42092e-322,0,800,1604,4.94066e-323,6.95226e-310,ÎØÈÁÊÀ
670,2.42092e-322,0,800,1604,4.94066e-323,6.95226e-310,ÎØÈÁÊÀ
671,2.42092e-322,0,800,1604,4.94066e-323,6.95226e-310,ÎØÈÁÊÀ
672,2.42092e-322,0,800,1604,4.94066e-323,6.95226e-310,ÎØÈÁÊÀ
673,2.42092e-322,0,300,714,4.94066e-323,6.95226e-310,ÎØÈÁÊÀ
674,2.42092e-322,0,300,714,4.94066e-323,6.95226e-310,ÎØÈÁÊÀ
675,2.42092e-322,0,300,714,4.94066e-323,6.95226e-310,ÎØÈÁÊÀ
676,2.42092e-322,0,300,714,4.94066e-323,6.95226e-310,ÎØÈÁÊÀ
677,2.42092e-322,0,400,804,4.94066e-323,6.95226e-310,ÎØÈÁÊÀ
678,2.42092e-322,0,400,804,4.94066e-323,6.95226e-310,ÎØÈÁÊÀ
679,2.42092e-322,0,400,804,4.94066e-323,6.95226e-310,ÎØÈÁÊÀ
680,2.42092e-322,0,400,804,4.94066e-323,6.95226e-310,ÎØÈÁÊÀ
681,2.42092e-322,0,500,1004,4.94066e-323,6.95226e-310,ÎØÈÁÊÀ
682,2.42092e-322,0,500,1004,4.94066e-323,6.95226e-310,ÎØÈÁÊÀ
683,2.42092e-322,0,500,1004,4.94066e-323,6.95226e-310,ÎØÈÁÊÀ
684,2.42092e-322,0,500,1004,4.94066e-323,6.95226e-310,ÎØÈÁÊÀ
685,2.42092e-322,0,630,1324,4.94066e-323,6.95226e-310,ÎØÈÁÊÀ
686,2.42092e-322,0,630,1324,4.94066e-323,6.95226e-310,ÎØÈÁÊÀ
687,2.42092e-322,0,630,1324,4.94066e-323,6.95226e-310,ÎØÈÁÊÀ
688,2.42092e-322,0,630,1324,4.94066e-323,6.95226e-310,ÎØÈÁÊÀ
689,2.42092e-322,0,800,1804,4.94066e-323,6.95226e-310,ÎØÈÁÊÀ
690,2.42092e-322,0,800,1804,4.94066e-323,6.95226e-310,ÎØÈÁÊÀ
691,2.42092e-322,0,800,1804,4.94066e-323,6.95226e-310,ÎØÈÁÊÀ
692,2.42092e-322,0,800,1804,4.94066e-323,6.95226e-310,ÎØÈÁÊÀ
693,2.42092e-322,0,400,804,4.94066e-323,6.95226e-310,ÎØÈÁÊÀ
694,2.42092e-322,0,400,804,4.94066e-323,6.95226e-310,ÎØÈÁÊÀ
695,2.42092e-322,0,400,804,4.94066e-323,6.95226e-310,ÎØÈÁÊÀ
696,2.42092e-322,0,400,804,4.94066e-323,6.95226e-310,ÎØÈÁÊÀ
697,2.42092e-322,0,400,804,4.94066e-323,6.95226e-310,ÎØÈÁÊÀ
698,2.42092e-322,0,500,904,4.94066e-323,6.95226e-310,ÎØÈÁÊÀ
699,2.42092e-322,0,500,904,4.94066e-323,6.95226e-310,ÎØÈÁÊÀ
700,2.42092e-322,0,500,904,4.94066e-323,6.95226e-310,ÎØÈÁÊÀ
701,2.42092e-322,0,500,904,4.94066e-323,6.95226e-310,ÎØÈÁÊÀ
702,2.42092e-322,0,500,904,4.94066e-323,6.95226e-310,ÎØÈÁÊÀ
703,2.42092e-322,0,500,1004,4.94066e-323,6.95226e-310,ÎØÈÁÊÀ
704,2.42092e-322,0,500,1004,4.94066e-323,6.95226e-310,ÎØÈÁÊÀ
705,2.42092e-322,0,500,1004,4.94066e-323,6.95226e-310,ÎØÈÁÊÀ
706,2.42092e-322,0,500,1004,4.94066e-323,6.95226e-310,ÎØÈÁÊÀ
707,2.42092e-322,0,500,1004,4.94066e-323,6.95226e-310,ÎØÈÁÊÀ
708,2.42092e-322,0,630,1124,4.94066e-323,6.95226e-310,ÎØÈÁÊÀ
709,2.42092e-322,0,630,1124,4.94066e-323,6.95226e-310,ÎØÈÁÊÀ
710,2.42092e-322,0,630,1124,4.94066e-323,6.95226e-310,ÎØÈÁÊÀ
711,2.42092e-322,0,630,1124,4.94066e-323,6.95226e-310,ÎØÈÁÊÀ
712,2.42092e-322,0,630,1124,4.94066e-323,6.95226e-310,ÎØÈÁÊÀ
713,2.42092e-322,0,630,1324,4.94066e-323,6.95226e-310,ÎØÈÁÊÀ
714,2.42092e-322,0,630,1324,4.94066e-323,6.95226e-310,ÎØÈÁÊÀ
715,2.42092e-322,0,630,1324,4.94066e-323,6.95226e-310,ÎØÈÁÊÀ
716,2.42092e-322,0,630,1324,4.94066e-323,6.95226e-310,ÎØÈÁÊÀ
717,2.42092e-322,0,630,1324,4.94066e-323,6.95226e-310,ÎØÈÁÊÀ
718,2.42092e-322,0,800,1604,4.94066e-323,6.95226e-310,ÎØÈÁÊÀ
719,2.42092e-322,0,800,1604,4.94066e-323,6.95226e-310,ÎØÈÁÊÀ
720,2.42092e-322,0,800,1604,4.94066e-323,6.95226e-310,ÎØÈÁÊÀ
721,2.42092e-322,0,800,1604,4.94066e-323,6.95226e-310,ÎØÈÁÊÀ
722,2.42092e-322,0,800,1604,4.94066e-323,6.95226e-310,ÎØÈÁÊÀ
723,2.42092e-322,0,800,1604,4.94066e-323,6.95226e-310,ÎØÈÁÊÀ
724,2.42092e-322,0,800,1604,4.94066e-323,6.95226e-310,ÎØÈÁÊÀ
725,2.42092e-322,0,800,1604,4.94066e-323,6.95226e-310,ÎØÈÁÊÀ
726,2.42092e-322,0,800,1604,4.94066e-323,6.95226e-310,ÎØÈÁÊÀ
727,2.42092e-322,0,800,1604,4.94066e-323,6.95226e-310,ÎØÈÁÊÀ
728,2.42092e-322,0,1000,1804,4.94066e-323,6.95226e-310,ÎØÈÁÊÀ
729,2.42092e-322,0,1000,1804,4.94066e-323,6.95226e-310,ÎØÈÁÊÀ
730,2.42092e-322,0,1000,1804,4.94066e-323,6.95226e-310,ÎØÈÁÊÀ
731,2.42092e-322,0,1000,1804,4.94066e-323,6.95226e-310,ÎØÈÁÊÀ
732,2.42092e-322,0,1000,1804,4.94066e-323,6.95226e-310,ÎØÈÁÊÀ
733,2.42092e-322,0,1000,2004,4.94066e-323,6.95226e-310,ÎØÈÁÊÀ
734,2.42092e-322,0,1000,2004,4.94066e-323,6.95226e-310,ÎØÈÁÊÀ
735,2.42092e-322,0,1000,2004,4.94066e-323,6.95226e-310,ÎØÈÁÊÀ
736,2.42092e-322,0,1000,2004,4.94066e-323,6.95226e-310,ÎØÈÁÊÀ
737,2.42092e-322,0,1000,2004,4.94066e-323,6.95226e-310,ÎØÈÁÊÀ
738,2.42092e-322,0,1250,2254,4.94066e-323,6.95226e-310,ÎØÈÁÊÀ
739,2.42092e-322,0,1250,2254,4.94066e-323,6.95226e-310,ÎØÈÁÊÀ
740,2.42092e-322,0,1250,2254,4.94066e-323,6.95226e-310,ÎØÈÁÊÀ
741,2.42092e-322,0,1250,2254,4.94066e-323,6.95226e-310,ÎØÈÁÊÀ
742,2.42092e-322,0,1250,2254,4.94066e-323,6.95226e-310,ÎØÈÁÊÀ
743,2.42092e-322,0,1250,2504,4.94066e-323,6.95226e-310,ÎØÈÁÊÀ
744,2.42092e-322,0,1250,2504,4.94066e-323,6.95226e-310,ÎØÈÁÊÀ
745,2.42092e-322,0,1250,2504,4.94066e-323,6.95226e-310,ÎØÈÁÊÀ
746,2.42092e-322,0,1250,2504,4.94066e-323,6.95226e-310,ÎØÈÁÊÀ
747,2.42092e-322,0,1250,2504,4.94066e-323,6.95226e-310,ÎØÈÁÊÀ
748,2.42092e-322,0,250,634,4.94066e-323,6.95226e-310,ÎØÈÁÊÀ
749,2.42092e-322,0,250,634,4.94066e-323,6.95226e-310,ÎØÈÁÊÀ
750,2.42092e-322,0,250,634,4.94066e-323,6.95226e-310,ÎØÈÁÊÀ
751,2.42092e-322,0,250,634,4.94066e-323,6.95226e-310,ÎØÈÁÊÀ
752,2.42092e-322,0,250,634,4.94066e-323,6.95226e-310,ÎØÈÁÊÀ
753,2.42092e-322,0,315,714,4.94066e-323,6.95226e-310,ÎØÈÁÊÀ
754,2.42092e-322,0,315,714,4.94066e-323,6.95226e-310,ÎØÈÁÊÀ
755,2.42092e-322,0,315,714,4.94066e-323,6.95226e-310,ÎØÈÁÊÀ
756,2.42092e-322,0,315,714,4.94066e-323,6.95226e-310,ÎØÈÁÊÀ
757,2.42092e-322,0,315,714,4.94066e-323,6.95226e-310,ÎØÈÁÊÀ
758,2.42092e-322,0,400,804,4.94066e-323,6.95226e-310,ÎØÈÁÊÀ
759,2.42092e-322,0,400,804,4.94066e-323,6.95226e-310,ÎØÈÁÊÀ
760,2.42092e-322,0,400,804,4.94066e-323,6.95226e-310,ÎØÈÁÊÀ
761,2.42092e-322,0,400,804,4.94066e-323,6.95226e-310,ÎØÈÁÊÀ
762,2.42092e-322,0,400,804,4.94066e-323,6.95226e-310,ÎØÈÁÊÀ
763,2.42092e-322,0,500,1004,4.94066e-323,6.95226e-310,ÎØÈÁÊÀ
764,2.42092e-322,0,500,1004,4.94066e-323,6.95226e-310,ÎØÈÁÊÀ
765,2.42092e-322,0,500,1004,4.94066e-323,6.95226e-310,ÎØÈÁÊÀ
766,2.42092e-322,0,500,1004,4.94066e-323,6.95226e-310,ÎØÈÁÊÀ
767,2.42092e-322,0,500,1004,4.94066e-323,6.95226e-310,ÎØÈÁÊÀ
768,2.42092e-322,0,630,1324,4.94066e-323,6.95226e-310,ÎØÈÁÊÀ
769,2.42092e-322,0,630,1324,4.94066e-323,6.95226e-310,ÎØÈÁÊÀ
770,2.42092e-322,0,630,1324,4.94066e-323,6.95226e-310,ÎØÈÁÊÀ
771,2.42092e-322,0,630,1324,4.94066e-323,6.95226e-310,ÎØÈÁÊÀ
772,2.42092e-322,0,630,1324,4.94066e-323,6.95226e-310,ÎØÈÁÊÀ
773,2.42092e-322,0,630,1324,4.94066e-323,6.95226e-310,ÎØÈÁÊÀ
774,2.42092e-322,0,630,1324,4.94066e-323,6.95226e-310,ÎØÈÁÊÀ
775,2.42092e-322,0,630,1324,4.94066e-323,6.95226e-310,ÎØÈÁÊÀ
776,2.42092e-322,0,630,1324,4.94066e-323,6.95226e-310,ÎØÈÁÊÀ
777,2.42092e-322,0,630,1324,4.94066e-323,6.95226e-310,ÎØÈÁÊÀ
778,2.42092e-322,0,800,1604,4.94066e-323,6.95226e-310,ÎØÈÁÊÀ
779,2.42092e-322,0,800,1604,4.94066e-323,6.95226e-310,ÎØÈÁÊÀ
780,2.42092e-322,0,800,1604,4.94066e-323,6.95226e-310,ÎØÈÁÊÀ
781,2.42092e-322,0,800,1604,4.94066e-323,6.95226e-310,ÎØÈÁÊÀ
782,2.42092e-322,0,800,1604,4.94066e-323,6.95226e-310,ÎØÈÁÊÀ
783,2.42092e-322,0,800,1804,4.94066e-323,6.95226e-310,ÎØÈÁÊÀ
784,2.42092e-322,0,800,1804,4.94066e-323,6.95226e-310,ÎØÈÁÊÀ
785,2.42092e-322,0,800,1804,4.94066e-323,6.95226e-310,ÎØÈÁÊÀ
786,2.42092e-322,0,800,1804,4.94066e-323,6.95226e-310,ÎØÈÁÊÀ
787,2.42092e-322,0,800,1804,4.94066e-323,6.95226e-310,ÎØÈÁÊÀ
788,2.42092e-322,0,1000,2004,4.94066e-323,6.95226e-310,ÎØÈÁÊÀ
789,2.42092e-322,0,1000,2004,4.94066e-323,6.95226e-310,ÎØÈÁÊÀ
790,2.42092e-322,0,1000,2004,4.94066e-323,6.95226e-310,ÎØÈÁÊÀ
791,2.42092e-322,0,1000,2004,4.94066e-323,6.95226e-310,ÎØÈÁÊÀ
792,2.42092e-322,0,1000,2004,4.94066e-323,6.95226e-310,ÎØÈÁÊÀ
793,2.42092e-322,0,1000,2254,4.94066e-323,6.95226e-310,ÎØÈÁÊÀ
794,2.42092e-322,0,1000,2254,4.94066e-323,6.95226e-310,ÎØÈÁÊÀ
795,2.42092e-322,0,1000,2254,4.94066e-323,6.95226e-310,ÎØÈÁÊÀ
796,2.42092e-322,0,1000,2254,4.94066e-323,6.95226e-310,ÎØÈÁÊÀ
797,2.42092e-322,0,1000,2254,4.94066e-323,6.95226e-310,ÎØÈÁÊÀ
798,2.42092e-322,0,400,804,4.94066e-323,6.95226e-310,ÎØÈÁÊÀ
799,2.42092e-322,0,400,804,4.94066e-323,6.95226e-310,ÎØÈÁÊÀ
800,2.42092e-322,0,400,804,4.94066e-323,6.95226e-310,ÎØÈÁÊÀ
801,2.42092e-322,0,400,804,4.94066e-323,6.95226e-310,ÎØÈÁÊÀ
802,2.42092e-322,0,500,1004,4.94066e-323,6.95226e-310,ÎØÈÁÊÀ
803,2.42092e-322,0,500,1004,4.94066e-323,6.95226e-310,ÎØÈÁÊÀ
804,2.42092e-322,0,500,1004,4.94066e-323,6.95226e-310,ÎØÈÁÊÀ
805,2.42092e-322,0,500,1004,4.94066e-323,6.95226e-310,ÎØÈÁÊÀ
806,2.42092e-322,0,630,1324,4.94066e-323,6.95226e-310,ÎØÈÁÊÀ
807,2.42092e-322,0,630,1324,4.94066e-323,6.95226e-310,ÎØÈÁÊÀ
808,2.42092e-322,0,630,1324,4.94066e-323,6.95226e-310,ÎØÈÁÊÀ
809,2.42092e-322,0,630,1324,4.94066e-323,6.95226e-310,ÎØÈÁÊÀ
810,2.42092e-322,0,800,1604,4.94066e-323,6.95226e-310,ÎØÈÁÊÀ
811,2.42092e-322,0,800,1604,4.94066e-323,6.95226e-310,ÎØÈÁÊÀ
812,2.42092e-322,0,800,1604,4.94066e-323,6.95226e-310,ÎØÈÁÊÀ
813,2.42092e-322,0,800,1604,4.94066e-323,6.95226e-310,ÎØÈÁÊÀ
814,2.42092e-322,0,800,1604,4.94066e-323,6.95226e-310,ÎØÈÁÊÀ
815,2.42092e-322,0,800,1604,4.94066e-323,6.95226e-310,ÎØÈÁÊÀ
816,2.42092e-322,0,800,1604,4.94066e-323,6.95226e-310,ÎØÈÁÊÀ
817,2.42092e-322,0,800,1604,4.94066e-323,6.95226e-310,ÎØÈÁÊÀ
818,2.42092e-322,0,1000,2004,4.94066e-323,6.95226e-310,ÎØÈÁÊÀ
819,2.42092e-322,0,1000,2004,4.94066e-323,6.95226e-310,ÎØÈÁÊÀ
820,2.42092e-322,0,1000,2004,4.94066e-323,6.95226e-310,ÎØÈÁÊÀ
821,2.42092e-322,0,1000,2004,4.94066e-323,6.95226e-310,ÎØÈÁÊÀ
822,2.42092e-322,0,400,804,4.94066e-323,6.95226e-310,ÎØÈÁÊÀ
823,2.42092e-322,0,400,804,4.94066e-323,6.95226e-310,ÎØÈÁÊÀ
824,2.42092e-322,0,400,804,4.94066e-323,6.95226e-310,ÎØÈÁÊÀ
825,2.42092e-322,0,400,804,4.94066e-323,6.95226e-310,ÎØÈÁÊÀ
826,2.42092e-322,0,500,1004,4.94066e-323,6.95226e-310,ÎØÈÁÊÀ
827,2.42092e-322,0,500,1004,4.94066e-323,6.95226e-310,ÎØÈÁÊÀ
828,2.42092e-322,0,500,1004,4.94066e-323,6.95226e-310,ÎØÈÁÊÀ
829,2.42092e-322,0,500,1004,4.94066e-323,6.95226e-310,ÎØÈÁÊÀ
830,2.42092e-322,0,630,1324,4.94066e-323,6.95226e-310,ÎØÈÁÊÀ
831,2.42092e-322,0,630,1324,4.94066e-323,6.95226e-310,ÎØÈÁÊÀ
832,2.42092e-322,0,630,1324,4.94066e-323,6.95226e-310,ÎØÈÁÊÀ
833,2.42092e-322,0,630,1324,4.94066e-323,6.95226e-310,ÎØÈÁÊÀ
834,2.42092e-322,0,800,1804,4.94066e-323,6.95226e-310,ÎØÈÁÊÀ
835,2.42092e-322,0,800,1804,4.94066e-323,6.95226e-310,ÎØÈÁÊÀ
836,2.42092e-322,0,800,1804,4.94066e-323,6.95226e-310,ÎØÈÁÊÀ
837,2.42092e-322,0,800,1804,4.94066e-323,6.95226e-310,ÎØÈÁÊÀ
838,2.42092e-322,0,1000,2254,4.94066e-323,6.95226e-310,ÎØÈÁÊÀ
839,2.42092e-322,0,1000,2254,4.94066e-323,6.95226e-310,ÎØÈÁÊÀ
840,2.42092e-322,0,1000,2254,4.94066e-323,6.95226e-310,ÎØÈÁÊÀ
841,2.42092e-322,0,1000,2254,4.94066e-323,6.95226e-310,ÎØÈÁÊÀ
842,2.42092e-322,0,400,804,4.94066e-323,6.95226e-310,ÎØÈÁÊÀ
843,2.42092e-322,0,400,804,4.94066e-323,6.95226e-310,ÎØÈÁÊÀ
844,2.42092e-322,0,400,804,4.94066e-323,6.95226e-310,ÎØÈÁÊÀ
845,2.42092e-322,0,500,1004,4.94066e-323,6.95226e-310,ÎØÈÁÊÀ
846,2.42092e-322,0,500,1004,4.94066e-323,6.95226e-310,ÎØÈÁÊÀ
847,2.42092e-322,0,500,1004,4.94066e-323,6.95226e-310,ÎØÈÁÊÀ
848,2.42092e-322,0,630,1324,4.94066e-323,6.95226e-310,ÎØÈÁÊÀ
849,2.42092e-322,0,630,1324,4.94066e-323,6.95226e-310,ÎØÈÁÊÀ
850,2.42092e-322,0,630,1324,4.94066e-323,6.95226e-310,ÎØÈÁÊÀ
851,2.42092e-322,0,800,1604,4.94066e-323,6.95226e-310,ÎØÈÁÊÀ
852,2.42092e-322,0,800,1604,4.94066e-323,6.95226e-310,ÎØÈÁÊÀ
853,2.42092e-322,0,800,1604,4.94066e-323,6.95226e-310,ÎØÈÁÊÀ
854,2.42092e-322,0,1000,2004,4.94066e-323,6.95226e-310,ÎØÈÁÊÀ
855,2.42092e-322,0,1000,2004,4.94066e-323,6.95226e-310,ÎØÈÁÊÀ
856,2.42092e-322,0,1000,2004,4.94066e-323,6.95226e-310,ÎØÈÁÊÀ
857,2.42092e-322,0,400,804,4.94066e-323,6.95226e-310,ÎØÈÁÊÀ
858,2.42092e-322,0,400,804,4.94066e-323,6.95226e-310,ÎØÈÁÊÀ
859,2.42092e-322,0,400,804,4.94066e-323,6.95226e-310,ÎØÈÁÊÀ
860,2.42092e-322,0,500,1004,4.94066e-323,6.95226e-310,ÎØÈÁÊÀ
861,2.42092e-322,0,500,1004,4.94066e-323,6.95226e-310,ÎØÈÁÊÀ
862,2.42092e-322,0,500,1004,4.94066e-323,6.95226e-310,ÎØÈÁÊÀ
863,2.42092e-322,0,630,1324,4.94066e-323,6.95226e-310,ÎØÈÁÊÀ
864,2.42092e-322,0,630,1324,4.94066e-323,6.95226e-310,ÎØÈÁÊÀ
865,2.42092e-322,0,630,1324,4.94066e-323,6.95226e-310,ÎØÈÁÊÀ
866,2.42092e-322,0,800,1804,4.94066e-323,6.95226e-310,ÎØÈÁÊÀ
867,2.42092e-322,0,800,1804,4.94066e-323,6.95226e-310,ÎØÈÁÊÀ
868,2.42092e-322,0,800,1804,4.94066e-323,6.95226e-310,ÎØÈÁÊÀ
869,2.42092e-322,0,1000,2254,4.94066e-323,6.95226e-310,ÎØÈÁÊÀ
870,2.42092e-322,0,1000,2254,4.94066e-323,6.95226e-310,ÎØÈÁÊÀ
871,2.42092e-322,0,1000,2254,4.94066e-323,6.95226e-310,ÎØÈÁÊÀ
872,2.42092e-322,0,180,300,4.94066e-323,6.95226e-310,ÎØÈÁÊÀ
873,2.42092e-322,0,180,300,4.94066e-323,6.95226e-310,ÎØÈÁÊÀ
874,2.42092e-322,0,180,300,4.94066e-323,6.95226e-310,ÎØÈÁÊÀ
875,2.42092e-322,0,180,300,4.94066e-323,6.95226e-310,ÎØÈÁÊÀ
876,2.42092e-322,0,400,550,4.94066e-323,6.95226e-310,ÎØÈÁÊÀ
877,2.42092e-322,0,400,550,4.94066e-323,6.95226e-310,ÎØÈÁÊÀ
878,2.42092e-322,0,400,550,4.94066e-323,6.95226e-310,ÎØÈÁÊÀ
879,2.42092e-322,0,400,550,4.94066e-323,6.95226e-310,ÎØÈÁÊÀ
880,2.42092e-322,0,500,1100,4.94066e-323,6.95226e-310,ÎØÈÁÊÀ
881,2.42092e-322,0,500,1100,4.94066e-323,6.95226e-310,ÎØÈÁÊÀ
882,2.42092e-322,0,500,1100,4.94066e-323,6.95226e-310,ÎØÈÁÊÀ
883,2.42092e-322,0,500,1100,4.94066e-323,6.95226e-310,ÎØÈÁÊÀ
884,2.42092e-322,0,600,2200,4.94066e-323,6.95226e-310,ÎØÈÁÊÀ
885,2.42092e-322,0,600,2200,4.94066e-323,6.95226e-310,ÎØÈÁÊÀ
886,2.42092e-322,0,600,2200,4.94066e-323,6.95226e-310,ÎØÈÁÊÀ
887,2.42092e-322,0,600,2200,4.94066e-323,6.95226e-310,ÎØÈÁÊÀ
888,2.42092e-322,0,710,4000,4.94066e-323,6.95226e-310,ÎØÈÁÊÀ
889,2.42092e-322,0,710,4000,4.94066e-323,6.95226e-310,ÎØÈÁÊÀ
890,2.42092e-322,0,710,4000,4.94066e-323,6.95226e-310,ÎØÈÁÊÀ
891,2.42092e-322,0,710,4000,4.94066e-323,6.95226e-310,ÎØÈÁÊÀ
892,2.42092e-322,0,800,7500,4.94066e-323,6.95226e-310,ÎØÈÁÊÀ
893,2.42092e-322,0,800,7500,4.94066e-323,6.95226e-310,ÎØÈÁÊÀ
894,2.42092e-322,0,800,7500,4.94066e-323,6.95226e-310,ÎØÈÁÊÀ
895,2.42092e-322,0,800,7500,4.94066e-323,6.95226e-310,ÎØÈÁÊÀ
896,2.42092e-322,0,900,11000,4.94066e-323,6.95226e-310,ÎØÈÁÊÀ
897,2.42092e-322,0,900,11000,4.94066e-323,6.95226e-310,ÎØÈÁÊÀ
898,2.42092e-322,0,900,11000,4.94066e-323,6.95226e-310,ÎØÈÁÊÀ
899,2.42092e-322,0,900,11000,4.94066e-323,6.95226e-310,ÎØÈÁÊÀ
900,2.42092e-322,0,1000,18500,4.94066e-323,6.95226e-310,ÎØÈÁÊÀ
901,2.42092e-322,0,1000,18500,4.94066e-323,6.95226e-310,ÎØÈÁÊÀ
902,2.42092e-322,0,1000,18500,4.94066e-323,6.95226e-310,ÎØÈÁÊÀ
903,2.42092e-322,0,1000,18500,4.94066e-323,6.95226e-310,ÎØÈÁÊÀ
904,2.42092e-322,0,250,300,4.94066e-323,6.95226e-310,ÎØÈÁÊÀ
905,2.42092e-322,0,250,300,4.94066e-323,6.95226e-310,ÎØÈÁÊÀ
906,2.42092e-322,0,250,300,4.94066e-323,6.95226e-310,ÎØÈÁÊÀ
907,2.42092e-322,0,250,300,4.94066e-323,6.95226e-310,ÎØÈÁÊÀ
908,2.42092e-322,0,400,750,4.94066e-323,6.95226e-310,ÎØÈÁÊÀ
909,2.42092e-322,0,400,750,4.94066e-323,6.95226e-310,ÎØÈÁÊÀ
910,2.42092e-322,0,400,750,4.94066e-323,6.95226e-310,ÎØÈÁÊÀ
911,2.42092e-322,0,400,750,4.94066e-323,6.95226e-310,ÎØÈÁÊÀ
912,2.42092e-322,0,500,1500,4.94066e-323,6.95226e-310,ÎØÈÁÊÀ
913,2.42092e-322,0,500,1500,4.94066e-323,6.95226e-310,ÎØÈÁÊÀ
914,2.42092e-322,0,500,1500,4.94066e-323,6.95226e-310,ÎØÈÁÊÀ
915,2.42092e-322,0,500,1500,4.94066e-323,6.95226e-310,ÎØÈÁÊÀ
916,2.42092e-322,0,630,3000,4.94066e-323,6.95226e-310,ÎØÈÁÊÀ
917,2.42092e-322,0,630,3000,4.94066e-323,6.95226e-310,ÎØÈÁÊÀ
918,2.42092e-322,0,630,3000,4.94066e-323,6.95226e-310,ÎØÈÁÊÀ
919,2.42092e-322,0,630,3000,4.94066e-323,6.95226e-310,ÎØÈÁÊÀ
920,2.42092e-322,0,800,7500,4.94066e-323,6.95226e-310,ÎØÈÁÊÀ
921,2.42092e-322,0,800,7500,4.94066e-323,6.95226e-310,ÎØÈÁÊÀ
922,2.42092e-322,0,800,7500,4.94066e-323,6.95226e-310,ÎØÈÁÊÀ
923,2.42092e-322,0,800,7500,4.94066e-323,6.95226e-310,ÎØÈÁÊÀ
924,2.42092e-322,0,1000,15000,4.94066e-323,6.95226e-310,ÎØÈÁÊÀ
925,2.42092e-322,0,1000,15000,4.94066e-323,6.95226e-310,ÎØÈÁÊÀ
926,2.42092e-322,0,1000,15000,4.94066e-323,6.95226e-310,ÎØÈÁÊÀ
927,2.42092e-322,0,1000,15000,4.94066e-323,6.95226e-310,ÎØÈÁÊÀ
928,2.42092e-322,0,400,550,4.94066e-323,6.95226e-310,ÎØÈÁÊÀ
929,2.42092e-322,0,400,550,4.94066e-323,6.95226e-310,ÎØÈÁÊÀ
930,2.42092e-322,0,400,550,4.94066e-323,6.95226e-310,ÎØÈÁÊÀ
931,2.42092e-322,0,400,550,4.94066e-323,6.95226e-310,ÎØÈÁÊÀ
932,2.42092e-322,0,500,1500,4.94066e-323,6.95226e-310,ÎØÈÁÊÀ
933,2.42092e-322,0,500,1500,4.94066e-323,6.95226e-310,ÎØÈÁÊÀ
934,2.42092e-322,0,500,1500,4.94066e-323,6.95226e-310,ÎØÈÁÊÀ
935,2.42092e-322,0,500,1500,4.94066e-323,6.95226e-310,ÎØÈÁÊÀ
936,2.42092e-322,0,630,3000,4.94066e-323,6.95226e-310,ÎØÈÁÊÀ
937,2.42092e-322,0,630,3000,4.94066e-323,6.95226e-310,ÎØÈÁÊÀ
938,2.42092e-322,0,630,3000,4.94066e-323,6.95226e-310,ÎØÈÁÊÀ
939,2.42092e-322,0,630,3000,4.94066e-323,6.95226e-310,ÎØÈÁÊÀ
940,2.42092e-322,0,800,7500,4.94066e-323,6.95226e-310,ÎØÈÁÊÀ
941,2.42092e-322,0,800,7500,4.94066e-323,6.95226e-310,ÎØÈÁÊÀ
942,2.42092e-322,0,800,7500,4.94066e-323,6.95226e-310,ÎØÈÁÊÀ
943,2.42092e-322,0,800,7500,4.94066e-323,6.95226e-310,ÎØÈÁÊÀ
944,2.42092e-322,0,1000,18500,4.94066e-323,6.95226e-310,ÎØÈÁÊÀ
945,2.42092e-322,0,1000,18500,4.94066e-323,6.95226e-310,ÎØÈÁÊÀ
946,2.42092e-322,0,1000,18500,4.94066e-323,6.95226e-310,ÎØÈÁÊÀ
947,2.42092e-322,0,1000,18500,4.94066e-323,6.95226e-310,ÎØÈÁÊÀ
948,2.42092e-322,0,400,750,4.94066e-323,6.95226e-310,ÎØÈÁÊÀ
949,2.42092e-322,0,400,750,4.94066e-323,6.95226e-310,ÎØÈÁÊÀ
950,2.42092e-322,0,400,750,4.94066e-323,6.95226e-310,ÎØÈÁÊÀ
951,2.42092e-322,0,400,750,4.94066e-323,6.95226e-310,ÎØÈÁÊÀ
952,2.42092e-322,0,500,1500,4.94066e-323,6.95226e-310,ÎØÈÁÊÀ
953,2.42092e-322,0,500,1500,4.94066e-323,6.95226e-310,ÎØÈÁÊÀ
954,2.42092e-322,0,500,1500,4.94066e-323,6.95226e-310,ÎØÈÁÊÀ
955,2.42092e-322,0,500,1500,4.94066e-323,6.95226e-310,ÎØÈÁÊÀ
956,2.42092e-322,0,630,4000,4.94066e-323,6.95226e-310,ÎØÈÁÊÀ
957,2.42092e-322,0,630,4000,4.94066e-323,6.95226e-310,ÎØÈÁÊÀ
958,2.42092e-322,0,630,4000,4.94066e-323,6.95226e-310,ÎØÈÁÊÀ
959,2.42092e-322,0,630,4000,4.94066e-323,6.95226e-310,ÎØÈÁÊÀ
960,2.42092e-322,0,800,11000,4.94066e-323,6.95226e-310,ÎØÈÁÊÀ
961,2.42092e-322,0,800,11000,4.94066e-323,6.95226e-310,ÎØÈÁÊÀ
962,2.42092e-322,0,800,11000,4.94066e-323,6.95226e-310,ÎØÈÁÊÀ
963,2.42092e-322,0,800,11000,4.94066e-323,6.95226e-310,ÎØÈÁÊÀ
964,2.42092e-322,0,500,1100,4.94066e-323,6.95226e-310,ÎØÈÁÊÀ
965,2.42092e-322,0,500,1100,4.94066e-323,6.95226e-310,ÎØÈÁÊÀ
966,2.42092e-322,0,500,1100,4.94066e-323,6.95226e-310,ÎØÈÁÊÀ
967,2.42092e-322,0,500,1100,4.94066e-323,6.95226e-310,ÎØÈÁÊÀ
968,2.42092e-322,0,630,2200,4.94066e-323,6.95226e-310,ÎØÈÁÊÀ
969,2.42092e-322,0,630,2200,4.94066e-323,6.95226e-310,ÎØÈÁÊÀ
970,2.42092e-322,0,630,2200,4.94066e-323,6.95226e-310,ÎØÈÁÊÀ
971,2.42092e-322,0,630,2200,4.94066e-323,6.95226e-310,ÎØÈÁÊÀ
972,2.42092e-322,0,800,5500,4.94066e-323,6.95226e-310,ÎØÈÁÊÀ
973,2.42092e-322,0,800,5500,4.94066e-323,6.95226e-310,ÎØÈÁÊÀ
974,2.42092e-322,0,800,5500,4.94066e-323,6.95226e-310,ÎØÈÁÊÀ
975,2.42092e-322,0,800,5500,4.94066e-323,6.95226e-310,ÎØÈÁÊÀ
976,2.42092e-322,0,1000,11000,4.94066e-323,6.95226e-310,ÎØÈÁÊÀ
977,2.42092e-322,0,1000,11000,4.94066e-323,6.95226e-310,ÎØÈÁÊÀ
978,2.42092e-322,0,1000,11000,4.94066e-323,6.95226e-310,ÎØÈÁÊÀ
979,2.42092e-322,0,1000,11000,4.94066e-323,6.95226e-310,ÎØÈÁÊÀ
980,2.42092e-322,0,120,300,4.94066e-323,6.95226e-310,ÎØÈÁÊÀ
981,2.42092e-322,0,120,300,4.94066e-323,6.95226e-310,ÎØÈÁÊÀ
982,2.42092e-322,0,120,300,4.94066e-323,6.95226e-310,ÎØÈÁÊÀ
983,2.42092e-322,0,120,300,4.94066e-323,6.95226e-310,ÎØÈÁÊÀ
984,2.42092e-322,0,370,400,4.94066e-323,6.95226e-310,ÎØÈÁÊÀ
985,2.42092e-322,0,370,400,4.94066e-323,6.95226e-310,ÎØÈÁÊÀ
986,2.42092e-322,0,370,400,4.94066e-323,6.95226e-310,ÎØÈÁÊÀ
987,2.42092e-322,0,370,400,4.94066e-323,6.95226e-310,ÎØÈÁÊÀ
988,2.42092e-322,0,500,1100,4.94066e-323,6.95226e-310,ÎØÈÁÊÀ
989,2.42092e-322,0,500,1100,4.94066e-323,6.95226e-310,ÎØÈÁÊÀ
990,2.42092e-322,0,500,1100,4.94066e-323,6.95226e-310,ÎØÈÁÊÀ
991,2.42092e-322,0,500,1100,4.94066e-323,6.95226e-310,ÎØÈÁÊÀ
992,2.42092e-322,0,600,1500,4.94066e-323,6.95226e-310,ÎØÈÁÊÀ
993,2.42092e-322,0,600,1500,4.94066e-323,6.95226e-310,ÎØÈÁÊÀ
994,2.42092e-322,0,600,1500,4.94066e-323,6.95226e-310,ÎØÈÁÊÀ
995,2.42092e-322,0,600,1500,4.94066e-323,6.95226e-310,ÎØÈÁÊÀ
996,2.42092e-322,0,630,2200,4.94066e-323,6.95226e-310,ÎØÈÁÊÀ
997,2.42092e-322,0,630,2200,4.94066e-323,6.95226e-310,ÎØÈÁÊÀ
998,2.42092e-322,0,630,2200,4.94066e-323,6.95226e-310,ÎØÈÁÊÀ
999,2.42092e-322,0,630,2200,4.94066e-323,6.95226e-310,ÎØÈÁÊÀ
1000,2.42092e-322,0,710,4000,4.94066e-323,6.95226e-310,ÎØÈÁÊÀ
1001,2.42092e-322,0,710,4000,4.94066e-323,6.95226e-310,ÎØÈÁÊÀ
1002,2.42092e-322,0,710,4000,4.94066e-323,6.95226e-310,ÎØÈÁÊÀ
1003,2.42092e-322,0,710,4000,4.94066e-323,6.95226e-310,ÎØÈÁÊÀ
1004,2.42092e-322,0,800,5500,4.94066e-323,6.95226e-310,ÎØÈÁÊÀ
1005,2.42092e-322,0,800,5500,4.94066e-323,6.95226e-310,ÎØÈÁÊÀ
1006,2.42092e-322,0,800,5500,4.94066e-323,6.95226e-310,ÎØÈÁÊÀ
1007,2.42092e-322,0,800,5500,4.94066e-323,6.95226e-310,ÎØÈÁÊÀ
1008,2.42092e-322,0,900,7500,4.94066e-323,6.95226e-310,ÎØÈÁÊÀ
1009,2.42092e-322,0,900,7500,4.94066e-323,6.95226e-310,ÎØÈÁÊÀ
1010,2.42092e-322,0,900,7500,4.94066e-323,6.95226e-310,ÎØÈÁÊÀ
1011,2.42092e-322,0,900,7500,4.94066e-323,6.95226e-310,ÎØÈÁÊÀ
1012,2.42092e-322,0,1000,11000,4.94066e-323,6.95226e-310,ÎØÈÁÊÀ
1013,2.42092e-322,0,1000,11000,4.94066e-323,6.95226e-310,ÎØÈÁÊÀ
1014,2.42092e-322,0,1000,11000,4.94066e-323,6.95226e-310,ÎØÈÁÊÀ
1015,2.42092e-322,0,1000,11000,4.94066e-323,6.95226e-310,ÎØÈÁÊÀ
1016,2.42092e-322,0,1250,22000,4.94066e-323,6.95226e-310,ÎØÈÁÊÀ
1017,2.42092e-322,0,1250,22000,4.94066e-323,6.95226e-310,ÎØÈÁÊÀ
1018,2.42092e-322,0,1250,22000,4.94066e-323,6.95226e-310,ÎØÈÁÊÀ
1019,2.42092e-322,0,1250,22000,4.94066e-323,6.95226e-310,ÎØÈÁÊÀ
1020,2.42092e-322,0,630,1324,4.94066e-323,6.95226e-310,ÎØÈÁÊÀ
1021,2.42092e-322,0,500,904,4.94066e-323,6.95226e-310,ÎØÈÁÊÀ
1022,2.42092e-322,0,400,906,4.94066e-323,6.95226e-310,ÎØÈÁÊÀ
1023,2.42092e-322,0,315,714,4.94066e-323,6.95226e-310,ÎØÈÁÊÀ
1024,2.42092e-322,0,250,632,4.94066e-323,6.95226e-310,ÎØÈÁÊÀ
1025,2.42092e-322,0,300,714,4.94066e-323,6.95226e-310,ÎØÈÁÊÀ
1026,2.42092e-322,0,500,1004,4.94066e-323,6.95226e-310,ÎØÈÁÊÀ
1027,2.42092e-322,0,630,1324,4.94066e-323,6.95226e-310,ÎØÈÁÊÀ
1028,2.42092e-322,0,500,1324,4.94066e-323,6.95226e-310,ÎØÈÁÊÀ
1029,2.42092e-322,0,1000,2254,4.94066e-323,6.95226e-310,ÎØÈÁÊÀ
1030,2.42092e-322,0,630,1324,4.94066e-323,6.95226e-310,ÎØÈÁÊÀ
1031,2.42092e-322,0,400,1002,4.94066e-323,6.95226e-310,ÎØÈÁÊÀ
1032,2.42092e-322,0,500,804,4.94066e-323,6.95226e-310,ÎØÈÁÊÀ
1033,2.42092e-322,0,2000,2506,4.94066e-323,6.95226e-310,ÎØÈÁÊÀ
1034,2.42092e-322,0,500,904,4.94066e-323,6.95226e-310,ÎØÈÁÊÀ
1035,2.42092e-322,0,400,804,4.94066e-323,6.95226e-310,ÎØÈÁÊÀ
1036,2.42092e-322,0,500,1324,4.94066e-323,6.95226e-310,ÎØÈÁÊÀ
1037,2.42092e-322,0,1600,52006,4.94066e-323,6.95226e-310,ÎØÈÁÊÀ
1038,2.42092e-322,0,250,632,4.94066e-323,6.95226e-310,ÎØÈÁÊÀ
1039,2.42092e-322,0,1250,1806,4.94066e-323,6.95226e-310,ÎØÈÁÊÀ
1040,2.42092e-322,0,400,906,4.94066e-323,6.95226e-310,ÎØÈÁÊÀ
1041,2.42092e-322,0,630,1328,4.94066e-323,6.95226e-310,ÎØÈÁÊÀ
1042,2.42092e-322,0,1000,15000,4.94066e-323,6.95226e-310,ÎØÈÁÊÀ
1043,2.42092e-322,0,1600,52506,4.94066e-323,6.95226e-310,ÎØÈÁÊÀ
1044,2.42092e-322,0,1000,2004,4.94066e-323,6.95226e-310,ÎØÈÁÊÀ
1045,2.42092e-322,0,1600,52008,4.94066e-323,6.95226e-310,ÎØÈÁÊÀ
1046,2.42092e-322,0,1000,2254,4.94066e-323,6.95226e-310,ÎØÈÁÊÀ
1047,2.42092e-322,0,800,1804,4.94066e-323,6.95226e-310,ÎØÈÁÊÀ
1048,2.42092e-322,0,315,714,4.94066e-323,6.95226e-310,ÎØÈÁÊÀ
1049,2.42092e-322,0,500,1004,4.94066e-323,6.95226e-310,ÎØÈÁÊÀ
1050,2.42092e-322,0,1000,1606,4.94066e-323,6.95226e-310,ÎØÈÁÊÀ
1051,2.42092e-322,0,500,1004,4.94066e-323,6.95226e-310,ÎØÈÁÊÀ
1052,2.42092e-322,0,500,1004,4.94066e-323,6.95226e-310,ÎØÈÁÊÀ
1053,2.42092e-322,0,800,1604,4.94066e-323,6.95226e-310,ÎØÈÁÊÀ
1054,2.42092e-322,0,315,714,4.94066e-323,6.95226e-310,ÎØÈÁÊÀ
1055,2.42092e-322,0,800,7500,4.94066e-323,6.95226e-310,ÎØÈÁÊÀ
1056,2.42092e-322,0,200,634,4.94066e-323,6.95226e-310,ÎØÈÁÊÀ
1057,2.42092e-322,0,500,904,4.94066e-323,6.95226e-310,ÎØÈÁÊÀ
1058,2.42092e-322,0,630,3000,4.94066e-323,6.95226e-310,ÎØÈÁÊÀ
1059,2.42092e-322,0,630,4000,4.94066e-323,6.95226e-310,ÎØÈÁÊÀ
1060,2.42092e-322,0,1000,2254,4.94066e-323,6.95226e-310,ÎØÈÁÊÀ
1061,2.42092e-322,0,1000,1606,4.94066e-323,6.95226e-310,ÎØÈÁÊÀ
1062,2.42092e-322,0,1600,52506,4.94066e-323,6.95226e-310,ÎØÈÁÊÀ
1063,2.42092e-322,0,1000,2254,4.94066e-323,6.95226e-310,ÎØÈÁÊÀ
1064,2.42092e-322,0,400,1002,4.94066e-323,6.95226e-310,ÎØÈÁÊÀ
1065,2.42092e-322,0,800,1604,4.94066e-323,6.95226e-310,ÎØÈÁÊÀ
1066,2.42092e-322,0,120,300,4.94066e-323,6.95226e-310,ÎØÈÁÊÀ
1067,2.42092e-322,0,630,3000,4.94066e-323,6.95226e-310,ÎØÈÁÊÀ
1068,2.42092e-322,0,600,2200,4.94066e-323,6.95226e-310,ÎØÈÁÊÀ
1069,2.42092e-322,0,400,804,4.94066e-323,6.95226e-310,ÎØÈÁÊÀ
1070,2.42092e-322,0,315,904,4.94066e-323,6.95226e-310,ÎØÈÁÊÀ
1071,2.42092e-322,0,250,712,4.94066e-323,6.95226e-310,ÎØÈÁÊÀ
1072,2.42092e-322,0,315,806,4.94066e-323,6.95226e-310,ÎØÈÁÊÀ
1073,2.42092e-322,0,400,804,4.94066e-323,6.95226e-310,ÎØÈÁÊÀ
1074,2.42092e-322,0,1000,18500,4.94066e-323,6.95226e-310,ÎØÈÁÊÀ
1075,2.42092e-322,0,315,5802,4.94066e-323,6.95226e-310,ÎØÈÁÊÀ
1076,2.42092e-322,0,400,714,4.94066e-323,6.95226e-310,ÎØÈÁÊÀ
1077,2.42092e-322,0,400,636,4.94066e-323,6.95226e-310,ÎØÈÁÊÀ
1078,2.42092e-322,0,315,804,4.94066e-323,6.95226e-310,ÎØÈÁÊÀ
1079,2.42092e-322,0,250,634,4.94066e-323,6.95226e-310,ÎØÈÁÊÀ
1080,2.42092e-322,0,250,300,4.94066e-323,6.95226e-310,ÎØÈÁÊÀ
1081,2.42092e-322,0,500,1326,4.94066e-323,6.95226e-310,ÎØÈÁÊÀ
1082,2.42092e-322,0,300,634,4.94066e-323,6.95226e-310,ÎØÈÁÊÀ
1083,2.42092e-322,0,630,1606,4.94066e-323,6.95226e-310,ÎØÈÁÊÀ
1084,2.42092e-322,0,250,300,4.94066e-323,6.95226e-310,ÎØÈÁÊÀ
1085,2.42092e-322,0,1600,52008,4.94066e-323,6.95226e-310,ÎØÈÁÊÀ
1086,2.42092e-322,0,1250,1806,4.94066e-323,6.95226e-310,ÎØÈÁÊÀ
1087,2.42092e-322,0,800,1604,4.94066e-323,6.95226e-310,ÎØÈÁÊÀ
1088,2.42092e-322,0,900,11000,4.94066e-323,6.95226e-310,ÎØÈÁÊÀ
1089,2.42092e-322,0,1600,52008,4.94066e-323,6.95226e-310,ÎØÈÁÊÀ
1090,2.42092e-322,0,1250,1806,4.94066e-323,6.95226e-310,ÎØÈÁÊÀ
1091,2.42092e-322,0,250,902,4.94066e-323,6.95226e-310,ÎØÈÁÊÀ
1092,2.42092e-322,0,315,804,4.94066e-323,6.95226e-310,ÎØÈÁÊÀ
1093,2.42092e-322,0,400,750,4.94066e-323,6.95226e-310,ÎØÈÁÊÀ
1094,2.42092e-322,0,1000,15000,4.94066e-323,6.95226e-310,ÎØÈÁÊÀ
1095,2.42092e-322,0,315,714,4.94066e-323,6.95226e-310,ÎØÈÁÊÀ
1096,2.42092e-322,0,315,634,4.94066e-323,6.95226e-310,ÎØÈÁÊÀ
1097,2.42092e-322,0,800,1604,4.94066e-323,6.95226e-310,ÎØÈÁÊÀ
1098,2.42092e-322,0,200,634,4.94066e-323,6.95226e-310,ÎØÈÁÊÀ
1099,2.42092e-322,0,630,1124,4.94066e-323,6.95226e-310,ÎØÈÁÊÀ
1100,2.42092e-322,0,500,1604,4.94066e-323,6.95226e-310,ÎØÈÁÊÀ
1101,2.42092e-322,0,1600,52506,4.94066e-323,6.95226e-310,ÎØÈÁÊÀ
1102,2.42092e-322,0,1000,2004,4.94066e-323,6.95226e-310,ÎØÈÁÊÀ
1103,2.42092e-322,0,800,2008,4.94066e-323,6.95226e-310,ÎØÈÁÊÀ
1104,2.42092e-322,0,630,1324,4.94066e-323,6.95226e-310,ÎØÈÁÊÀ
1105,2.42092e-322,0,500,1326,4.94066e-323,6.95226e-310,ÎØÈÁÊÀ
1106,2.42092e-322,0,1250,22000,4.94066e-323,6.95226e-310,ÎØÈÁÊÀ
1107,2.42092e-322,0,800,1604,4.94066e-323,6.95226e-310,ÎØÈÁÊÀ
1108,2.42092e-322,0,630,1608,4.94066e-323,6.95226e-310,ÎØÈÁÊÀ
1109,2.42092e-322,0,1250,2504,4.94066e-323,6.95226e-310,ÎØÈÁÊÀ
1110,2.42092e-322,0,400,804,4.94066e-323,6.95226e-310,ÎØÈÁÊÀ
1111,2.42092e-322,0,800,2506,4.94066e-323,6.95226e-310,ÎØÈÁÊÀ
1112,2.42092e-322,0,900,11000,4.94066e-323,6.95226e-310,ÎØÈÁÊÀ
1113,2.42092e-322,0,250,632,4.94066e-323,6.95226e-310,ÎØÈÁÊÀ
1114,2.42092e-322,0,800,1604,4.94066e-323,6.95226e-310,ÎØÈÁÊÀ
1115,2.42092e-322,0,400,1002,4.94066e-323,6.95226e-310,ÎØÈÁÊÀ
1116,2.42092e-322,0,500,1004,4.94066e-323,6.95226e-310,ÎØÈÁÊÀ
1117,2.42092e-322,0,250,714,4.94066e-323,6.95226e-310,ÎØÈÁÊÀ
1118,2.42092e-322,0,30,1.6005e+08,4.94066e-323,6.95226e-310,ÎØÈÁÊÀ
1119,2.42092e-322,0,30,1.6005e+08,4.94066e-323,6.95226e-310,ÎØÈÁÊÀ
1120,2.42092e-322,0,30,1.6005e+08,4.94066e-323,6.95226e-310,ÎØÈÁÊÀ
1121,2.42092e-322,0,30,1.6005e+08,4.94066e-323,6.95226e-310,ÎØÈÁÊÀ
1122,2.42092e-322,0,30,1.6005e+08,4.94066e-323,6.95226e-310,ÎØÈÁÊÀ
1123,2.42092e-322,0,30,1.6005e+08,4.94066e-323,6.95226e-310,ÎØÈÁÊÀ
1124,2.42092e-322,0,30,1.6005e+08,4.94066e-323,6.95226e-310,ÎØÈÁÊÀ
1125,2.42092e-322,0,30,1.6005e+08,4.94066e-323,6.95226e-310,ÎØÈÁÊÀ
1126,2.42092e-322,0,30,1.6005e+08,4.94066e-323,6.95226e-310,ÎØÈÁÊÀ
1127,2.42092e-322,0,30,1.6005e+08,4.94066e-323,6.95226e-310,ÎØÈÁÊÀ
1128,2.42092e-322,0,30,1.6005e+08,4.94066e-323,6.95226e-310,ÎØÈÁÊÀ
1129,2.42092e-322,0,30,1.6005e+08,4.94066e-323,6.95226e-310,ÎØÈÁÊÀ
1130,2.42092e-322,0,30,1.6005e+08,4.94066e-323,6.95226e-310,ÎØÈÁÊÀ
1131,2.42092e-322,0,30,1.6005e+08,4.94066e-323,6.95226e-310,ÎØÈÁÊÀ
1132,2.42092e-322,0,30,1.6005e+08,4.94066e-323,6.95226e-310,ÎØÈÁÊÀ
1133,2.42092e-322,0,30,1.6005e+08,4.94066e-323,6.95226e-310,ÎØÈÁÊÀ
1134,2.42092e-322,0,30,1.6005e+08,4.94066e-323,6.95226e-310,ÎØÈÁÊÀ
1135,2.42092e-322,0,30,1.6005e+08,4.94066e-323,6.95226e-310,ÎØÈÁÊÀ
1136,2.42092e-322,0,30,1.6005e+08,4.94066e-323,6.95226e-310,ÎØÈÁÊÀ
1137,2.42092e-322,0,30,1.6005e+08,4.94066e-323,6.95226e-310,ÎØÈÁÊÀ
1138,2.42092e-322,0,30,1.6005e+08,4.94066e-323,6.95226e-310,ÎØÈÁÊÀ
1139,2.42092e-322,0,30,1.6005e+08,4.94066e-323,6.95226e-310,ÎØÈÁÊÀ
1140,2.42092e-322,0,30,1.6005e+08,4.94066e-323,6.95226e-310,ÎØÈÁÊÀ
1141,2.42092e-322,0,30,1.6005e+08,4.94066e-323,6.95226e-310,ÎØÈÁÊÀ
1142,2.42092e-322,0,30,1.6005e+08,4.94066e-323,6.95226e-310,ÎØÈÁÊÀ
1143,2.42092e-322,0,30,1.6005e+08,4.94066e-323,6.95226e-310,ÎØÈÁÊÀ
1144,2.42092e-322,0,30,1.6005e+08,4.94066e-323,6.95226e-310,ÎØÈÁÊÀ
1145,2.42092e-322,0,30,1.6005e+08,4.94066e-323,6.95226e-310,ÎØÈÁÊÀ
1146,2.42092e-322,0,30,1.6005e+08,4.94066e-323,6.95226e-310,ÎØÈÁÊÀ
1147,2.42092e-322,0,30,1.6005e+08,4.94066e-323,6.95226e-310,ÎØÈÁÊÀ
1148,2.42092e-322,0,30,1.6005e+08,4.94066e-323,6.95226e-310,ÎØÈÁÊÀ
1149,2.42092e-322,0,30,1.6005e+08,4.94066e-323,6.95226e-310,ÎØÈÁÊÀ
1150,2.42092e-322,0,30,1.6005e+08,4.94066e-323,6.95226e-310,ÎØÈÁÊÀ
1151,2.42092e-322,0,30,1.6005e+08,4.94066e-323,6.95226e-310,ÎØÈÁÊÀ
1152,2.42092e-322,0,30,1.6005e+08,4.94066e-323,6.95226e-310,ÎØÈÁÊÀ
1153,2.42092e-322,0,30,1.6005e+08,4.94066e-323,6.95226e-310,ÎØÈÁÊÀ
1154,2.42092e-322,0,30,1.6005e+08,4.94066e-323,6.95226e-310,ÎØÈÁÊÀ
1155,2.42092e-322,0,30,1.6005e+08,4.94066e-323,6.95226e-310,ÎØÈÁÊÀ
1156,2.42092e-322,0,30,1.6005e+08,4.94066e-323,6.95226e-310,ÎØÈÁÊÀ
1157,2.42092e-322,0,30,1.6005e+08,4.94066e-323,6.95226e-310,ÎØÈÁÊÀ
1158,2.42092e-322,0,30,1.6005e+08,4.94066e-323,6.95226e-310,ÎØÈÁÊÀ
1159,2.42092e-322,0,30,1.6005e+08,4.94066e-323,6.95226e-310,ÎØÈÁÊÀ
1160,2.42092e-322,0,30,1.6005e+08,4.94066e-323,6.95226e-310,ÎØÈÁÊÀ
1161,2.42092e-322,0,30,1.6005e+08,4.94066e-323,6.95226e-310,ÎØÈÁÊÀ
1162,2.42092e-322,0,30,1.6005e+08,4.94066e-323,6.95226e-310,ÎØÈÁÊÀ
1163,2.42092e-322,0,30,1.6005e+08,4.94066e-323,6.95226e-310,ÎØÈÁÊÀ
1164,2.42092e-322,0,30,1.6005e+08,4.94066e-323,6.95226e-310,ÎØÈÁÊÀ
1165,2.42092e-322,0,30,1.6005e+08,4.94066e-323,6.95226e-310,ÎØÈÁÊÀ
1166,2.42092e-322,0,30,1.6005e+08,4.94066e-323,6.95226e-310,ÎØÈÁÊÀ
1167,2.42092e-322,0,30,1.6005e+08,4.94066e-323,6.95226e-310,ÎØÈÁÊÀ
1168,2.42092e-322,0,30,1.6005e+08,4.94066e-323,6.95226e-310,ÎØÈÁÊÀ
1169,2.42092e-322,0,30,1.6005e+08,4.94066e-323,6.95226e-310,ÎØÈÁÊÀ
1170,2.42092e-322,0,30,1.6005e+08,4.94066e-323,6.95226e-310,ÎØÈÁÊÀ
1171,2.42092e-322,0,30,1.6005e+08,4.94066e-323,6.95226e-310,ÎØÈÁÊÀ
1172,2.42092e-322,0,30,1.6005e+08,4.94066e-323,6.95226e-310,ÎØÈÁÊÀ
1173,2.42092e-322,0,30,1.6005e+08,4.94066e-323,6.95226e-310,ÎØÈÁÊÀ
1174,2.42092e-322,0,30,1.6005e+08,4.94066e-323,6.95226e-310,ÎØÈÁÊÀ
1175,2.42092e-322,0,30,1.6005e+08,4.94066e-323,6.95226e-310,ÎØÈÁÊÀ
1176,2.42092e-322,0,30,1.6005e+08,4.94066e-323,6.95226e-310,ÎØÈÁÊÀ
1177,2.42092e-322,0,30,1.6005e+08,4.94066e-323,6.95226e-310,ÎØÈÁÊÀ
1178,2.42092e-322,0,30,1.6005e+08,4.94066e-323,6.95226e-310,ÎØÈÁÊÀ
1179,2.42092e-322,0,30,1.6005e+08,4.94066e-323,6.95226e-310,ÎØÈÁÊÀ
1180,2.42092e-322,0,30,1.6005e+08,4.94066e-323,6.95226e-310,ÎØÈÁÊÀ
1181,2.42092e-322,0,30,1.6005e+08,4.94066e-323,6.95226e-310,ÎØÈÁÊÀ
1182,2.42092e-322,0,30,1.6005e+08,4.94066e-323,6.95226e-310,ÎØÈÁÊÀ
1183,2.42092e-322,0,30,1.6005e+08,4.94066e-323,6.95226e-310,ÎØÈÁÊÀ
1184,2.42092e-322,0,30,1.6005e+08,4.94066e-323,6.95226e-310,ÎØÈÁÊÀ
1185,2.42092e-322,0,30,1.6005e+08,4.94066e-323,6.95226e-310,ÎØÈÁÊÀ
1186,2.42092e-322,0,30,1.6005e+08,4.94066e-323,6.95226e-310,ÎØÈÁÊÀ
1187,2.42092e-322,0,30,1.6005e+08,4.94066e-323,6.95226e-310,ÎØÈÁÊÀ
1188,2.42092e-322,0,30,1.6005e+08,4.94066e-323,6.95226e-310,ÎØÈÁÊÀ
1189,2.42092e-322,0,30,1.6005e+08,4.94066e-323,6.95226e-310,ÎØÈÁÊÀ
1190,2.42092e-322,0,30,1.6005e+08,4.94066e-323,6.95226e-310,ÎØÈÁÊÀ
1191,2.42092e-322,0,30,1.6005e+08,4.94066e-323,6.95226e-310,ÎØÈÁÊÀ
1192,2.42092e-322,0,30,1.6005e+08,4.94066e-323,6.95226e-310,ÎØÈÁÊÀ
1193,2.42092e-322,0,30,1.6005e+08,4.94066e-323,6.95226e-310,ÎØÈÁÊÀ
1194,2.42092e-322,0,30,1.6005e+08,4.94066e-323,6.95226e-310,ÎØÈÁÊÀ
1195,2.42092e-322,0,30,1.6005e+08,4.94066e-323,6.95226e-310,ÎØÈÁÊÀ
1196,2.42092e-322,0,30,1.6005e+08,4.94066e-323,6.95226e-310,ÎØÈÁÊÀ
1197,2.42092e-322,0,30,1.6005e+08,4.94066e-323,6.95226e-310,ÎØÈÁÊÀ
1198,2.42092e-322,0,30,1.6005e+08,4.94066e-323,6.95226e-310,ÎØÈÁÊÀ
1199,2.42092e-322,0,30,1.6005e+08,4.94066e-323,6.95226e-310,ÎØÈÁÊÀ
1200,2.42092e-322,0,30,1.6005e+08,4.94066e-323,6.95226e-310,ÎØÈÁÊÀ
1201,2.42092e-322,0,30,1.6005e+08,4.94066e-323,6.95226e-310,ÎØÈÁÊÀ
1202,2.42092e-322,0,30,1.6005e+08,4.94066e-323,6.95226e-310,ÎØÈÁÊÀ
1203,2.42092e-322,0,30,1.6005e+08,4.94066e-323,6.95226e-310,ÎØÈÁÊÀ
1204,2.42092e-322,0,30,1.6005e+08,4.94066e-323,6.95226e-310,ÎØÈÁÊÀ
1205,2.42092e-322,0,30,1.6005e+08,4.94066e-323,6.95226e-310,ÎØÈÁÊÀ
1206,2.42092e-322,0,30,1.6005e+08,4.94066e-323,6.95226e-310,ÎØÈÁÊÀ
1207,2.42092e-322,0,30,1.6005e+08,4.94066e-323,6.95226e-310,ÎØÈÁÊÀ
1208,2.42092e-322,0,30,1.6005e+08,4.94066e-323,6.95226e-310,ÎØÈÁÊÀ
1209,2.42092e-322,0,30,1.6005e+08,4.94066e-323,6.95226e-310,ÎØÈÁÊÀ
1210,2.42092e-322,0,30,1.6005e+08,4.94066e-323,6.95226e-310,ÎØÈÁÊÀ
1211,2.42092e-322,0,30,1.6005e+08,4.94066e-323,6.95226e-310,ÎØÈÁÊÀ
1212,2.42092e-322,0,30,1.6005e+08,4.94066e-323,6.95226e-310,ÎØÈÁÊÀ
1213,2.42092e-322,0,30,1.6005e+08,4.94066e-323,6.95226e-310,ÎØÈÁÊÀ
1214,2.42092e-322,0,30,1.6005e+08,4.94066e-323,6.95226e-310,ÎØÈÁÊÀ
1215,2.42092e-322,0,30,1.6005e+08,4.94066e-323,6.95226e-310,ÎØÈÁÊÀ
1216,2.42092e-322,0,30,1.6005e+08,4.94066e-323,6.95226e-310,ÎØÈÁÊÀ
1217,2.42092e-322,0,30,1.6005e+08,4.94066e-323,6.95226e-310,ÎØÈÁÊÀ
1218,2.42092e-322,0,30,1.6005e+08,4.94066e-323,6.95226e-310,ÎØÈÁÊÀ
1219,2.42092e-322,0,30,1.6005e+08,4.94066e-323,6.95226e-310,ÎØÈÁÊÀ
1220,2.42092e-322,0,30,1.6005e+08,4.94066e-323,6.95226e-310,ÎØÈÁÊÀ
1221,2.42092e-322,0,30,1.6005e+08,4.94066e-323,6.95226e-310,ÎØÈÁÊÀ
1222,2.42092e-322,0,30,1.6005e+08,4.94066e-323,6.95226e-310,ÎØÈÁÊÀ
1223,2.42092e-322,0,30,1.6005e+08,4.94066e-323,6.95226e-310,ÎØÈÁÊÀ
1224,2.42092e-322,0,30,1.6005e+08,4.94066e-323,6.95226e-310,ÎØÈÁÊÀ
1225,2.42092e-322,0,30,1.6005e+08,4.94066e-323,6.95226e-310,ÎØÈÁÊÀ
1226,2.42092e-322,0,30,1.6005e+08,4.94066e-323,6.95226e-310,ÎØÈÁÊÀ
1227,2.42092e-322,0,30,1.6005e+08,4.94066e-323,6.95226e-310,ÎØÈÁÊÀ
1228,2.42092e-322,0,30,1.6005e+08,4.94066e-323,6.95226e-310,ÎØÈÁÊÀ
1229,2.42092e-322,0,30,1.6005e+08,4.94066e-323,6.95226e-310,ÎØÈÁÊÀ
1230,2.42092e-322,0,30,1.6005e+08,4.94066e-323,6.95226e-310,ÎØÈÁÊÀ
1231,2.42092e-322,0,30,1.6005e+08,4.94066e-323,6.95226e-310,ÎØÈÁÊÀ
1232,2.42092e-322,0,30,1.6005e+08,4.94066e-323,6.95226e-310,ÎØÈÁÊÀ
1233,2.42092e-322,0,30,1.6005e+08,4.94066e-323,6.95226e-310,ÎØÈÁÊÀ
1234,2.42092e-322,0,30,1.6005e+08,4.94066e-323,6.95226e-310,ÎØÈÁÊÀ
1235,2.42092e-322,0,30,1.6005e+08,4.94066e-323,6.95226e-310,ÎØÈÁÊÀ
1236,2.42092e-322,0,30,1.6005e+08,4.94066e-323,6.95226e-310,ÎØÈÁÊÀ
1237,2.42092e-322,0,30,1.6005e+08,4.94066e-323,6.95226e-310,ÎØÈÁÊÀ
1238,2.42092e-322,0,30,1.6005e+08,4.94066e-323,6.95226e-310,ÎØÈÁÊÀ
1239,2.42092e-322,0,30,1.60057e+08,4.94066e-323,6.95226e-310,ÎØÈÁÊÀ
1240,2.42092e-322,0,30,1.60057e+08,4.94066e-323,6.95226e-310,ÎØÈÁÊÀ
1241,2.42092e-322,0,30,1.60057e+08,4.94066e-323,6.95226e-310,ÎØÈÁÊÀ
1242,2.42092e-322,0,30,1.60057e+08,4.94066e-323,6.95226e-310,ÎØÈÁÊÀ
1243,2.42092e-322,0,30,1.60057e+08,4.94066e-323,6.95226e-310,ÎØÈÁÊÀ
1244,2.42092e-322,0,30,1.60057e+08,4.94066e-323,6.95226e-310,ÎØÈÁÊÀ
1245,2.42092e-322,0,30,1.60057e+08,4.94066e-323,6.95226e-310,ÎØÈÁÊÀ
1246,2.42092e-322,0,30,1.60057e+08,4.94066e-323,6.95226e-310,ÎØÈÁÊÀ
1247,2.42092e-322,0,30,1.60057e+08,4.94066e-323,6.95226e-310,ÎØÈÁÊÀ
1248,2.42092e-322,0,30,1.60057e+08,4.94066e-323,6.95226e-310,ÎØÈÁÊÀ
1249,2.42092e-322,0,30,1.60057e+08,4.94066e-323,6.95226e-310,ÎØÈÁÊÀ
1250,2.42092e-322,0,30,1.60057e+08,4.94066e-323,6.95226e-310,ÎØÈÁÊÀ
1251,2.42092e-322,0,30,1.60057e+08,4.94066e-323,6.95226e-310,ÎØÈÁÊÀ
1252,2.42092e-322,0,30,1.60057e+08,4.94066e-323,6.95226e-310,ÎØÈÁÊÀ
1253,2.42092e-322,0,30,1.60057e+08,4.94066e-323,6.95226e-310,ÎØÈÁÊÀ
1254,2.42092e-322,0,30,1.60057e+08,4.94066e-323,6.95226e-310,ÎØÈÁÊÀ
1255,2.42092e-322,0,30,1.60057e+08,4.94066e-323,6.95226e-310,ÎØÈÁÊÀ
1256,2.42092e-322,0,30,1.60057e+08,4.94066e-323,6.95226e-310,ÎØÈÁÊÀ
1257,2.42092e-322,0,30,1.60057e+08,4.94066e-323,6.95226e-310,ÎØÈÁÊÀ
1258,2.42092e-322,0,30,1.60057e+08,4.94066e-323,6.95226e-310,ÎØÈÁÊÀ
1259,2.42092e-322,0,30,1.60057e+08,4.94066e-323,6.95226e-310,ÎØÈÁÊÀ
1260,2.42092e-322,0,30,1.60057e+08,4.94066e-323,6.95226e-310,ÎØÈÁÊÀ
1261,2.42092e-322,0,30,1.60057e+08,4.94066e-323,6.95226e-310,ÎØÈÁÊÀ
1262,2.42092e-322,0,30,1.60057e+08,4.94066e-323,6.95226e-310,ÎØÈÁÊÀ
1263,2.42092e-322,0,30,1.60057e+08,4.94066e-323,6.95226e-310,ÎØÈÁÊÀ
1264,2.42092e-322,0,30,1.60057e+08,4.94066e-323,6.95226e-310,ÎØÈÁÊÀ
1265,2.42092e-322,0,30,1.60057e+08,4.94066e-323,6.95226e-310,ÎØÈÁÊÀ
1266,2.42092e-322,0,30,1.60057e+08,4.94066e-323,6.95226e-310,ÎØÈÁÊÀ
1267,2.42092e-322,0,30,1.60057e+08,4.94066e-323,6.95226e-310,ÎØÈÁÊÀ
1268,2.42092e-322,0,30,1.60057e+08,4.94066e-323,6.95226e-310,ÎØÈÁÊÀ
1269,2.42092e-322,0,30,1.60057e+08,4.94066e-323,6.95226e-310,ÎØÈÁÊÀ
1270,2.42092e-322,0,30,1.60057e+08,4.94066e-323,6.95226e-310,ÎØÈÁÊÀ
1271,2.42092e-322,0,30,1.60057e+08,4.94066e-323,6.95226e-310,ÎØÈÁÊÀ
1272,2.42092e-322,0,30,1.60057e+08,4.94066e-323,6.95226e-310,ÎØÈÁÊÀ
1273,2.42092e-322,0,30,1.60057e+08,4.94066e-323,6.95226e-310,ÎØÈÁÊÀ
1274,2.42092e-322,0,30,1.60057e+08,4.94066e-323,6.95226e-310,ÎØÈÁÊÀ
1275,2.42092e-322,0,30,1.60057e+08,4.94066e-323,6.95226e-310,ÎØÈÁÊÀ
1276,2.42092e-322,0,30,1.60057e+08,4.94066e-323,6.95226e-310,ÎØÈÁÊÀ
1277,2.42092e-322,0,30,1.60057e+08,4.94066e-323,6.95226e-310,ÎØÈÁÊÀ
1278,2.42092e-322,0,30,1.60057e+08,4.94066e-323,6.95226e-310,ÎØÈÁÊÀ
1279,2.42092e-322,0,30,1.60057e+08,4.94066e-323,6.95226e-310,ÎØÈÁÊÀ
1280,2.42092e-322,0,30,1.60057e+08,4.94066e-323,6.95226e-310,ÎØÈÁÊÀ
1281,2.42092e-322,0,30,1.60057e+08,4.94066e-323,6.95226e-310,ÎØÈÁÊÀ
1282,2.42092e-322,0,30,1.60057e+08,4.94066e-323,6.95226e-310,ÎØÈÁÊÀ
1283,2.42092e-322,0,30,1.60057e+08,4.94066e-323,6.95226e-310,ÎØÈÁÊÀ
1284,2.42092e-322,0,30,1.60057e+08,4.94066e-323,6.95226e-310,ÎØÈÁÊÀ
1285,2.42092e-322,0,30,1.60057e+08,4.94066e-323,6.95226e-310,ÎØÈÁÊÀ
1286,2.42092e-322,0,30,1.60057e+08,4.94066e-323,6.95226e-310,ÎØÈÁÊÀ
1287,2.42092e-322,0,30,1.60057e+08,4.94066e-323,6.95226e-310,ÎØÈÁÊÀ
1288,2.42092e-322,0,30,1.60057e+08,4.94066e-323,6.95226e-310,ÎØÈÁÊÀ
1289,2.42092e-322,0,30,1.60057e+08,4.94066e-323,6.95226e-310,ÎØÈÁÊÀ
1290,2.42092e-322,0,30,1.60057e+08,4.94066e-323,6.95226e-310,ÎØÈÁÊÀ
1291,2.42092e-322,0,30,1.60057e+08,4.94066e-323,6.95226e-310,ÎØÈÁÊÀ
1292,2.42092e-322,0,30,1.60057e+08,4.94066e-323,6.95226e-310,ÎØÈÁÊÀ
1293,2.42092e-322,0,30,1.60057e+08,4.94066e-323,6.95226e-310,ÎØÈÁÊÀ
1294,2.42092e-322,0,30,1.60057e+08,4.94066e-323,6.95226e-310,ÎØÈÁÊÀ
1295,2.42092e-322,0,30,1.60057e+08,4.94066e-323,6.95226e-310,ÎØÈÁÊÀ
1296,2.42092e-322,0,30,1.60057e+08,4.94066e-323,6.95226e-310,ÎØÈÁÊÀ
1297,2.42092e-322,0,30,1.60057e+08,4.94066e-323,6.95226e-310,ÎØÈÁÊÀ
1298,2.42092e-322,0,30,1.60057e+08,4.94066e-323,6.95226e-310,ÎØÈÁÊÀ
1299,2.42092e-322,0,30,1.60057e+08,4.94066e-323,6.95226e-310,ÎØÈÁÊÀ
1300,2.42092e-322,0,30,1.60057e+08,4.94066e-323,6.95226e-310,ÎØÈÁÊÀ
1301,2.42092e-322,0,30,1.60057e+08,4.94066e-323,6.95226e-310,ÎØÈÁÊÀ
1302,2.42092e-322,0,30,1.60057e+08,4.94066e-323,6.95226e-310,ÎØÈÁÊÀ
1303,2.42092e-322,0,30,1.60057e+08,4.94066e-323,6.95226e-310,ÎØÈÁÊÀ
1304,2.42092e-322,0,30,1.60057e+08,4.94066e-323,6.95226e-310,ÎØÈÁÊÀ
1305,2.42092e-322,0,30,1.60057e+08,4.94066e-323,6.95226e-310,ÎØÈÁÊÀ
1306,2.42092e-322,0,30,1.60057e+08,4.94066e-323,6.95226e-310,ÎØÈÁÊÀ
1307,2.42092e-322,0,30,1.60057e+08,4.94066e-323,6.95226e-310,ÎØÈÁÊÀ
1308,2.42092e-322,0,30,1.60057e+08,4.94066e-323,6.95226e-310,ÎØÈÁÊÀ
1309,2.42092e-322,0,30,1.60057e+08,4.94066e-323,6.95226e-310,ÎØÈÁÊÀ
1310,2.42092e-322,0,30,1.60057e+08,4.94066e-323,6.95226e-310,ÎØÈÁÊÀ
1311,2.42092e-322,0,30,1.60057e+08,4.94066e-323,6.95226e-310,ÎØÈÁÊÀ
1312,2.42092e-322,0,30,1.60057e+08,4.94066e-323,6.95226e-310,ÎØÈÁÊÀ
1313,2.42092e-322,0,30,1.60057e+08,4.94066e-323,6.95226e-310,ÎØÈÁÊÀ
1314,2.42092e-322,0,30,1.60057e+08,4.94066e-323,6.95226e-310,ÎØÈÁÊÀ
1315,2.42092e-322,0,30,1.60057e+08,4.94066e-323,6.95226e-310,ÎØÈÁÊÀ
1316,2.42092e-322,0,30,1.60057e+08,4.94066e-323,6.95226e-310,ÎØÈÁÊÀ
1317,2.42092e-322,0,30,1.60057e+08,4.94066e-323,6.95226e-310,ÎØÈÁÊÀ
1318,2.42092e-322,0,30,1.60057e+08,4.94066e-323,6.95226e-310,ÎØÈÁÊÀ
1319,2.42092e-322,0,30,1.60057e+08,4.94066e-323,6.95226e-310,ÎØÈÁÊÀ
1320,2.42092e-322,0,30,1.60057e+08,4.94066e-323,6.95226e-310,ÎØÈÁÊÀ
1321,2.42092e-322,0,30,1.60057e+08,4.94066e-323,6.95226e-310,ÎØÈÁÊÀ
1322,2.42092e-322,0,30,1.60057e+08,4.94066e-323,6.95226e-310,ÎØÈÁÊÀ
1323,2.42092e-322,0,30,1.60057e+08,4.94066e-323,6.95226e-310,ÎØÈÁÊÀ
1324,2.42092e-322,0,30,1.60057e+08,4.94066e-323,6.95226e-310,ÎØÈÁÊÀ
1325,2.42092e-322,0,30,1.60057e+08,4.94066e-323,6.95226e-310,ÎØÈÁÊÀ
1326,2.42092e-322,0,30,1.60057e+08,4.94066e-323,6.95226e-310,ÎØÈÁÊÀ
1327,2.42092e-322,0,30,1.60057e+08,4.94066e-323,6.95226e-310,ÎØÈÁÊÀ
1328,2.42092e-322,0,30,1.60057e+08,4.94066e-323,6.95226e-310,ÎØÈÁÊÀ
1329,2.42092e-322,0,30,1.60057e+08,4.94066e-323,6.95226e-310,ÎØÈÁÊÀ
1330,2.42092e-322,0,30,1.60057e+08,4.94066e-323,6.95226e-310,ÎØÈÁÊÀ
1331,2.42092e-322,0,30,1.60057e+08,4.94066e-323,6.95226e-310,ÎØÈÁÊÀ
1332,2.42092e-322,0,30,1.60057e+08,4.94066e-323,6.95226e-310,ÎØÈÁÊÀ
1333,2.42092e-322,0,30,1.60057e+08,4.94066e-323,6.95226e-310,ÎØÈÁÊÀ
1334,2.42092e-322,0,30,1.60057e+08,4.94066e-323,6.95226e-310,ÎØÈÁÊÀ
1335,2.42092e-322,0,30,1.60057e+08,4.94066e-323,6.95226e-310,ÎØÈÁÊÀ
1336,2.42092e-322,0,30,1.60057e+08,4.94066e-323,6.95226e-310,ÎØÈÁÊÀ
1337,2.42092e-322,0,30,1.60057e+08,4.94066e-323,6.95226e-310,ÎØÈÁÊÀ
1338,2.42092e-322,0,30,1.60057e+08,4.94066e-323,6.95226e-310,ÎØÈÁÊÀ
1339,2.42092e-322,0,30,1.60057e+08,4.94066e-323,6.95226e-310,ÎØÈÁÊÀ
1340,2.42092e-322,0,30,1.60057e+08,4.94066e-323,6.95226e-310,ÎØÈÁÊÀ
1341,2.42092e-322,0,30,1.60057e+08,4.94066e-323,6.95226e-310,ÎØÈÁÊÀ
1342,2.42092e-322,0,30,1.60057e+08,4.94066e-323,6.95226e-310,ÎØÈÁÊÀ
1343,2.42092e-322,0,30,1.60057e+08,4.94066e-323,6.95226e-310,ÎØÈÁÊÀ
1344,2.42092e-322,0,30,1.60064e+08,4.94066e-323,6.95226e-310,ÎØÈÁÊÀ
1345,2.42092e-322,0,30,1.60064e+08,4.94066e-323,6.95226e-310,ÎØÈÁÊÀ
1346,2.42092e-322,0,30,1.60064e+08,4.94066e-323,6.95226e-310,ÎØÈÁÊÀ
1347,2.42092e-322,0,30,1.60064e+08,4.94066e-323,6.95226e-310,ÎØÈÁÊÀ
1348,2.42092e-322,0,30,1.60064e+08,4.94066e-323,6.95226e-310,ÎØÈÁÊÀ
1349,2.42092e-322,0,30,1.60064e+08,4.94066e-323,6.95226e-310,ÎØÈÁÊÀ
1350,2.42092e-322,0,30,1.60064e+08,4.94066e-323,6.95226e-310,ÎØÈÁÊÀ
1351,2.42092e-322,0,30,1.60064e+08,4.94066e-323,6.95226e-310,ÎØÈÁÊÀ
1352,2.42092e-322,0,30,1.60064e+08,4.94066e-323,6.95226e-310,ÎØÈÁÊÀ
1353,2.42092e-322,0,30,1.60064e+08,4.94066e-323,6.95226e-310,ÎØÈÁÊÀ
1354,2.42092e-322,0,30,1.60064e+08,4.94066e-323,6.95226e-310,ÎØÈÁÊÀ
1355,2.42092e-322,0,30,1.60064e+08,4.94066e-323,6.95226e-310,ÎØÈÁÊÀ
1356,2.42092e-322,0,30,1.60064e+08,4.94066e-323,6.95226e-310,ÎØÈÁÊÀ
1357,2.42092e-322,0,30,1.60064e+08,4.94066e-323,6.95226e-310,ÎØÈÁÊÀ
1358,2.42092e-322,0,30,1.60064e+08,4.94066e-323,6.95226e-310,ÎØÈÁÊÀ
1359,2.42092e-322,0,30,1.60064e+08,4.94066e-323,6.95226e-310,ÎØÈÁÊÀ
1360,2.42092e-322,0,30,1.60064e+08,4.94066e-323,6.95226e-310,ÎØÈÁÊÀ
1361,2.42092e-322,0,30,1.60064e+08,4.94066e-323,6.95226e-310,ÎØÈÁÊÀ
1362,2.42092e-322,0,30,1.60064e+08,4.94066e-323,6.95226e-310,ÎØÈÁÊÀ
1363,2.42092e-322,0,30,1.60064e+08,4.94066e-323,6.95226e-310,ÎØÈÁÊÀ
1364,2.42092e-322,0,30,1.60064e+08,4.94066e-323,6.95226e-310,ÎØÈÁÊÀ
1365,2.42092e-322,0,30,1.60064e+08,4.94066e-323,6.95226e-310,ÎØÈÁÊÀ
1366,2.42092e-322,0,30,1.60064e+08,4.94066e-323,6.95226e-310,ÎØÈÁÊÀ
1367,2.42092e-322,0,30,1.60064e+08,4.94066e-323,6.95226e-310,ÎØÈÁÊÀ
1368,2.42092e-322,0,30,1.60064e+08,4.94066e-323,6.95226e-310,ÎØÈÁÊÀ
1369,2.42092e-322,0,30,1.60064e+08,4.94066e-323,6.95226e-310,ÎØÈÁÊÀ
1370,2.42092e-322,0,30,1.60064e+08,4.94066e-323,6.95226e-310,ÎØÈÁÊÀ
1371,2.42092e-322,0,30,1.60064e+08,4.94066e-323,6.95226e-310,ÎØÈÁÊÀ
1372,2.42092e-322,0,30,1.60064e+08,4.94066e-323,6.95226e-310,ÎØÈÁÊÀ
1373,2.42092e-322,0,30,1.60064e+08,4.94066e-323,6.95226e-310,ÎØÈÁÊÀ
1374,2.42092e-322,0,30,1.60064e+08,4.94066e-323,6.95226e-310,ÎØÈÁÊÀ
1375,2.42092e-322,0,30,1.60064e+08,4.94066e-323,6.95226e-310,ÎØÈÁÊÀ
1376,2.42092e-322,0,30,1.60064e+08,4.94066e-323,6.95226e-310,ÎØÈÁÊÀ
1377,2.42092e-322,0,30,1.60064e+08,4.94066e-323,6.95226e-310,ÎØÈÁÊÀ
1378,2.42092e-322,0,30,1.60064e+08,4.94066e-323,6.95226e-310,ÎØÈÁÊÀ
1379,2.42092e-322,0,30,1.60064e+08,4.94066e-323,6.95226e-310,ÎØÈÁÊÀ
1380,2.42092e-322,0,30,1.60064e+08,4.94066e-323,6.95226e-310,ÎØÈÁÊÀ
1381,2.42092e-322,0,30,1.60064e+08,4.94066e-323,6.95226e-310,ÎØÈÁÊÀ
1382,2.42092e-322,0,30,1.60064e+08,4.94066e-323,6.95226e-310,ÎØÈÁÊÀ
1383,2.42092e-322,0,30,1.60064e+08,4.94066e-323,6.95226e-310,ÎØÈÁÊÀ
1384,2.42092e-322,0,30,1.60064e+08,4.94066e-323,6.95226e-310,ÎØÈÁÊÀ
1385,2.42092e-322,0,30,1.60064e+08,4.94066e-323,6.95226e-310,ÎØÈÁÊÀ
1386,2.42092e-322,0,30,1.60064e+08,4.94066e-323,6.95226e-310,ÎØÈÁÊÀ
1387,2.42092e-322,0,30,1.60064e+08,4.94066e-323,6.95226e-310,ÎØÈÁÊÀ
1388,2.42092e-322,0,30,1.60064e+08,4.94066e-323,6.95226e-310,ÎØÈÁÊÀ
1389,2.42092e-322,0,30,1.60064e+08,4.94066e-323,6.95226e-310,ÎØÈÁÊÀ
1390,2.42092e-322,0,30,1.60064e+08,4.94066e-323,6.95226e-310,ÎØÈÁÊÀ
1391,2.42092e-322,0,30,1.60064e+08,4.94066e-323,6.95226e-310,ÎØÈÁÊÀ
1392,2.42092e-322,0,30,1.60064e+08,4.94066e-323,6.95226e-310,ÎØÈÁÊÀ
1393,2.42092e-322,0,30,1.60064e+08,4.94066e-323,6.95226e-310,ÎØÈÁÊÀ
1394,2.42092e-322,0,30,1.60064e+08,4.94066e-323,6.95226e-310,ÎØÈÁÊÀ
1395,2.42092e-322,0,30,1.60064e+08,4.94066e-323,6.95226e-310,ÎØÈÁÊÀ
1396,2.42092e-322,0,30,1.60064e+08,4.94066e-323,6.95226e-310,ÎØÈÁÊÀ
1397,2.42092e-322,0,30,1.60064e+08,4.94066e-323,6.95226e-310,ÎØÈÁÊÀ
1398,2.42092e-322,0,30,1.60064e+08,4.94066e-323,6.95226e-310,ÎØÈÁÊÀ
1399,2.42092e-322,0,30,1.60064e+08,4.94066e-323,6.95226e-310,ÎØÈÁÊÀ
1400,2.42092e-322,0,30,1.60064e+08,4.94066e-323,6.95226e-310,ÎØÈÁÊÀ
1401,2.42092e-322,0,30,1.60064e+08,4.94066e-323,6.95226e-310,ÎØÈÁÊÀ
1402,2.42092e-322,0,30,1.60064e+08,4.94066e-323,6.95226e-310,ÎØÈÁÊÀ
1403,2.42092e-322,0,30,1.60064e+08,4.94066e-323,6.95226e-310,ÎØÈÁÊÀ
1404,2.42092e-322,0,30,1.60064e+08,4.94066e-323,6.95226e-310,ÎØÈÁÊÀ
1405,2.42092e-322,0,30,1.60064e+08,4.94066e-323,6.95226e-310,ÎØÈÁÊÀ
1406,2.42092e-322,0,30,1.60064e+08,4.94066e-323,6.95226e-310,ÎØÈÁÊÀ
1407,2.42092e-322,0,30,1.60064e+08,4.94066e-323,6.95226e-310,ÎØÈÁÊÀ
1408,2.42092e-322,0,30,1.60064e+08,4.94066e-323,6.95226e-310,ÎØÈÁÊÀ
1409,2.42092e-322,0,30,1.60064e+08,4.94066e-323,6.95226e-310,ÎØÈÁÊÀ
1410,2.42092e-322,0,30,1.60064e+08,4.94066e-323,6.95226e-310,ÎØÈÁÊÀ
1411,2.42092e-322,0,30,1.60064e+08,4.94066e-323,6.95226e-310,ÎØÈÁÊÀ
1412,2.42092e-322,0,30,1.60064e+08,4.94066e-323,6.95226e-310,ÎØÈÁÊÀ
1413,2.42092e-322,0,30,1.60064e+08,4.94066e-323,6.95226e-310,ÎØÈÁÊÀ
1414,2.42092e-322,0,30,1.60064e+08,4.94066e-323,6.95226e-310,ÎØÈÁÊÀ
1415,2.42092e-322,0,30,1.60064e+08,4.94066e-323,6.95226e-310,ÎØÈÁÊÀ
1416,2.42092e-322,0,30,1.60064e+08,4.94066e-323,6.95226e-310,ÎØÈÁÊÀ
1417,2.42092e-322,0,30,1.60064e+08,4.94066e-323,6.95226e-310,ÎØÈÁÊÀ
1418,2.42092e-322,0,30,1.60064e+08,4.94066e-323,6.95226e-310,ÎØÈÁÊÀ
1419,2.42092e-322,0,30,1.60064e+08,4.94066e-323,6.95226e-310,ÎØÈÁÊÀ
1420,2.42092e-322,0,30,1.60064e+08,4.94066e-323,6.95226e-310,ÎØÈÁÊÀ
1421,2.42092e-322,0,30,1.60064e+08,4.94066e-323,6.95226e-310,ÎØÈÁÊÀ
1422,2.42092e-322,0,30,1.60064e+08,4.94066e-323,6.95226e-310,ÎØÈÁÊÀ
1423,2.42092e-322,0,30,1.60064e+08,4.94066e-323,6.95226e-310,ÎØÈÁÊÀ
1424,2.42092e-322,0,30,1.60064e+08,4.94066e-323,6.95226e-310,ÎØÈÁÊÀ
1425,2.42092e-322,0,30,1.60064e+08,4.94066e-323,6.95226e-310,ÎØÈÁÊÀ
1426,2.42092e-322,0,30,1.60064e+08,4.94066e-323,6.95226e-310,ÎØÈÁÊÀ
1427,2.42092e-322,0,30,1.60064e+08,4.94066e-323,6.95226e-310,ÎØÈÁÊÀ
1428,2.42092e-322,0,30,1.60064e+08,4.94066e-323,6.95226e-310,ÎØÈÁÊÀ
1429,2.42092e-322,0,30,1.60064e+08,4.94066e-323,6.95226e-310,ÎØÈÁÊÀ
1430,2.42092e-322,0,30,1.60064e+08,4.94066e-323,6.95226e-310,ÎØÈÁÊÀ
1431,2.42092e-322,0,30,1.60064e+08,4.94066e-323,6.95226e-310,ÎØÈÁÊÀ
1432,2.42092e-322,0,30,1.60064e+08,4.94066e-323,6.95226e-310,ÎØÈÁÊÀ
1433,2.42092e-322,0,30,1.60064e+08,4.94066e-323,6.95226e-310,ÎØÈÁÊÀ
1434,2.42092e-322,0,30,1.60064e+08,4.94066e-323,6.95226e-310,ÎØÈÁÊÀ
1435,2.42092e-322,0,30,1.60064e+08,4.94066e-323,6.95226e-310,ÎØÈÁÊÀ
1436,2.42092e-322,0,30,1.60064e+08,4.94066e-323,6.95226e-310,ÎØÈÁÊÀ
1437,2.42092e-322,0,30,1.60064e+08,4.94066e-323,6.95226e-310,ÎØÈÁÊÀ
1438,2.42092e-322,0,30,1.60064e+08,4.94066e-323,6.95226e-310,ÎØÈÁÊÀ
1439,2.42092e-322,0,30,1.60064e+08,4.94066e-323,6.95226e-310,ÎØÈÁÊÀ
1440,2.42092e-322,0,30,1.60064e+08,4.94066e-323,6.95226e-310,ÎØÈÁÊÀ
1441,2.42092e-322,0,30,1.60064e+08,4.94066e-323,6.95226e-310,ÎØÈÁÊÀ
1442,2.42092e-322,0,30,1.60064e+08,4.94066e-323,6.95226e-310,ÎØÈÁÊÀ
1443,2.42092e-322,0,30,1.60064e+08,4.94066e-323,6.95226e-310,ÎØÈÁÊÀ
1444,2.42092e-322,0,30,1.60064e+08,4.94066e-323,6.95226e-310,ÎØÈÁÊÀ
1445,2.42092e-322,0,30,1.60064e+08,4.94066e-323,6.95226e-310,ÎØÈÁÊÀ
1446,2.42092e-322,0,30,1.60064e+08,4.94066e-323,6.95226e-310,ÎØÈÁÊÀ
1447,2.42092e-322,0,30,1.60064e+08,4.94066e-323,6.95226e-310,ÎØÈÁÊÀ
1448,2.42092e-322,0,30,1.60064e+08,4.94066e-323,6.95226e-310,ÎØÈÁÊÀ
1449,2.42092e-322,0,30,1.60064e+08,4.94066e-323,6.95226e-310,ÎØÈÁÊÀ
1450,2.42092e-322,0,30,1.60064e+08,4.94066e-323,6.95226e-310,ÎØÈÁÊÀ
1451,2.42092e-322,0,30,1.60064e+08,4.94066e-323,6.95226e-310,ÎØÈÁÊÀ
1452,2.42092e-322,0,30,1.60064e+08,4.94066e-323,6.95226e-310,ÎØÈÁÊÀ
1453,2.42092e-322,0,30,1.60064e+08,4.94066e-323,6.95226e-310,ÎØÈÁÊÀ
1454,2.42092e-322,0,30,1.60064e+08,4.94066e-323,6.95226e-310,ÎØÈÁÊÀ
1455,2.42092e-322,0,30,1.60064e+08,4.94066e-323,6.95226e-310,ÎØÈÁÊÀ
1456,2.42092e-322,0,30,1.60064e+08,4.94066e-323,6.95226e-310,ÎØÈÁÊÀ
1457,2.42092e-322,0,30,1.60064e+08,4.94066e-323,6.95226e-310,ÎØÈÁÊÀ
1458,2.42092e-322,0,30,1.60064e+08,4.94066e-323,6.95226e-310,ÎØÈÁÊÀ
1459,2.42092e-322,0,30,1.60064e+08,4.94066e-323,6.95226e-310,ÎØÈÁÊÀ
1460,2.42092e-322,0,30,1.60064e+08,4.94066e-323,6.95226e-310,ÎØÈÁÊÀ
1461,2.42092e-322,0,30,1.60064e+08,4.94066e-323,6.95226e-310,ÎØÈÁÊÀ
1462,2.42092e-322,0,30,1.60064e+08,4.94066e-323,6.95226e-310,ÎØÈÁÊÀ
1463,2.42092e-322,0,30,1.60072e+08,4.94066e-323,6.95226e-310,ÎØÈÁÊÀ
1464,2.42092e-322,0,30,1.60072e+08,4.94066e-323,6.95226e-310,ÎØÈÁÊÀ
1465,2.42092e-322,0,30,1.60072e+08,4.94066e-323,6.95226e-310,ÎØÈÁÊÀ
1466,2.42092e-322,0,30,1.60072e+08,4.94066e-323,6.95226e-310,ÎØÈÁÊÀ
1467,2.42092e-322,0,30,1.60072e+08,4.94066e-323,6.95226e-310,ÎØÈÁÊÀ
1468,2.42092e-322,0,30,1.60072e+08,4.94066e-323,6.95226e-310,ÎØÈÁÊÀ
1469,2.42092e-322,0,30,1.60072e+08,4.94066e-323,6.95226e-310,ÎØÈÁÊÀ
1470,2.42092e-322,0,30,1.60072e+08,4.94066e-323,6.95226e-310,ÎØÈÁÊÀ
1471,2.42092e-322,0,30,1.60072e+08,4.94066e-323,6.95226e-310,ÎØÈÁÊÀ
1472,2.42092e-322,0,30,1.60072e+08,4.94066e-323,6.95226e-310,ÎØÈÁÊÀ
1473,2.42092e-322,0,30,1.60072e+08,4.94066e-323,6.95226e-310,ÎØÈÁÊÀ
1474,2.42092e-322,0,30,1.60072e+08,4.94066e-323,6.95226e-310,ÎØÈÁÊÀ
1475,2.42092e-322,0,30,1.60072e+08,4.94066e-323,6.95226e-310,ÎØÈÁÊÀ
1476,2.42092e-322,0,30,1.60072e+08,4.94066e-323,6.95226e-310,ÎØÈÁÊÀ
1477,2.42092e-322,0,30,1.60072e+08,4.94066e-323,6.95226e-310,ÎØÈÁÊÀ
1478,2.42092e-322,0,30,1.60072e+08,4.94066e-323,6.95226e-310,ÎØÈÁÊÀ
1479,2.42092e-322,0,30,1.60072e+08,4.94066e-323,6.95226e-310,ÎØÈÁÊÀ
1480,2.42092e-322,0,30,1.60072e+08,4.94066e-323,6.95226e-310,ÎØÈÁÊÀ
1481,2.42092e-322,0,30,1.60072e+08,4.94066e-323,6.95226e-310,ÎØÈÁÊÀ
1482,2.42092e-322,0,30,1.60072e+08,4.94066e-323,6.95226e-310,ÎØÈÁÊÀ
1483,2.42092e-322,0,30,1.60072e+08,4.94066e-323,6.95226e-310,ÎØÈÁÊÀ
1484,2.42092e-322,0,30,1.60072e+08,4.94066e-323,6.95226e-310,ÎØÈÁÊÀ
1485,2.42092e-322,0,30,1.60072e+08,4.94066e-323,6.95226e-310,ÎØÈÁÊÀ
1486,2.42092e-322,0,30,1.60072e+08,4.94066e-323,6.95226e-310,ÎØÈÁÊÀ
1487,2.42092e-322,0,30,1.60072e+08,4.94066e-323,6.95226e-310,ÎØÈÁÊÀ
1488,2.42092e-322,0,30,1.60072e+08,4.94066e-323,6.95226e-310,ÎØÈÁÊÀ
1489,2.42092e-322,0,30,1.60072e+08,4.94066e-323,6.95226e-310,ÎØÈÁÊÀ
1490,2.42092e-322,0,30,1.60072e+08,4.94066e-323,6.95226e-310,ÎØÈÁÊÀ
1491,2.42092e-322,0,30,1.60072e+08,4.94066e-323,6.95226e-310,ÎØÈÁÊÀ
1492,2.42092e-322,0,30,1.60072e+08,4.94066e-323,6.95226e-310,ÎØÈÁÊÀ
1493,2.42092e-322,0,30,1.60072e+08,4.94066e-323,6.95226e-310,ÎØÈÁÊÀ
1494,2.42092e-322,0,30,1.60072e+08,4.94066e-323,6.95226e-310,ÎØÈÁÊÀ
1495,2.42092e-322,0,30,1.60072e+08,4.94066e-323,6.95226e-310,ÎØÈÁÊÀ
1496,2.42092e-322,0,30,1.60072e+08,4.94066e-323,6.95226e-310,ÎØÈÁÊÀ
1497,2.42092e-322,0,30,1.60072e+08,4.94066e-323,6.95226e-310,ÎØÈÁÊÀ
1498,2.42092e-322,0,30,1.60072e+08,4.94066e-323,6.95226e-310,ÎØÈÁÊÀ
1499,2.42092e-322,0,30,1.60072e+08,4.94066e-323,6.95226e-310,ÎØÈÁÊÀ
1500,2.42092e-322,0,30,1.60072e+08,4.94066e-323,6.95226e-310,ÎØÈÁÊÀ
1501,2.42092e-322,0,30,1.60072e+08,4.94066e-323,6.95226e-310,ÎØÈÁÊÀ
1502,2.42092e-322,0,30,1.60072e+08,4.94066e-323,6.95226e-310,ÎØÈÁÊÀ
1503,2.42092e-322,0,30,1.60072e+08,4.94066e-323,6.95226e-310,ÎØÈÁÊÀ
1504,2.42092e-322,0,30,1.60072e+08,4.94066e-323,6.95226e-310,ÎØÈÁÊÀ
1505,2.42092e-322,0,30,1.60072e+08,4.94066e-323,6.95226e-310,ÎØÈÁÊÀ
1506,2.42092e-322,0,30,1.60072e+08,4.94066e-323,6.95226e-310,ÎØÈÁÊÀ
1507,2.42092e-322,0,30,1.60072e+08,4.94066e-323,6.95226e-310,ÎØÈÁÊÀ
1508,2.42092e-322,0,30,1.60072e+08,4.94066e-323,6.95226e-310,ÎØÈÁÊÀ
1509,2.42092e-322,0,30,1.60072e+08,4.94066e-323,6.95226e-310,ÎØÈÁÊÀ
1510,2.42092e-322,0,30,1.60072e+08,4.94066e-323,6.95226e-310,ÎØÈÁÊÀ
1511,2.42092e-322,0,30,1.60072e+08,4.94066e-323,6.95226e-310,ÎØÈÁÊÀ
1512,2.42092e-322,0,30,1.60072e+08,4.94066e-323,6.95226e-310,ÎØÈÁÊÀ
1513,2.42092e-322,0,30,1.60072e+08,4.94066e-323,6.95226e-310,ÎØÈÁÊÀ
1514,2.42092e-322,0,30,1.60072e+08,4.94066e-323,6.95226e-310,ÎØÈÁÊÀ
1515,2.42092e-322,0,30,1.60072e+08,4.94066e-323,6.95226e-310,ÎØÈÁÊÀ
1516,2.42092e-322,0,30,1.60072e+08,4.94066e-323,6.95226e-310,ÎØÈÁÊÀ
1517,2.42092e-322,0,30,1.60072e+08,4.94066e-323,6.95226e-310,ÎØÈÁÊÀ
1518,2.42092e-322,0,30,1.60072e+08,4.94066e-323,6.95226e-310,ÎØÈÁÊÀ
1519,2.42092e-322,0,30,1.60072e+08,4.94066e-323,6.95226e-310,ÎØÈÁÊÀ
1520,2.42092e-322,0,30,1.60072e+08,4.94066e-323,6.95226e-310,ÎØÈÁÊÀ
1521,2.42092e-322,0,30,1.60072e+08,4.94066e-323,6.95226e-310,ÎØÈÁÊÀ
1522,2.42092e-322,0,30,1.60072e+08,4.94066e-323,6.95226e-310,ÎØÈÁÊÀ
1523,2.42092e-322,0,30,1.60072e+08,4.94066e-323,6.95226e-310,ÎØÈÁÊÀ
1524,2.42092e-322,0,30,1.60072e+08,4.94066e-323,6.95226e-310,ÎØÈÁÊÀ
1525,2.42092e-322,0,30,1.60072e+08,4.94066e-323,6.95226e-310,ÎØÈÁÊÀ
1526,2.42092e-322,0,30,1.60072e+08,4.94066e-323,6.95226e-310,ÎØÈÁÊÀ
1527,2.42092e-322,0,30,1.60072e+08,4.94066e-323,6.95226e-310,ÎØÈÁÊÀ
1528,2.42092e-322,0,30,1.60072e+08,4.94066e-323,6.95226e-310,ÎØÈÁÊÀ
1529,2.42092e-322,0,30,1.60072e+08,4.94066e-323,6.95226e-310,ÎØÈÁÊÀ
1530,2.42092e-322,0,30,1.60072e+08,4.94066e-323,6.95226e-310,ÎØÈÁÊÀ
1531,2.42092e-322,0,30,1.60072e+08,4.94066e-323,6.95226e-310,ÎØÈÁÊÀ
1532,2.42092e-322,0,30,1.60072e+08,4.94066e-323,6.95226e-310,ÎØÈÁÊÀ
1533,2.42092e-322,0,30,1.60072e+08,4.94066e-323,6.95226e-310,ÎØÈÁÊÀ
1534,2.42092e-322,0,30,1.60072e+08,4.94066e-323,6.95226e-310,ÎØÈÁÊÀ
1535,2.42092e-322,0,30,1.60072e+08,4.94066e-323,6.95226e-310,ÎØÈÁÊÀ
1536,2.42092e-322,0,30,1.60072e+08,4.94066e-323,6.95226e-310,ÎØÈÁÊÀ
1537,2.42092e-322,0,30,1.60072e+08,4.94066e-323,6.95226e-310,ÎØÈÁÊÀ
1538,2.42092e-322,0,30,1.60072e+08,4.94066e-323,6.95226e-310,ÎØÈÁÊÀ
1539,2.42092e-322,0,30,1.60072e+08,4.94066e-323,6.95226e-310,ÎØÈÁÊÀ
1540,2.42092e-322,0,30,1.60072e+08,4.94066e-323,6.95226e-310,ÎØÈÁÊÀ
1541,2.42092e-322,0,30,1.60072e+08,4.94066e-323,6.95226e-310,ÎØÈÁÊÀ
1542,2.42092e-322,0,30,1.60072e+08,4.94066e-323,6.95226e-310,ÎØÈÁÊÀ
1543,2.42092e-322,0,30,1.60072e+08,4.94066e-323,6.95226e-310,ÎØÈÁÊÀ
1544,2.42092e-322,0,30,1.60072e+08,4.94066e-323,6.95226e-310,ÎØÈÁÊÀ
1545,2.42092e-322,0,30,1.60072e+08,4.94066e-323,6.95226e-310,ÎØÈÁÊÀ
1546,2.42092e-322,0,30,1.60072e+08,4.94066e-323,6.95226e-310,ÎØÈÁÊÀ
1547,2.42092e-322,0,30,1.60072e+08,4.94066e-323,6.95226e-310,ÎØÈÁÊÀ
1548,2.42092e-322,0,30,1.60072e+08,4.94066e-323,6.95226e-310,ÎØÈÁÊÀ
1549,2.42092e-322,0,30,1.60072e+08,4.94066e-323,6.95226e-310,ÎØÈÁÊÀ
1550,2.42092e-322,0,30,1.60072e+08,4.94066e-323,6.95226e-310,ÎØÈÁÊÀ
1551,2.42092e-322,0,30,1.60072e+08,4.94066e-323,6.95226e-310,ÎØÈÁÊÀ
1552,2.42092e-322,0,30,1.60072e+08,4.94066e-323,6.95226e-310,ÎØÈÁÊÀ
1553,2.42092e-322,0,30,1.60072e+08,4.94066e-323,6.95226e-310,ÎØÈÁÊÀ
1554,2.42092e-322,0,30,1.60072e+08,4.94066e-323,6.95226e-310,ÎØÈÁÊÀ
1555,2.42092e-322,0,30,1.60072e+08,4.94066e-323,6.95226e-310,ÎØÈÁÊÀ
1556,2.42092e-322,0,30,1.60072e+08,4.94066e-323,6.95226e-310,ÎØÈÁÊÀ
1557,2.42092e-322,0,30,1.60072e+08,4.94066e-323,6.95226e-310,ÎØÈÁÊÀ
1558,2.42092e-322,0,30,1.60072e+08,4.94066e-323,6.95226e-310,ÎØÈÁÊÀ
1559,2.42092e-322,0,30,1.60072e+08,4.94066e-323,6.95226e-310,ÎØÈÁÊÀ
1560,2.42092e-322,0,30,1.60072e+08,4.94066e-323,6.95226e-310,ÎØÈÁÊÀ
1561,2.42092e-322,0,30,1.60072e+08,4.94066e-323,6.95226e-310,ÎØÈÁÊÀ
1562,2.42092e-322,0,30,1.60072e+08,4.94066e-323,6.95226e-310,ÎØÈÁÊÀ
1563,2.42092e-322,0,30,1.60081e+08,4.94066e-323,6.95226e-310,ÎØÈÁÊÀ
1564,2.42092e-322,0,30,1.60081e+08,4.94066e-323,6.95226e-310,ÎØÈÁÊÀ
1565,2.42092e-322,0,30,1.60081e+08,4.94066e-323,6.95226e-310,ÎØÈÁÊÀ
1566,2.42092e-322,0,30,1.60081e+08,4.94066e-323,6.95226e-310,ÎØÈÁÊÀ
1567,2.42092e-322,0,30,1.60081e+08,4.94066e-323,6.95226e-310,ÎØÈÁÊÀ
1568,2.42092e-322,0,30,1.60081e+08,4.94066e-323,6.95226e-310,ÎØÈÁÊÀ
1569,2.42092e-322,0,30,1.60081e+08,4.94066e-323,6.95226e-310,ÎØÈÁÊÀ
1570,2.42092e-322,0,30,1.60081e+08,4.94066e-323,6.95226e-310,ÎØÈÁÊÀ
1571,2.42092e-322,0,30,1.60081e+08,4.94066e-323,6.95226e-310,ÎØÈÁÊÀ
1572,2.42092e-322,0,30,1.60081e+08,4.94066e-323,6.95226e-310,ÎØÈÁÊÀ
1573,2.42092e-322,0,30,1.60081e+08,4.94066e-323,6.95226e-310,ÎØÈÁÊÀ
1574,2.42092e-322,0,30,1.60081e+08,4.94066e-323,6.95226e-310,ÎØÈÁÊÀ
1575,2.42092e-322,0,30,1.60081e+08,4.94066e-323,6.95226e-310,ÎØÈÁÊÀ
1576,2.42092e-322,0,30,1.60081e+08,4.94066e-323,6.95226e-310,ÎØÈÁÊÀ
1577,2.42092e-322,0,30,1.60081e+08,4.94066e-323,6.95226e-310,ÎØÈÁÊÀ
1578,2.42092e-322,0,30,1.60081e+08,4.94066e-323,6.95226e-310,ÎØÈÁÊÀ
1579,2.42092e-322,0,30,1.60081e+08,4.94066e-323,6.95226e-310,ÎØÈÁÊÀ
1580,2.42092e-322,0,30,1.60081e+08,4.94066e-323,6.95226e-310,ÎØÈÁÊÀ
1581,2.42092e-322,0,30,1.60081e+08,4.94066e-323,6.95226e-310,ÎØÈÁÊÀ
1582,2.42092e-322,0,30,1.60081e+08,4.94066e-323,6.95226e-310,ÎØÈÁÊÀ
1583,2.42092e-322,0,30,1.60081e+08,4.94066e-323,6.95226e-310,ÎØÈÁÊÀ
1584,2.42092e-322,0,30,1.60081e+08,4.94066e-323,6.95226e-310,ÎØÈÁÊÀ
1585,2.42092e-322,0,30,1.60081e+08,4.94066e-323,6.95226e-310,ÎØÈÁÊÀ
1586,2.42092e-322,0,30,1.60081e+08,4.94066e-323,6.95226e-310,ÎØÈÁÊÀ
1587,2.42092e-322,0,30,1.60081e+08,4.94066e-323,6.95226e-310,ÎØÈÁÊÀ
1588,2.42092e-322,0,30,1.60081e+08,4.94066e-323,6.95226e-310,ÎØÈÁÊÀ
1589,2.42092e-322,0,30,1.60081e+08,4.94066e-323,6.95226e-310,ÎØÈÁÊÀ
1590,2.42092e-322,0,30,1.60081e+08,4.94066e-323,6.95226e-310,ÎØÈÁÊÀ
1591,2.42092e-322,0,30,1.60081e+08,4.94066e-323,6.95226e-310,ÎØÈÁÊÀ
1592,2.42092e-322,0,30,1.60081e+08,4.94066e-323,6.95226e-310,ÎØÈÁÊÀ
1593,2.42092e-322,0,30,1.60081e+08,4.94066e-323,6.95226e-310,ÎØÈÁÊÀ
1594,2.42092e-322,0,30,1.60081e+08,4.94066e-323,6.95226e-310,ÎØÈÁÊÀ
1595,2.42092e-322,0,30,1.60081e+08,4.94066e-323,6.95226e-310,ÎØÈÁÊÀ
1596,2.42092e-322,0,30,1.60081e+08,4.94066e-323,6.95226e-310,ÎØÈÁÊÀ
1597,2.42092e-322,0,30,1.60081e+08,4.94066e-323,6.95226e-310,ÎØÈÁÊÀ
1598,2.42092e-322,0,30,1.60081e+08,4.94066e-323,6.95226e-310,ÎØÈÁÊÀ
1599,2.42092e-322,0,30,1.60081e+08,4.94066e-323,6.95226e-310,ÎØÈÁÊÀ
1600,2.42092e-322,0,30,1.60081e+08,4.94066e-323,6.95226e-310,ÎØÈÁÊÀ
1601,2.42092e-322,0,30,1.60081e+08,4.94066e-323,6.95226e-310,ÎØÈÁÊÀ
1602,2.42092e-322,0,30,1.60081e+08,4.94066e-323,6.95226e-310,ÎØÈÁÊÀ
1603,2.42092e-322,0,30,1.60081e+08,4.94066e-323,6.95226e-310,ÎØÈÁÊÀ
1604,2.42092e-322,0,30,1.60081e+08,4.94066e-323,6.95226e-310,ÎØÈÁÊÀ
1605,2.42092e-322,0,30,1.60081e+08,4.94066e-323,6.95226e-310,ÎØÈÁÊÀ
1606,2.42092e-322,0,30,1.60081e+08,4.94066e-323,6.95226e-310,ÎØÈÁÊÀ
1607,2.42092e-322,0,30,1.60081e+08,4.94066e-323,6.95226e-310,ÎØÈÁÊÀ
1608,2.42092e-322,0,30,1.60081e+08,4.94066e-323,6.95226e-310,ÎØÈÁÊÀ
1609,2.42092e-322,0,30,1.60081e+08,4.94066e-323,6.95226e-310,ÎØÈÁÊÀ
1610,2.42092e-322,0,30,1.60081e+08,4.94066e-323,6.95226e-310,ÎØÈÁÊÀ
1611,2.42092e-322,0,30,1.60081e+08,4.94066e-323,6.95226e-310,ÎØÈÁÊÀ
1612,2.42092e-322,0,30,1.60081e+08,4.94066e-323,6.95226e-310,ÎØÈÁÊÀ
1613,2.42092e-322,0,30,1.60081e+08,4.94066e-323,6.95226e-310,ÎØÈÁÊÀ
1614,2.42092e-322,0,30,1.60081e+08,4.94066e-323,6.95226e-310,ÎØÈÁÊÀ
1615,2.42092e-322,0,30,1.60081e+08,4.94066e-323,6.95226e-310,ÎØÈÁÊÀ
1616,2.42092e-322,0,30,1.60081e+08,4.94066e-323,6.95226e-310,ÎØÈÁÊÀ
1617,2.42092e-322,0,30,1.60081e+08,4.94066e-323,6.95226e-310,ÎØÈÁÊÀ
1618,2.42092e-322,0,30,1.60081e+08,4.94066e-323,6.95226e-310,ÎØÈÁÊÀ
1619,2.42092e-322,0,30,1.60081e+08,4.94066e-323,6.95226e-310,ÎØÈÁÊÀ
1620,2.42092e-322,0,30,1.60081e+08,4.94066e-323,6.95226e-310,ÎØÈÁÊÀ
1621,2.42092e-322,0,30,1.60081e+08,4.94066e-323,6.95226e-310,ÎØÈÁÊÀ
1622,2.42092e-322,0,30,1.60081e+08,4.94066e-323,6.95226e-310,ÎØÈÁÊÀ
1623,2.42092e-322,0,30,1.60081e+08,4.94066e-323,6.95226e-310,ÎØÈÁÊÀ
1624,2.42092e-322,0,30,1.60081e+08,4.94066e-323,6.95226e-310,ÎØÈÁÊÀ
1625,2.42092e-322,0,30,1.60081e+08,4.94066e-323,6.95226e-310,ÎØÈÁÊÀ
1626,2.42092e-322,0,30,1.60081e+08,4.94066e-323,6.95226e-310,ÎØÈÁÊÀ
1627,2.42092e-322,0,30,1.60081e+08,4.94066e-323,6.95226e-310,ÎØÈÁÊÀ
1628,2.42092e-322,0,30,1.60081e+08,4.94066e-323,6.95226e-310,ÎØÈÁÊÀ
1629,2.42092e-322,0,30,1.60081e+08,4.94066e-323,6.95226e-310,ÎØÈÁÊÀ
1630,2.42092e-322,0,30,1.60081e+08,4.94066e-323,6.95226e-310,ÎØÈÁÊÀ
1631,2.42092e-322,0,30,1.60081e+08,4.94066e-323,6.95226e-310,ÎØÈÁÊÀ
1632,2.42092e-322,0,30,1.60081e+08,4.94066e-323,6.95226e-310,ÎØÈÁÊÀ
1633,2.42092e-322,0,30,1.60081e+08,4.94066e-323,6.95226e-310,ÎØÈÁÊÀ
1634,2.42092e-322,0,30,1.60081e+08,4.94066e-323,6.95226e-310,ÎØÈÁÊÀ
1635,2.42092e-322,0,30,1.60081e+08,4.94066e-323,6.95226e-310,ÎØÈÁÊÀ
1636,2.42092e-322,0,30,1.60081e+08,4.94066e-323,6.95226e-310,ÎØÈÁÊÀ
1637,2.42092e-322,0,30,1.60081e+08,4.94066e-323,6.95226e-310,ÎØÈÁÊÀ
1638,2.42092e-322,0,30,1.60081e+08,4.94066e-323,6.95226e-310,ÎØÈÁÊÀ
1639,2.42092e-322,0,30,1.60081e+08,4.94066e-323,6.95226e-310,ÎØÈÁÊÀ
1640,2.42092e-322,0,30,1.60081e+08,4.94066e-323,6.95226e-310,ÎØÈÁÊÀ
1641,2.42092e-322,0,30,1.60081e+08,4.94066e-323,6.95226e-310,ÎØÈÁÊÀ
1642,2.42092e-322,0,30,1.60081e+08,4.94066e-323,6.95226e-310,ÎØÈÁÊÀ
1643,2.42092e-322,0,30,1.60081e+08,4.94066e-323,6.95226e-310,ÎØÈÁÊÀ
1644,2.42092e-322,0,30,1.60081e+08,4.94066e-323,6.95226e-310,ÎØÈÁÊÀ
1645,2.42092e-322,0,30,1.60081e+08,4.94066e-323,6.95226e-310,ÎØÈÁÊÀ
1646,2.42092e-322,0,30,1.60081e+08,4.94066e-323,6.95226e-310,ÎØÈÁÊÀ
1647,2.42092e-322,0,30,1.60081e+08,4.94066e-323,6.95226e-310,ÎØÈÁÊÀ
1648,2.42092e-322,0,30,1.60081e+08,4.94066e-323,6.95226e-310,ÎØÈÁÊÀ
1649,2.42092e-322,0,30,1.60081e+08,4.94066e-323,6.95226e-310,ÎØÈÁÊÀ
1650,2.42092e-322,0,30,1.60081e+08,4.94066e-323,6.95226e-310,ÎØÈÁÊÀ
1651,2.42092e-322,0,30,1.60081e+08,4.94066e-323,6.95226e-310,ÎØÈÁÊÀ
1652,2.42092e-322,0,30,1.60081e+08,4.94066e-323,6.95226e-310,ÎØÈÁÊÀ
1653,2.42092e-322,0,30,1.60081e+08,4.94066e-323,6.95226e-310,ÎØÈÁÊÀ
1654,2.42092e-322,0,30,1.60081e+08,4.94066e-323,6.95226e-310,ÎØÈÁÊÀ
1655,2.42092e-322,0,30,1.60081e+08,4.94066e-323,6.95226e-310,ÎØÈÁÊÀ
1656,2.42092e-322,0,30,1.60081e+08,4.94066e-323,6.95226e-310,ÎØÈÁÊÀ
1657,2.42092e-322,0,30,1.60081e+08,4.94066e-323,6.95226e-310,ÎØÈÁÊÀ
1658,2.42092e-322,0,30,1.60081e+08,4.94066e-323,6.95226e-310,ÎØÈÁÊÀ
1659,2.42092e-322,0,30,1.60081e+08,4.94066e-323,6.95226e-310,ÎØÈÁÊÀ
1660,2.42092e-322,0,30,1.60081e+08,4.94066e-323,6.95226e-310,ÎØÈÁÊÀ
1661,2.42092e-322,0,30,1.60081e+08,4.94066e-323,6.95226e-310,ÎØÈÁÊÀ
1662,2.42092e-322,0,30,1.60081e+08,4.94066e-323,6.95226e-310,ÎØÈÁÊÀ
1663,2.42092e-322,0,30,1.60081e+08,4.94066e-323,6.95226e-310,ÎØÈÁÊÀ
1664,2.42092e-322,0,30,1.60081e+08,4.94066e-323,6.95226e-310,ÎØÈÁÊÀ
1665,2.42092e-322,0,30,1.60081e+08,4.94066e-323,6.95226e-310,ÎØÈÁÊÀ
1666,2.42092e-322,0,30,1.60091e+08,4.94066e-323,6.95226e-310,ÎØÈÁÊÀ
1667,2.42092e-322,0,30,1.60091e+08,4.94066e-323,6.95226e-310,ÎØÈÁÊÀ
1668,2.42092e-322,0,30,1.60091e+08,4.94066e-323,6.95226e-310,ÎØÈÁÊÀ
1669,2.42092e-322,0,30,1.60091e+08,4.94066e-323,6.95226e-310,ÎØÈÁÊÀ
1670,2.42092e-322,0,30,1.60091e+08,4.94066e-323,6.95226e-310,ÎØÈÁÊÀ
1671,2.42092e-322,0,30,1.60091e+08,4.94066e-323,6.95226e-310,ÎØÈÁÊÀ
1672,2.42092e-322,0,30,1.60091e+08,4.94066e-323,6.95226e-310,ÎØÈÁÊÀ
1673,2.42092e-322,0,30,1.60091e+08,4.94066e-323,6.95226e-310,ÎØÈÁÊÀ
1674,2.42092e-322,0,30,1.60091e+08,4.94066e-323,6.95226e-310,ÎØÈÁÊÀ
1675,2.42092e-322,0,30,1.60091e+08,4.94066e-323,6.95226e-310,ÎØÈÁÊÀ
1676,2.42092e-322,0,30,1.60091e+08,4.94066e-323,6.95226e-310,ÎØÈÁÊÀ
1677,2.42092e-322,0,30,1.60091e+08,4.94066e-323,6.95226e-310,ÎØÈÁÊÀ
1678,2.42092e-322,0,30,1.60091e+08,4.94066e-323,6.95226e-310,ÎØÈÁÊÀ
1679,2.42092e-322,0,30,1.60091e+08,4.94066e-323,6.95226e-310,ÎØÈÁÊÀ
1680,2.42092e-322,0,30,1.60091e+08,4.94066e-323,6.95226e-310,ÎØÈÁÊÀ
1681,2.42092e-322,0,30,1.60091e+08,4.94066e-323,6.95226e-310,ÎØÈÁÊÀ
1682,2.42092e-322,0,30,1.60091e+08,4.94066e-323,6.95226e-310,ÎØÈÁÊÀ
1683,2.42092e-322,0,30,1.60091e+08,4.94066e-323,6.95226e-310,ÎØÈÁÊÀ
1684,2.42092e-322,0,30,1.60091e+08,4.94066e-323,6.95226e-310,ÎØÈÁÊÀ
1685,2.42092e-322,0,30,1.60091e+08,4.94066e-323,6.95226e-310,ÎØÈÁÊÀ
1686,2.42092e-322,0,30,1.60091e+08,4.94066e-323,6.95226e-310,ÎØÈÁÊÀ
1687,2.42092e-322,0,30,1.60091e+08,4.94066e-323,6.95226e-310,ÎØÈÁÊÀ
1688,2.42092e-322,0,30,1.60091e+08,4.94066e-323,6.95226e-310,ÎØÈÁÊÀ
1689,2.42092e-322,0,30,1.60091e+08,4.94066e-323,6.95226e-310,ÎØÈÁÊÀ
1690,2.42092e-322,0,30,1.60091e+08,4.94066e-323,6.95226e-310,ÎØÈÁÊÀ
1691,2.42092e-322,0,30,1.60091e+08,4.94066e-323,6.95226e-310,ÎØÈÁÊÀ
1692,2.42092e-322,0,30,1.60091e+08,4.94066e-323,6.95226e-310,ÎØÈÁÊÀ
1693,2.42092e-322,0,30,1.60091e+08,4.94066e-323,6.95226e-310,ÎØÈÁÊÀ
1694,2.42092e-322,0,30,1.60091e+08,4.94066e-323,6.95226e-310,ÎØÈÁÊÀ
1695,2.42092e-322,0,30,1.60091e+08,4.94066e-323,6.95226e-310,ÎØÈÁÊÀ
1696,2.42092e-322,0,30,1.60091e+08,4.94066e-323,6.95226e-310,ÎØÈÁÊÀ
1697,2.42092e-322,0,30,1.60091e+08,4.94066e-323,6.95226e-310,ÎØÈÁÊÀ
1698,2.42092e-322,0,30,1.60091e+08,4.94066e-323,6.95226e-310,ÎØÈÁÊÀ
1699,2.42092e-322,0,30,1.60091e+08,4.94066e-323,6.95226e-310,ÎØÈÁÊÀ
1700,2.42092e-322,0,30,1.60091e+08,4.94066e-323,6.95226e-310,ÎØÈÁÊÀ
1701,2.42092e-322,0,30,1.60091e+08,4.94066e-323,6.95226e-310,ÎØÈÁÊÀ
1702,2.42092e-322,0,30,1.60091e+08,4.94066e-323,6.95226e-310,ÎØÈÁÊÀ
1703,2.42092e-322,0,30,1.60091e+08,4.94066e-323,6.95226e-310,ÎØÈÁÊÀ
1704,2.42092e-322,0,30,1.60091e+08,4.94066e-323,6.95226e-310,ÎØÈÁÊÀ
1705,2.42092e-322,0,30,1.60091e+08,4.94066e-323,6.95226e-310,ÎØÈÁÊÀ
1706,2.42092e-322,0,30,1.60091e+08,4.94066e-323,6.95226e-310,ÎØÈÁÊÀ
1707,2.42092e-322,0,30,1.60091e+08,4.94066e-323,6.95226e-310,ÎØÈÁÊÀ
1708,2.42092e-322,0,30,1.60091e+08,4.94066e-323,6.95226e-310,ÎØÈÁÊÀ
1709,2.42092e-322,0,30,1.60091e+08,4.94066e-323,6.95226e-310,ÎØÈÁÊÀ
1710,2.42092e-322,0,30,1.60091e+08,4.94066e-323,6.95226e-310,ÎØÈÁÊÀ
1711,2.42092e-322,0,30,1.60091e+08,4.94066e-323,6.95226e-310,ÎØÈÁÊÀ
1712,2.42092e-322,0,30,1.60091e+08,4.94066e-323,6.95226e-310,ÎØÈÁÊÀ
1713,2.42092e-322,0,30,1.60091e+08,4.94066e-323,6.95226e-310,ÎØÈÁÊÀ
1714,2.42092e-322,0,30,1.60091e+08,4.94066e-323,6.95226e-310,ÎØÈÁÊÀ
1715,2.42092e-322,0,30,1.60091e+08,4.94066e-323,6.95226e-310,ÎØÈÁÊÀ
1716,2.42092e-322,0,30,1.60091e+08,4.94066e-323,6.95226e-310,ÎØÈÁÊÀ
1717,2.42092e-322,0,30,1.60091e+08,4.94066e-323,6.95226e-310,ÎØÈÁÊÀ
1718,2.42092e-322,0,30,1.60091e+08,4.94066e-323,6.95226e-310,ÎØÈÁÊÀ
1719,2.42092e-322,0,30,1.60091e+08,4.94066e-323,6.95226e-310,ÎØÈÁÊÀ
1720,2.42092e-322,0,30,1.60091e+08,4.94066e-323,6.95226e-310,ÎØÈÁÊÀ
1721,2.42092e-322,0,30,1.60091e+08,4.94066e-323,6.95226e-310,ÎØÈÁÊÀ
1722,2.42092e-322,0,30,1.60091e+08,4.94066e-323,6.95226e-310,ÎØÈÁÊÀ
1723,2.42092e-322,0,30,1.60091e+08,4.94066e-323,6.95226e-310,ÎØÈÁÊÀ
1724,2.42092e-322,0,30,1.60091e+08,4.94066e-323,6.95226e-310,ÎØÈÁÊÀ
1725,2.42092e-322,0,30,1.60091e+08,4.94066e-323,6.95226e-310,ÎØÈÁÊÀ
1726,2.42092e-322,0,30,1.60091e+08,4.94066e-323,6.95226e-310,ÎØÈÁÊÀ
1727,2.42092e-322,0,30,1.60091e+08,4.94066e-323,6.95226e-310,ÎØÈÁÊÀ
1728,2.42092e-322,0,30,1.60091e+08,4.94066e-323,6.95226e-310,ÎØÈÁÊÀ
1729,2.42092e-322,0,30,1.60091e+08,4.94066e-323,6.95226e-310,ÎØÈÁÊÀ
1730,2.42092e-322,0,30,1.60091e+08,4.94066e-323,6.95226e-310,ÎØÈÁÊÀ
1731,2.42092e-322,0,30,1.60091e+08,4.94066e-323,6.95226e-310,ÎØÈÁÊÀ
1732,2.42092e-322,0,30,1.60091e+08,4.94066e-323,6.95226e-310,ÎØÈÁÊÀ
1733,2.42092e-322,0,30,1.60091e+08,4.94066e-323,6.95226e-310,ÎØÈÁÊÀ
1734,2.42092e-322,0,30,1.60091e+08,4.94066e-323,6.95226e-310,ÎØÈÁÊÀ
1735,2.42092e-322,0,30,1.60091e+08,4.94066e-323,6.95226e-310,ÎØÈÁÊÀ
1736,2.42092e-322,0,30,1.60091e+08,4.94066e-323,6.95226e-310,ÎØÈÁÊÀ
1737,2.42092e-322,0,30,1.60091e+08,4.94066e-323,6.95226e-310,ÎØÈÁÊÀ
1738,2.42092e-322,0,30,1.60091e+08,4.94066e-323,6.95226e-310,ÎØÈÁÊÀ
1739,2.42092e-322,0,30,1.60091e+08,4.94066e-323,6.95226e-310,ÎØÈÁÊÀ
1740,2.42092e-322,0,30,1.60091e+08,4.94066e-323,6.95226e-310,ÎØÈÁÊÀ
1741,2.42092e-322,0,30,1.60091e+08,4.94066e-323,6.95226e-310,ÎØÈÁÊÀ
1742,2.42092e-322,0,30,1.60091e+08,4.94066e-323,6.95226e-310,ÎØÈÁÊÀ
1743,2.42092e-322,0,30,1.60091e+08,4.94066e-323,6.95226e-310,ÎØÈÁÊÀ
1744,2.42092e-322,0,30,1.60091e+08,4.94066e-323,6.95226e-310,ÎØÈÁÊÀ
1745,2.42092e-322,0,30,1.60091e+08,4.94066e-323,6.95226e-310,ÎØÈÁÊÀ
1746,2.42092e-322,0,30,1.60091e+08,4.94066e-323,6.95226e-310,ÎØÈÁÊÀ
1747,2.42092e-322,0,30,1.60091e+08,4.94066e-323,6.95226e-310,ÎØÈÁÊÀ
1748,2.42092e-322,0,30,1.60091e+08,4.94066e-323,6.95226e-310,ÎØÈÁÊÀ
1749,2.42092e-322,0,30,1.60091e+08,4.94066e-323,6.95226e-310,ÎØÈÁÊÀ
1750,2.42092e-322,0,30,1.60091e+08,4.94066e-323,6.95226e-310,ÎØÈÁÊÀ
1751,2.42092e-322,0,30,1.60091e+08,4.94066e-323,6.95226e-310,ÎØÈÁÊÀ
1752,2.42092e-322,0,30,1.60091e+08,4.94066e-323,6.95226e-310,ÎØÈÁÊÀ
1753,2.42092e-322,0,30,1.60091e+08,4.94066e-323,6.95226e-310,ÎØÈÁÊÀ
1754,2.42092e-322,0,30,1.60091e+08,4.94066e-323,6.95226e-310,ÎØÈÁÊÀ
1755,2.42092e-322,0,30,1.60091e+08,4.94066e-323,6.95226e-310,ÎØÈÁÊÀ
1756,2.42092e-322,0,30,1.60091e+08,4.94066e-323,6.95226e-310,ÎØÈÁÊÀ
1757,2.42092e-322,0,30,1.60091e+08,4.94066e-323,6.95226e-310,ÎØÈÁÊÀ
1758,2.42092e-322,0,30,1.60091e+08,4.94066e-323,6.95226e-310,ÎØÈÁÊÀ
1759,2.42092e-322,0,30,1.60091e+08,4.94066e-323,6.95226e-310,ÎØÈÁÊÀ
1760,2.42092e-322,0,30,1.60091e+08,4.94066e-323,6.95226e-310,ÎØÈÁÊÀ
1761,2.42092e-322,0,30,1.60091e+08,4.94066e-323,6.95226e-310,ÎØÈÁÊÀ
1762,2.42092e-322,0,30,1.60091e+08,4.94066e-323,6.95226e-310,ÎØÈÁÊÀ
1763,2.42092e-322,0,30,1.60091e+08,4.94066e-323,6.95226e-310,ÎØÈÁÊÀ
1764,2.42092e-322,0,30,1.60091e+08,4.94066e-323,6.95226e-310,ÎØÈÁÊÀ
1765,2.42092e-322,0,30,1.60091e+08,4.94066e-323,6.95226e-310,ÎØÈÁÊÀ
1766,2.42092e-322,0,30,1.60091e+08,4.94066e-323,6.95226e-310,ÎØÈÁÊÀ
1767,2.42092e-322,0,30,1.60091e+08,4.94066e-323,6.95226e-310,ÎØÈÁÊÀ
1768,2.42092e-322,0,30,1.60091e+08,4.94066e-323,6.95226e-310,ÎØÈÁÊÀ
1769,2.42092e-322,0,30,1.60091e+08,4.94066e-323,6.95226e-310,ÎØÈÁÊÀ
1770,2.42092e-322,0,30,1.60091e+08,4.94066e-323,6.95226e-310,ÎØÈÁÊÀ
1771,2.42092e-322,0,30,1.60091e+08,4.94066e-323,6.95226e-310,ÎØÈÁÊÀ
1772,2.42092e-322,0,30,1.60091e+08,4.94066e-323,6.95226e-310,ÎØÈÁÊÀ
1773,2.42092e-322,0,30,1.60091e+08,4.94066e-323,6.95226e-310,ÎØÈÁÊÀ
1774,2.42092e-322,0,30,1.60031e+08,4.94066e-323,6.95226e-310,ÎØÈÁÊÀ
1775,2.42092e-322,0,30,1.60031e+08,4.94066e-323,6.95226e-310,ÎØÈÁÊÀ
1776,2.42092e-322,0,30,1.60031e+08,4.94066e-323,6.95226e-310,ÎØÈÁÊÀ
1777,2.42092e-322,0,30,1.60031e+08,4.94066e-323,6.95226e-310,ÎØÈÁÊÀ
1778,2.42092e-322,0,30,1.60031e+08,4.94066e-323,6.95226e-310,ÎØÈÁÊÀ
1779,2.42092e-322,0,30,1.60031e+08,4.94066e-323,6.95226e-310,ÎØÈÁÊÀ
1780,2.42092e-322,0,30,1.60031e+08,4.94066e-323,6.95226e-310,ÎØÈÁÊÀ
1781,2.42092e-322,0,30,1.60031e+08,4.94066e-323,6.95226e-310,ÎØÈÁÊÀ
1782,2.42092e-322,0,30,1.60031e+08,4.94066e-323,6.95226e-310,ÎØÈÁÊÀ
1783,2.42092e-322,0,30,1.60031e+08,4.94066e-323,6.95226e-310,ÎØÈÁÊÀ
1784,2.42092e-322,0,30,1.60031e+08,4.94066e-323,6.95226e-310,ÎØÈÁÊÀ
1785,2.42092e-322,0,30,1.60031e+08,4.94066e-323,6.95226e-310,ÎØÈÁÊÀ
1786,2.42092e-322,0,30,1.60031e+08,4.94066e-323,6.95226e-310,ÎØÈÁÊÀ
1787,2.42092e-322,0,30,1.60031e+08,4.94066e-323,6.95226e-310,ÎØÈÁÊÀ
1788,2.42092e-322,0,30,1.60031e+08,4.94066e-323,6.95226e-310,ÎØÈÁÊÀ
1789,2.42092e-322,0,30,1.60031e+08,4.94066e-323,6.95226e-310,ÎØÈÁÊÀ
1790,2.42092e-322,0,30,1.60031e+08,4.94066e-323,6.95226e-310,ÎØÈÁÊÀ
1791,2.42092e-322,0,30,1.60031e+08,4.94066e-323,6.95226e-310,ÎØÈÁÊÀ
1792,2.42092e-322,0,30,1.60031e+08,4.94066e-323,6.95226e-310,ÎØÈÁÊÀ
1793,2.42092e-322,0,30,1.60031e+08,4.94066e-323,6.95226e-310,ÎØÈÁÊÀ
1794,2.42092e-322,0,30,1.60031e+08,4.94066e-323,6.95226e-310,ÎØÈÁÊÀ
1795,2.42092e-322,0,30,1.60031e+08,4.94066e-323,6.95226e-310,ÎØÈÁÊÀ
1796,2.42092e-322,0,30,1.60031e+08,4.94066e-323,6.95226e-310,ÎØÈÁÊÀ
1797,2.42092e-322,0,30,1.60031e+08,4.94066e-323,6.95226e-310,ÎØÈÁÊÀ
1798,2.42092e-322,0,30,1.60031e+08,4.94066e-323,6.95226e-310,ÎØÈÁÊÀ
1799,2.42092e-322,0,30,1.60031e+08,4.94066e-323,6.95226e-310,ÎØÈÁÊÀ
1800,2.42092e-322,0,30,1.60031e+08,4.94066e-323,6.95226e-310,ÎØÈÁÊÀ
1801,2.42092e-322,0,30,1.60031e+08,4.94066e-323,6.95226e-310,ÎØÈÁÊÀ
1802,2.42092e-322,0,30,1.60031e+08,4.94066e-323,6.95226e-310,ÎØÈÁÊÀ
1803,2.42092e-322,0,30,1.60031e+08,4.94066e-323,6.95226e-310,ÎØÈÁÊÀ
1804,2.42092e-322,0,30,1.60031e+08,4.94066e-323,6.95226e-310,ÎØÈÁÊÀ
1805,2.42092e-322,0,30,1.60031e+08,4.94066e-323,6.95226e-310,ÎØÈÁÊÀ
1806,2.42092e-322,0,30,1.60031e+08,4.94066e-323,6.95226e-310,ÎØÈÁÊÀ
1807,2.42092e-322,0,30,1.60031e+08,4.94066e-323,6.95226e-310,ÎØÈÁÊÀ
1808,2.42092e-322,0,30,1.60031e+08,4.94066e-323,6.95226e-310,ÎØÈÁÊÀ
1809,2.42092e-322,0,30,1.60031e+08,4.94066e-323,6.95226e-310,ÎØÈÁÊÀ
1810,2.42092e-322,0,30,1.60031e+08,4.94066e-323,6.95226e-310,ÎØÈÁÊÀ
1811,2.42092e-322,0,30,1.60031e+08,4.94066e-323,6.95226e-310,ÎØÈÁÊÀ
1812,2.42092e-322,0,30,1.60031e+08,4.94066e-323,6.95226e-310,ÎØÈÁÊÀ
1813,2.42092e-322,0,30,1.60031e+08,4.94066e-323,6.95226e-310,ÎØÈÁÊÀ
1814,2.42092e-322,0,30,1.60031e+08,4.94066e-323,6.95226e-310,ÎØÈÁÊÀ
1815,2.42092e-322,0,30,1.60031e+08,4.94066e-323,6.95226e-310,ÎØÈÁÊÀ
1816,2.42092e-322,0,30,1.60031e+08,4.94066e-323,6.95226e-310,ÎØÈÁÊÀ
1817,2.42092e-322,0,30,1.60031e+08,4.94066e-323,6.95226e-310,ÎØÈÁÊÀ
1818,2.42092e-322,0,30,1.60031e+08,4.94066e-323,6.95226e-310,ÎØÈÁÊÀ
1819,2.42092e-322,0,30,1.60031e+08,4.94066e-323,6.95226e-310,ÎØÈÁÊÀ
1820,2.42092e-322,0,30,1.60031e+08,4.94066e-323,6.95226e-310,ÎØÈÁÊÀ
1821,2.42092e-322,0,30,1.60031e+08,4.94066e-323,6.95226e-310,ÎØÈÁÊÀ
1822,2.42092e-322,0,30,1.60031e+08,4.94066e-323,6.95226e-310,ÎØÈÁÊÀ
1823,2.42092e-322,0,30,1.60031e+08,4.94066e-323,6.95226e-310,ÎØÈÁÊÀ
1824,2.42092e-322,0,30,1.60031e+08,4.94066e-323,6.95226e-310,ÎØÈÁÊÀ
1825,2.42092e-322,0,30,1.60031e+08,4.94066e-323,6.95226e-310,ÎØÈÁÊÀ
1826,2.42092e-322,0,30,1.60031e+08,4.94066e-323,6.95226e-310,ÎØÈÁÊÀ
1827,2.42092e-322,0,30,1.60031e+08,4.94066e-323,6.95226e-310,ÎØÈÁÊÀ
1828,2.42092e-322,0,30,1.60031e+08,4.94066e-323,6.95226e-310,ÎØÈÁÊÀ
1829,2.42092e-322,0,30,1.60031e+08,4.94066e-323,6.95226e-310,ÎØÈÁÊÀ
1830,2.42092e-322,0,30,1.60031e+08,4.94066e-323,6.95226e-310,ÎØÈÁÊÀ
1831,2.42092e-322,0,30,1.60031e+08,4.94066e-323,6.95226e-310,ÎØÈÁÊÀ
1832,2.42092e-322,0,30,1.60031e+08,4.94066e-323,6.95226e-310,ÎØÈÁÊÀ
1833,2.42092e-322,0,30,1.60031e+08,4.94066e-323,6.95226e-310,ÎØÈÁÊÀ
1834,2.42092e-322,0,30,1.60031e+08,4.94066e-323,6.95226e-310,ÎØÈÁÊÀ
1835,2.42092e-322,0,30,1.60031e+08,4.94066e-323,6.95226e-310,ÎØÈÁÊÀ
1836,2.42092e-322,0,30,1.60031e+08,4.94066e-323,6.95226e-310,ÎØÈÁÊÀ
1837,2.42092e-322,0,30,1.60031e+08,4.94066e-323,6.95226e-310,ÎØÈÁÊÀ
1838,2.42092e-322,0,30,1.60031e+08,4.94066e-323,6.95226e-310,ÎØÈÁÊÀ
1839,2.42092e-322,0,30,1.60031e+08,4.94066e-323,6.95226e-310,ÎØÈÁÊÀ
1840,2.42092e-322,0,30,1.60031e+08,4.94066e-323,6.95226e-310,ÎØÈÁÊÀ
1841,2.42092e-322,0,30,1.60031e+08,4.94066e-323,6.95226e-310,ÎØÈÁÊÀ
1842,2.42092e-322,0,30,1.60031e+08,4.94066e-323,6.95226e-310,ÎØÈÁÊÀ
1843,2.42092e-322,0,30,1.60031e+08,4.94066e-323,6.95226e-310,ÎØÈÁÊÀ
1844,2.42092e-322,0,30,1.60031e+08,4.94066e-323,6.95226e-310,ÎØÈÁÊÀ
1845,2.42092e-322,0,30,1.60031e+08,4.94066e-323,6.95226e-310,ÎØÈÁÊÀ
1846,2.42092e-322,0,30,1.60031e+08,4.94066e-323,6.95226e-310,ÎØÈÁÊÀ
1847,2.42092e-322,0,30,1.60031e+08,4.94066e-323,6.95226e-310,ÎØÈÁÊÀ
1848,2.42092e-322,0,30,1.60031e+08,4.94066e-323,6.95226e-310,ÎØÈÁÊÀ
1849,2.42092e-322,0,30,1.60031e+08,4.94066e-323,6.95226e-310,ÎØÈÁÊÀ
1850,2.42092e-322,0,30,1.60031e+08,4.94066e-323,6.95226e-310,ÎØÈÁÊÀ
1851,2.42092e-322,0,30,1.60031e+08,4.94066e-323,6.95226e-310,ÎØÈÁÊÀ
1852,2.42092e-322,0,30,1.60031e+08,4.94066e-323,6.95226e-310,ÎØÈÁÊÀ
1853,2.42092e-322,0,30,1.60031e+08,4.94066e-323,6.95226e-310,ÎØÈÁÊÀ
1854,2.42092e-322,0,30,1.60031e+08,4.94066e-323,6.95226e-310,ÎØÈÁÊÀ
1855,2.42092e-322,0,30,1.60031e+08,4.94066e-323,6.95226e-310,ÎØÈÁÊÀ
1856,2.42092e-322,0,30,1.60031e+08,4.94066e-323,6.95226e-310,ÎØÈÁÊÀ
1857,2.42092e-322,0,30,1.60031e+08,4.94066e-323,6.95226e-310,ÎØÈÁÊÀ
1858,2.42092e-322,0,30,1.60031e+08,4.94066e-323,6.95226e-310,ÎØÈÁÊÀ
1859,2.42092e-322,0,30,1.60031e+08,4.94066e-323,6.95226e-310,ÎØÈÁÊÀ
1860,2.42092e-322,0,30,1.60031e+08,4.94066e-323,6.95226e-310,ÎØÈÁÊÀ
1861,2.42092e-322,0,30,1.60031e+08,4.94066e-323,6.95226e-310,ÎØÈÁÊÀ
1862,2.42092e-322,0,30,1.60031e+08,4.94066e-323,6.95226e-310,ÎØÈÁÊÀ
1863,2.42092e-322,0,30,1.60031e+08,4.94066e-323,6.95226e-310,ÎØÈÁÊÀ
1864,2.42092e-322,0,30,1.60031e+08,4.94066e-323,6.95226e-310,ÎØÈÁÊÀ
1865,2.42092e-322,0,30,1.60031e+08,4.94066e-323,6.95226e-310,ÎØÈÁÊÀ
1866,2.42092e-322,0,30,1.60031e+08,4.94066e-323,6.95226e-310,ÎØÈÁÊÀ
1867,2.42092e-322,0,30,1.60031e+08,4.94066e-323,6.95226e-310,ÎØÈÁÊÀ
1868,2.42092e-322,0,30,1.6004e+08,4.94066e-323,6.95226e-310,ÎØÈÁÊÀ
1869,2.42092e-322,0,30,1.6004e+08,4.94066e-323,6.95226e-310,ÎØÈÁÊÀ
1870,2.42092e-322,0,30,1.6004e+08,4.94066e-323,6.95226e-310,ÎØÈÁÊÀ
1871,2.42092e-322,0,30,1.6004e+08,4.94066e-323,6.95226e-310,ÎØÈÁÊÀ
1872,2.42092e-322,0,30,1.6004e+08,4.94066e-323,6.95226e-310,ÎØÈÁÊÀ
1873,2.42092e-322,0,30,1.6004e+08,4.94066e-323,6.95226e-310,ÎØÈÁÊÀ
1874,2.42092e-322,0,30,1.6004e+08,4.94066e-323,6.95226e-310,ÎØÈÁÊÀ
1875,2.42092e-322,0,30,1.6004e+08,4.94066e-323,6.95226e-310,ÎØÈÁÊÀ
1876,2.42092e-322,0,30,1.6004e+08,4.94066e-323,6.95226e-310,ÎØÈÁÊÀ
1877,2.42092e-322,0,30,1.6004e+08,4.94066e-323,6.95226e-310,ÎØÈÁÊÀ
1878,2.42092e-322,0,30,1.6004e+08,4.94066e-323,6.95226e-310,ÎØÈÁÊÀ
1879,2.42092e-322,0,30,1.6004e+08,4.94066e-323,6.95226e-310,ÎØÈÁÊÀ
1880,2.42092e-322,0,30,1.6004e+08,4.94066e-323,6.95226e-310,ÎØÈÁÊÀ
1881,2.42092e-322,0,30,1.6004e+08,4.94066e-323,6.95226e-310,ÎØÈÁÊÀ
1882,2.42092e-322,0,30,1.6004e+08,4.94066e-323,6.95226e-310,ÎØÈÁÊÀ
1883,2.42092e-322,0,30,1.6004e+08,4.94066e-323,6.95226e-310,ÎØÈÁÊÀ
1884,2.42092e-322,0,30,1.6004e+08,4.94066e-323,6.95226e-310,ÎØÈÁÊÀ
1885,2.42092e-322,0,30,1.6004e+08,4.94066e-323,6.95226e-310,ÎØÈÁÊÀ
1886,2.42092e-322,0,30,1.6004e+08,4.94066e-323,6.95226e-310,ÎØÈÁÊÀ
1887,2.42092e-322,0,30,1.6004e+08,4.94066e-323,6.95226e-310,ÎØÈÁÊÀ
1888,2.42092e-322,0,30,1.6004e+08,4.94066e-323,6.95226e-310,ÎØÈÁÊÀ
1889,2.42092e-322,0,30,1.6004e+08,4.94066e-323,6.95226e-310,ÎØÈÁÊÀ
1890,2.42092e-322,0,30,1.6004e+08,4.94066e-323,6.95226e-310,ÎØÈÁÊÀ
1891,2.42092e-322,0,30,1.6004e+08,4.94066e-323,6.95226e-310,ÎØÈÁÊÀ
1892,2.42092e-322,0,30,1.6004e+08,4.94066e-323,6.95226e-310,ÎØÈÁÊÀ
1893,2.42092e-322,0,30,1.6004e+08,4.94066e-323,6.95226e-310,ÎØÈÁÊÀ
1894,2.42092e-322,0,30,1.6004e+08,4.94066e-323,6.95226e-310,ÎØÈÁÊÀ
1895,2.42092e-322,0,30,1.6004e+08,4.94066e-323,6.95226e-310,ÎØÈÁÊÀ
1896,2.42092e-322,0,30,1.6004e+08,4.94066e-323,6.95226e-310,ÎØÈÁÊÀ
1897,2.42092e-322,0,30,1.6004e+08,4.94066e-323,6.95226e-310,ÎØÈÁÊÀ
1898,2.42092e-322,0,30,1.6004e+08,4.94066e-323,6.95226e-310,ÎØÈÁÊÀ
1899,2.42092e-322,0,30,1.6004e+08,4.94066e-323,6.95226e-310,ÎØÈÁÊÀ
1900,2.42092e-322,0,30,1.6004e+08,4.94066e-323,6.95226e-310,ÎØÈÁÊÀ
1901,2.42092e-322,0,30,1.6004e+08,4.94066e-323,6.95226e-310,ÎØÈÁÊÀ
1902,2.42092e-322,0,30,1.6004e+08,4.94066e-323,6.95226e-310,ÎØÈÁÊÀ
1903,2.42092e-322,0,30,1.6004e+08,4.94066e-323,6.95226e-310,ÎØÈÁÊÀ
1904,2.42092e-322,0,30,1.6004e+08,4.94066e-323,6.95226e-310,ÎØÈÁÊÀ
1905,2.42092e-322,0,30,1.6004e+08,4.94066e-323,6.95226e-310,ÎØÈÁÊÀ
1906,2.42092e-322,0,30,1.6004e+08,4.94066e-323,6.95226e-310,ÎØÈÁÊÀ
1907,2.42092e-322,0,30,1.6004e+08,4.94066e-323,6.95226e-310,ÎØÈÁÊÀ
1908,2.42092e-322,0,30,1.6004e+08,4.94066e-323,6.95226e-310,ÎØÈÁÊÀ
1909,2.42092e-322,0,30,1.6004e+08,4.94066e-323,6.95226e-310,ÎØÈÁÊÀ
1910,2.42092e-322,0,30,1.6004e+08,4.94066e-323,6.95226e-310,ÎØÈÁÊÀ
1911,2.42092e-322,0,30,1.6004e+08,4.94066e-323,6.95226e-310,ÎØÈÁÊÀ
1912,2.42092e-322,0,30,1.6004e+08,4.94066e-323,6.95226e-310,ÎØÈÁÊÀ
1913,2.42092e-322,0,30,1.6004e+08,4.94066e-323,6.95226e-310,ÎØÈÁÊÀ
1914,2.42092e-322,0,30,1.6004e+08,4.94066e-323,6.95226e-310,ÎØÈÁÊÀ
1915,2.42092e-322,0,30,1.6004e+08,4.94066e-323,6.95226e-310,ÎØÈÁÊÀ
1916,2.42092e-322,0,30,1.6004e+08,4.94066e-323,6.95226e-310,ÎØÈÁÊÀ
1917,2.42092e-322,0,30,1.6004e+08,4.94066e-323,6.95226e-310,ÎØÈÁÊÀ
1918,2.42092e-322,0,30,1.6004e+08,4.94066e-323,6.95226e-310,ÎØÈÁÊÀ
1919,2.42092e-322,0,30,1.6004e+08,4.94066e-323,6.95226e-310,ÎØÈÁÊÀ
1920,2.42092e-322,0,30,1.6004e+08,4.94066e-323,6.95226e-310,ÎØÈÁÊÀ
1921,2.42092e-322,0,30,1.6004e+08,4.94066e-323,6.95226e-310,ÎØÈÁÊÀ
1922,2.42092e-322,0,30,1.6004e+08,4.94066e-323,6.95226e-310,ÎØÈÁÊÀ
1923,2.42092e-322,0,30,1.6004e+08,4.94066e-323,6.95226e-310,ÎØÈÁÊÀ
1924,2.42092e-322,0,30,1.6004e+08,4.94066e-323,6.95226e-310,ÎØÈÁÊÀ
1925,2.42092e-322,0,30,1.6004e+08,4.94066e-323,6.95226e-310,ÎØÈÁÊÀ
1926,2.42092e-322,0,30,1.6004e+08,4.94066e-323,6.95226e-310,ÎØÈÁÊÀ
1927,2.42092e-322,0,30,1.6004e+08,4.94066e-323,6.95226e-310,ÎØÈÁÊÀ
1928,2.42092e-322,0,30,1.6004e+08,4.94066e-323,6.95226e-310,ÎØÈÁÊÀ
1929,2.42092e-322,0,30,1.6004e+08,4.94066e-323,6.95226e-310,ÎØÈÁÊÀ
1930,2.42092e-322,0,30,1.6004e+08,4.94066e-323,6.95226e-310,ÎØÈÁÊÀ
1931,2.42092e-322,0,30,1.6004e+08,4.94066e-323,6.95226e-310,ÎØÈÁÊÀ
1932,2.42092e-322,0,30,1.6004e+08,4.94066e-323,6.95226e-310,ÎØÈÁÊÀ
1933,2.42092e-322,0,30,1.6004e+08,4.94066e-323,6.95226e-310,ÎØÈÁÊÀ
1934,2.42092e-322,0,30,1.6004e+08,4.94066e-323,6.95226e-310,ÎØÈÁÊÀ
1935,2.42092e-322,0,30,1.6004e+08,4.94066e-323,6.95226e-310,ÎØÈÁÊÀ
1936,2.42092e-322,0,30,1.6004e+08,4.94066e-323,6.95226e-310,ÎØÈÁÊÀ
1937,2.42092e-322,0,30,1.6004e+08,4.94066e-323,6.95226e-310,ÎØÈÁÊÀ
1938,2.42092e-322,0,30,1.6004e+08,4.94066e-323,6.95226e-310,ÎØÈÁÊÀ
1939,2.42092e-322,0,30,1.6004e+08,4.94066e-323,6.95226e-310,ÎØÈÁÊÀ
1940,2.42092e-322,0,30,1.6004e+08,4.94066e-323,6.95226e-310,ÎØÈÁÊÀ
1941,2.42092e-322,0,30,1.6004e+08,4.94066e-323,6.95226e-310,ÎØÈÁÊÀ
1942,2.42092e-322,0,30,1.6004e+08,4.94066e-323,6.95226e-310,ÎØÈÁÊÀ
1943,2.42092e-322,0,30,1.6004e+08,4.94066e-323,6.95226e-310,ÎØÈÁÊÀ
1944,2.42092e-322,0,30,1.6004e+08,4.94066e-323,6.95226e-310,ÎØÈÁÊÀ
1945,2.42092e-322,0,30,1.6004e+08,4.94066e-323,6.95226e-310,ÎØÈÁÊÀ
1946,2.42092e-322,0,30,1.6004e+08,4.94066e-323,6.95226e-310,ÎØÈÁÊÀ
1947,2.42092e-322,0,30,1.6004e+08,4.94066e-323,6.95226e-310,ÎØÈÁÊÀ
1948,2.42092e-322,0,30,1.6004e+08,4.94066e-323,6.95226e-310,ÎØÈÁÊÀ
1949,2.42092e-322,0,30,1.6004e+08,4.94066e-323,6.95226e-310,ÎØÈÁÊÀ
1950,2.42092e-322,0,30,1.6004e+08,4.94066e-323,6.95226e-310,ÎØÈÁÊÀ
1951,2.42092e-322,0,30,1.6004e+08,4.94066e-323,6.95226e-310,ÎØÈÁÊÀ
1952,2.42092e-322,0,30,1.6004e+08,4.94066e-323,6.95226e-310,ÎØÈÁÊÀ
1953,2.42092e-322,0,30,1.6004e+08,4.94066e-323,6.95226e-310,ÎØÈÁÊÀ
1954,2.42092e-322,0,30,1.6004e+08,4.94066e-323,6.95226e-310,ÎØÈÁÊÀ
1955,2.42092e-322,0,30,1.6004e+08,4.94066e-323,6.95226e-310,ÎØÈÁÊÀ
1956,2.42092e-322,0,30,1.6004e+08,4.94066e-323,6.95226e-310,ÎØÈÁÊÀ
1957,2.42092e-322,0,30,1.6004e+08,4.94066e-323,6.95226e-310,ÎØÈÁÊÀ
1958,2.42092e-322,0,30,1.6004e+08,4.94066e-323,6.95226e-310,ÎØÈÁÊÀ
1959,2.42092e-322,0,30,1.6004e+08,4.94066e-323,6.95226e-310,ÎØÈÁÊÀ
1960,2.42092e-322,0,30,1.6004e+08,4.94066e-323,6.95226e-310,ÎØÈÁÊÀ
1961,2.42092e-322,0,30,1.6004e+08,4.94066e-323,6.95226e-310,ÎØÈÁÊÀ
1962,2.42092e-322,0,30,1.6004e+08,4.94066e-323,6.95226e-310,ÎØÈÁÊÀ
1963,2.42092e-322,0,30,1.6004e+08,4.94066e-323,6.95226e-310,ÎØÈÁÊÀ
1964,2.42092e-322,0,30,1.6004e+08,4.94066e-323,6.95226e-310,ÎØÈÁÊÀ
1965,2.42092e-322,0,30,1.6004e+08,4.94066e-323,6.95226e-310,ÎØÈÁÊÀ
1966,2.42092e-322,0,30,1.6004e+08,4.94066e-323,6.95226e-310,ÎØÈÁÊÀ
1967,2.42092e-322,0,30,1.6004e+08,4.94066e-323,6.95226e-310,ÎØÈÁÊÀ
1968,2.42092e-322,0,30,1.6004e+08,4.94066e-323,6.95226e-310,ÎØÈÁÊÀ
1969,2.42092e-322,0,30,1.6004e+08,4.94066e-323,6.95226e-310,ÎØÈÁÊÀ
1970,2.42092e-322,0,30,1.6004e+08,4.94066e-323,6.95226e-310,ÎØÈÁÊÀ
1971,2.42092e-322,0,30,1.6004e+08,4.94066e-323,6.95226e-310,ÎØÈÁÊÀ
1972,2.42092e-322,0,30,1.6004e+08,4.94066e-323,6.95226e-310,ÎØÈÁÊÀ
1973,2.42092e-322,0,30,1.6005e+08,4.94066e-323,6.95226e-310,ÎØÈÁÊÀ
1974,2.42092e-322,0,30,1.6005e+08,4.94066e-323,6.95226e-310,ÎØÈÁÊÀ
1975,2.42092e-322,0,30,1.6005e+08,4.94066e-323,6.95226e-310,ÎØÈÁÊÀ
1976,2.42092e-322,0,30,1.6005e+08,4.94066e-323,6.95226e-310,ÎØÈÁÊÀ
1977,2.42092e-322,0,30,1.6005e+08,4.94066e-323,6.95226e-310,ÎØÈÁÊÀ
1978,2.42092e-322,0,30,1.6005e+08,4.94066e-323,6.95226e-310,ÎØÈÁÊÀ
1979,2.42092e-322,0,30,1.6005e+08,4.94066e-323,6.95226e-310,ÎØÈÁÊÀ
1980,2.42092e-322,0,30,1.6005e+08,4.94066e-323,6.95226e-310,ÎØÈÁÊÀ
1981,2.42092e-322,0,30,1.6005e+08,4.94066e-323,6.95226e-310,ÎØÈÁÊÀ
1982,2.42092e-322,0,30,1.6005e+08,4.94066e-323,6.95226e-310,ÎØÈÁÊÀ
1983,2.42092e-322,0,30,1.6005e+08,4.94066e-323,6.95226e-310,ÎØÈÁÊÀ
1984,2.42092e-322,0,30,1.6005e+08,4.94066e-323,6.95226e-310,ÎØÈÁÊÀ
1985,2.42092e-322,0,30,1.6005e+08,4.94066e-323,6.95226e-310,ÎØÈÁÊÀ
1986,2.42092e-322,0,30,1.6005e+08,4.94066e-323,6.95226e-310,ÎØÈÁÊÀ
1987,2.42092e-322,0,30,1.6005e+08,4.94066e-323,6.95226e-310,ÎØÈÁÊÀ
1988,2.42092e-322,0,30,1.6005e+08,4.94066e-323,6.95226e-310,ÎØÈÁÊÀ
1989,2.42092e-322,0,30,1.6005e+08,4.94066e-323,6.95226e-310,ÎØÈÁÊÀ
1990,2.42092e-322,0,30,1.6005e+08,4.94066e-323,6.95226e-310,ÎØÈÁÊÀ
1991,2.42092e-322,0,30,1.6005e+08,4.94066e-323,6.95226e-310,ÎØÈÁÊÀ
1992,2.42092e-322,0,30,1.6005e+08,4.94066e-323,6.95226e-310,ÎØÈÁÊÀ
1993,2.42092e-322,0,30,1.6005e+08,4.94066e-323,6.95226e-310,ÎØÈÁÊÀ
1994,2.42092e-322,0,30,1.6005e+08,4.94066e-323,6.95226e-310,ÎØÈÁÊÀ
1995,2.42092e-322,0,30,1.6005e+08,4.94066e-323,6.95226e-310,ÎØÈÁÊÀ
1996,2.42092e-322,0,30,1.6005e+08,4.94066e-323,6.95226e-310,ÎØÈÁÊÀ
1997,2.42092e-322,0,30,1.6005e+08,4.94066e-323,6.95226e-310,ÎØÈÁÊÀ
1998,2.42092e-322,0,30,1.6005e+08,4.94066e-323,6.95226e-310,ÎØÈÁÊÀ
1999,2.42092e-322,0,30,1.6005e+08,4.94066e-323,6.95226e-310,ÎØÈÁÊÀ
2000,2.42092e-322,0,30,1.6005e+08,4.94066e-323,6.95226e-310,ÎØÈÁÊÀ
2001,2.42092e-322,0,30,1.6005e+08,4.94066e-323,6.95226e-310,ÎØÈÁÊÀ
2002,2.42092e-322,0,30,1.6005e+08,4.94066e-323,6.95226e-310,ÎØÈÁÊÀ
2003,2.42092e-322,0,30,1.6005e+08,4.94066e-323,6.95226e-310,ÎØÈÁÊÀ
2004,2.42092e-322,0,30,1.6005e+08,4.94066e-323,6.95226e-310,ÎØÈÁÊÀ
2005,2.42092e-322,0,30,1.6005e+08,4.94066e-323,6.95226e-310,ÎØÈÁÊÀ
2006,2.42092e-322,0,30,1.6005e+08,4.94066e-323,6.95226e-310,ÎØÈÁÊÀ
2007,2.42092e-322,0,30,1.6005e+08,4.94066e-323,6.95226e-310,ÎØÈÁÊÀ
2008,2.42092e-322,0,30,1.6005e+08,4.94066e-323,6.95226e-310,ÎØÈÁÊÀ
2009,2.42092e-322,0,30,1.6005e+08,4.94066e-323,6.95226e-310,ÎØÈÁÊÀ
2010,2.42092e-322,0,30,1.6005e+08,4.94066e-323,6.95226e-310,ÎØÈÁÊÀ
2011,2.42092e-322,0,30,1.6005e+08,4.94066e-323,6.95226e-310,ÎØÈÁÊÀ
2012,2.42092e-322,0,30,1.6005e+08,4.94066e-323,6.95226e-310,ÎØÈÁÊÀ
2013,2.42092e-322,0,30,1.6005e+08,4.94066e-323,6.95226e-310,ÎØÈÁÊÀ
2014,2.42092e-322,0,30,1.6005e+08,4.94066e-323,6.95226e-310,ÎØÈÁÊÀ
2015,2.42092e-322,0,30,1.6005e+08,4.94066e-323,6.95226e-310,ÎØÈÁÊÀ
2016,2.42092e-322,0,30,1.6005e+08,4.94066e-323,6.95226e-310,ÎØÈÁÊÀ
2017,2.42092e-322,0,30,1.6005e+08,4.94066e-323,6.95226e-310,ÎØÈÁÊÀ
2018,2.42092e-322,0,30,1.6005e+08,4.94066e-323,6.95226e-310,ÎØÈÁÊÀ
2019,2.42092e-322,0,30,1.6005e+08,4.94066e-323,6.95226e-310,ÎØÈÁÊÀ
2020,2.42092e-322,0,30,1.6005e+08,4.94066e-323,6.95226e-310,ÎØÈÁÊÀ
2021,2.42092e-322,0,30,1.6005e+08,4.94066e-323,6.95226e-310,ÎØÈÁÊÀ
2022,2.42092e-322,0,30,1.6005e+08,4.94066e-323,6.95226e-310,ÎØÈÁÊÀ
2023,2.42092e-322,0,30,1.6005e+08,4.94066e-323,6.95226e-310,ÎØÈÁÊÀ
2024,2.42092e-322,0,30,1.6005e+08,4.94066e-323,6.95226e-310,ÎØÈÁÊÀ
2025,2.42092e-322,0,30,1.6005e+08,4.94066e-323,6.95226e-310,ÎØÈÁÊÀ
2026,2.42092e-322,0,30,1.6005e+08,4.94066e-323,6.95226e-310,ÎØÈÁÊÀ
2027,2.42092e-322,0,30,1.6005e+08,4.94066e-323,6.95226e-310,ÎØÈÁÊÀ
2028,2.42092e-322,0,30,1.6005e+08,4.94066e-323,6.95226e-310,ÎØÈÁÊÀ
2029,2.42092e-322,0,30,1.6005e+08,4.94066e-323,6.95226e-310,ÎØÈÁÊÀ
2030,2.42092e-322,0,30,1.6005e+08,4.94066e-323,6.95226e-310,ÎØÈÁÊÀ
2031,2.42092e-322,0,30,1.6005e+08,4.94066e-323,6.95226e-310,ÎØÈÁÊÀ
2032,2.42092e-322,0,30,1.6005e+08,4.94066e-323,6.95226e-310,ÎØÈÁÊÀ
2033,2.42092e-322,0,30,1.6005e+08,4.94066e-323,6.95226e-310,ÎØÈÁÊÀ
2034,2.42092e-322,0,30,1.6005e+08,4.94066e-323,6.95226e-310,ÎØÈÁÊÀ
2035,2.42092e-322,0,30,1.6005e+08,4.94066e-323,6.95226e-310,ÎØÈÁÊÀ
2036,2.42092e-322,0,30,1.6005e+08,4.94066e-323,6.95226e-310,ÎØÈÁÊÀ
2037,2.42092e-322,0,30,1.6005e+08,4.94066e-323,6.95226e-310,ÎØÈÁÊÀ
2038,2.42092e-322,0,30,1.6005e+08,4.94066e-323,6.95226e-310,ÎØÈÁÊÀ
2039,2.42092e-322,0,30,1.6005e+08,4.94066e-323,6.95226e-310,ÎØÈÁÊÀ
2040,2.42092e-322,0,30,1.6005e+08,4.94066e-323,6.95226e-310,ÎØÈÁÊÀ
2041,2.42092e-322,0,30,1.6005e+08,4.94066e-323,6.95226e-310,ÎØÈÁÊÀ
2042,2.42092e-322,0,30,1.6005e+08,4.94066e-323,6.95226e-310,ÎØÈÁÊÀ
2043,2.42092e-322,0,30,1.6005e+08,4.94066e-323,6.95226e-310,ÎØÈÁÊÀ
2044,2.42092e-322,0,30,1.6005e+08,4.94066e-323,6.95226e-310,ÎØÈÁÊÀ
2045,2.42092e-322,0,30,1.6005e+08,4.94066e-323,6.95226e-310,ÎØÈÁÊÀ
2046,2.42092e-322,0,30,1.6005e+08,4.94066e-323,6.95226e-310,ÎØÈÁÊÀ
2047,2.42092e-322,0,30,1.6005e+08,4.94066e-323,6.95226e-310,ÎØÈÁÊÀ
2048,2.42092e-322,0,30,1.6005e+08,4.94066e-323,6.95226e-310,ÎØÈÁÊÀ
2049,2.42092e-322,0,30,1.6005e+08,4.94066e-323,6.95226e-310,ÎØÈÁÊÀ
2050,2.42092e-322,0,30,1.6005e+08,4.94066e-323,6.95226e-310,ÎØÈÁÊÀ
2051,2.42092e-322,0,30,1.6005e+08,4.94066e-323,6.95226e-310,ÎØÈÁÊÀ
2052,2.42092e-322,0,30,1.6005e+08,4.94066e-323,6.95226e-310,ÎØÈÁÊÀ
2053,2.42092e-322,0,30,1.6005e+08,4.94066e-323,6.95226e-310,ÎØÈÁÊÀ
2054,2.42092e-322,0,30,1.6005e+08,4.94066e-323,6.95226e-310,ÎØÈÁÊÀ
2055,2.42092e-322,0,30,1.6005e+08,4.94066e-323,6.95226e-310,ÎØÈÁÊÀ
2056,2.42092e-322,0,30,1.6005e+08,4.94066e-323,6.95226e-310,ÎØÈÁÊÀ
2057,2.42092e-322,0,30,1.6005e+08,4.94066e-323,6.95226e-310,ÎØÈÁÊÀ
2058,2.42092e-322,0,30,1.6005e+08,4.94066e-323,6.95226e-310,ÎØÈÁÊÀ
2059,2.42092e-322,0,30,1.6005e+08,4.94066e-323,6.95226e-310,ÎØÈÁÊÀ
2060,2.42092e-322,0,30,1.6005e+08,4.94066e-323,6.95226e-310,ÎØÈÁÊÀ
2061,2.42092e-322,0,30,1.6005e+08,4.94066e-323,6.95226e-310,ÎØÈÁÊÀ
2062,2.42092e-322,0,30,1.6005e+08,4.94066e-323,6.95226e-310,ÎØÈÁÊÀ
2063,2.42092e-322,0,30,1.6005e+08,4.94066e-323,6.95226e-310,ÎØÈÁÊÀ
2064,2.42092e-322,0,30,1.6005e+08,4.94066e-323,6.95226e-310,ÎØÈÁÊÀ
2065,2.42092e-322,0,30,1.6005e+08,4.94066e-323,6.95226e-310,ÎØÈÁÊÀ
2066,2.42092e-322,0,30,1.6005e+08,4.94066e-323,6.95226e-310,ÎØÈÁÊÀ
2067,2.42092e-322,0,30,1.6005e+08,4.94066e-323,6.95226e-310,ÎØÈÁÊÀ
2068,2.42092e-322,0,30,1.6005e+08,4.94066e-323,6.95226e-310,ÎØÈÁÊÀ
2069,2.42092e-322,0,30,1.6005e+08,4.94066e-323,6.95226e-310,ÎØÈÁÊÀ
2070,2.42092e-322,0,30,1.6005e+08,4.94066e-323,6.95226e-310,ÎØÈÁÊÀ
2071,2.42092e-322,0,30,1.6005e+08,4.94066e-323,6.95226e-310,ÎØÈÁÊÀ
2072,2.42092e-322,0,30,1.6005e+08,4.94066e-323,6.95226e-310,ÎØÈÁÊÀ
2073,2.42092e-322,0,30,1.6005e+08,4.94066e-323,6.95226e-310,ÎØÈÁÊÀ
2074,2.42092e-322,0,30,1.6005e+08,4.94066e-323,6.95226e-310,ÎØÈÁÊÀ
2075,2.42092e-322,0,30,1.6005e+08,4.94066e-323,6.95226e-310,ÎØÈÁÊÀ
2076,2.42092e-322,0,30,1.6005e+08,4.94066e-323,6.95226e-310,ÎØÈÁÊÀ
2077,2.42092e-322,0,30,1.6005e+08,4.94066e-323,6.95226e-310,ÎØÈÁÊÀ
2078,2.42092e-322,0,30,1.6005e+08,4.94066e-323,6.95226e-310,ÎØÈÁÊÀ
2079,2.42092e-322,0,30,1.6005e+08,4.94066e-323,6.95226e-310,ÎØÈÁÊÀ
2080,2.42092e-322,0,30,1.6005e+08,4.94066e-323,6.95226e-310,ÎØÈÁÊÀ
2081,2.42092e-322,0,30,1.6005e+08,4.94066e-323,6.95226e-310,ÎØÈÁÊÀ
2082,2.42092e-322,0,30,1.60064e+08,4.94066e-323,6.95226e-310,ÎØÈÁÊÀ
2083,2.42092e-322,0,30,1.60064e+08,4.94066e-323,6.95226e-310,ÎØÈÁÊÀ
2084,2.42092e-322,0,30,1.60064e+08,4.94066e-323,6.95226e-310,ÎØÈÁÊÀ
2085,2.42092e-322,0,30,1.60064e+08,4.94066e-323,6.95226e-310,ÎØÈÁÊÀ
2086,2.42092e-322,0,30,1.60064e+08,4.94066e-323,6.95226e-310,ÎØÈÁÊÀ
2087,2.42092e-322,0,30,1.60064e+08,4.94066e-323,6.95226e-310,ÎØÈÁÊÀ
2088,2.42092e-322,0,30,1.60064e+08,4.94066e-323,6.95226e-310,ÎØÈÁÊÀ
2089,2.42092e-322,0,30,1.60064e+08,4.94066e-323,6.95226e-310,ÎØÈÁÊÀ
2090,2.42092e-322,0,30,1.60064e+08,4.94066e-323,6.95226e-310,ÎØÈÁÊÀ
2091,2.42092e-322,0,30,1.60064e+08,4.94066e-323,6.95226e-310,ÎØÈÁÊÀ
2092,2.42092e-322,0,30,1.60064e+08,4.94066e-323,6.95226e-310,ÎØÈÁÊÀ
2093,2.42092e-322,0,30,1.60064e+08,4.94066e-323,6.95226e-310,ÎØÈÁÊÀ
2094,2.42092e-322,0,30,1.60064e+08,4.94066e-323,6.95226e-310,ÎØÈÁÊÀ
2095,2.42092e-322,0,30,1.60064e+08,4.94066e-323,6.95226e-310,ÎØÈÁÊÀ
2096,2.42092e-322,0,30,1.60064e+08,4.94066e-323,6.95226e-310,ÎØÈÁÊÀ
2097,2.42092e-322,0,30,1.60064e+08,4.94066e-323,6.95226e-310,ÎØÈÁÊÀ
2098,2.42092e-322,0,30,1.60064e+08,4.94066e-323,6.95226e-310,ÎØÈÁÊÀ
2099,2.42092e-322,0,30,1.60064e+08,4.94066e-323,6.95226e-310,ÎØÈÁÊÀ
2100,2.42092e-322,0,30,1.60064e+08,4.94066e-323,6.95226e-310,ÎØÈÁÊÀ
2101,2.42092e-322,0,30,1.60064e+08,4.94066e-323,6.95226e-310,ÎØÈÁÊÀ
2102,2.42092e-322,0,30,1.60064e+08,4.94066e-323,6.95226e-310,ÎØÈÁÊÀ
2103,2.42092e-322,0,30,1.60064e+08,4.94066e-323,6.95226e-310,ÎØÈÁÊÀ
2104,2.42092e-322,0,30,1.60064e+08,4.94066e-323,6.95226e-310,ÎØÈÁÊÀ
2105,2.42092e-322,0,30,1.60064e+08,4.94066e-323,6.95226e-310,ÎØÈÁÊÀ
2106,2.42092e-322,0,30,1.60064e+08,4.94066e-323,6.95226e-310,ÎØÈÁÊÀ
2107,2.42092e-322,0,30,1.60064e+08,4.94066e-323,6.95226e-310,ÎØÈÁÊÀ
2108,2.42092e-322,0,30,1.60064e+08,4.94066e-323,6.95226e-310,ÎØÈÁÊÀ
2109,2.42092e-322,0,30,1.60064e+08,4.94066e-323,6.95226e-310,ÎØÈÁÊÀ
2110,2.42092e-322,0,30,1.60064e+08,4.94066e-323,6.95226e-310,ÎØÈÁÊÀ
2111,2.42092e-322,0,30,1.60064e+08,4.94066e-323,6.95226e-310,ÎØÈÁÊÀ
2112,2.42092e-322,0,30,1.60064e+08,4.94066e-323,6.95226e-310,ÎØÈÁÊÀ
2113,2.42092e-322,0,30,1.60064e+08,4.94066e-323,6.95226e-310,ÎØÈÁÊÀ
2114,2.42092e-322,0,30,1.60064e+08,4.94066e-323,6.95226e-310,ÎØÈÁÊÀ
2115,2.42092e-322,0,30,1.60064e+08,4.94066e-323,6.95226e-310,ÎØÈÁÊÀ
2116,2.42092e-322,0,30,1.60064e+08,4.94066e-323,6.95226e-310,ÎØÈÁÊÀ
2117,2.42092e-322,0,30,1.60064e+08,4.94066e-323,6.95226e-310,ÎØÈÁÊÀ
2118,2.42092e-322,0,30,1.60064e+08,4.94066e-323,6.95226e-310,ÎØÈÁÊÀ
2119,2.42092e-322,0,30,1.60064e+08,4.94066e-323,6.95226e-310,ÎØÈÁÊÀ
2120,2.42092e-322,0,30,1.60064e+08,4.94066e-323,6.95226e-310,ÎØÈÁÊÀ
2121,2.42092e-322,0,30,1.60064e+08,4.94066e-323,6.95226e-310,ÎØÈÁÊÀ
2122,2.42092e-322,0,30,1.60064e+08,4.94066e-323,6.95226e-310,ÎØÈÁÊÀ
2123,2.42092e-322,0,30,1.60064e+08,4.94066e-323,6.95226e-310,ÎØÈÁÊÀ
2124,2.42092e-322,0,30,1.60064e+08,4.94066e-323,6.95226e-310,ÎØÈÁÊÀ
2125,2.42092e-322,0,30,1.60064e+08,4.94066e-323,6.95226e-310,ÎØÈÁÊÀ
2126,2.42092e-322,0,30,1.60064e+08,4.94066e-323,6.95226e-310,ÎØÈÁÊÀ
2127,2.42092e-322,0,30,1.60064e+08,4.94066e-323,6.95226e-310,ÎØÈÁÊÀ
2128,2.42092e-322,0,30,1.60064e+08,4.94066e-323,6.95226e-310,ÎØÈÁÊÀ
2129,2.42092e-322,0,30,1.60064e+08,4.94066e-323,6.95226e-310,ÎØÈÁÊÀ
2130,2.42092e-322,0,30,1.60064e+08,4.94066e-323,6.95226e-310,ÎØÈÁÊÀ
2131,2.42092e-322,0,30,1.60064e+08,4.94066e-323,6.95226e-310,ÎØÈÁÊÀ
2132,2.42092e-322,0,30,1.60064e+08,4.94066e-323,6.95226e-310,ÎØÈÁÊÀ
2133,2.42092e-322,0,30,1.60064e+08,4.94066e-323,6.95226e-310,ÎØÈÁÊÀ
2134,2.42092e-322,0,30,1.60064e+08,4.94066e-323,6.95226e-310,ÎØÈÁÊÀ
2135,2.42092e-322,0,30,1.60064e+08,4.94066e-323,6.95226e-310,ÎØÈÁÊÀ
2136,2.42092e-322,0,30,1.60064e+08,4.94066e-323,6.95226e-310,ÎØÈÁÊÀ
2137,2.42092e-322,0,30,1.60064e+08,4.94066e-323,6.95226e-310,ÎØÈÁÊÀ
2138,2.42092e-322,0,30,1.60064e+08,4.94066e-323,6.95226e-310,ÎØÈÁÊÀ
2139,2.42092e-322,0,30,1.60064e+08,4.94066e-323,6.95226e-310,ÎØÈÁÊÀ
2140,2.42092e-322,0,30,1.60064e+08,4.94066e-323,6.95226e-310,ÎØÈÁÊÀ
2141,2.42092e-322,0,30,1.60064e+08,4.94066e-323,6.95226e-310,ÎØÈÁÊÀ
2142,2.42092e-322,0,30,1.60064e+08,4.94066e-323,6.95226e-310,ÎØÈÁÊÀ
2143,2.42092e-322,0,30,1.60064e+08,4.94066e-323,6.95226e-310,ÎØÈÁÊÀ
2144,2.42092e-322,0,30,1.60064e+08,4.94066e-323,6.95226e-310,ÎØÈÁÊÀ
2145,2.42092e-322,0,30,1.60064e+08,4.94066e-323,6.95226e-310,ÎØÈÁÊÀ
2146,2.42092e-322,0,30,1.60064e+08,4.94066e-323,6.95226e-310,ÎØÈÁÊÀ
2147,2.42092e-322,0,30,1.60064e+08,4.94066e-323,6.95226e-310,ÎØÈÁÊÀ
2148,2.42092e-322,0,30,1.60064e+08,4.94066e-323,6.95226e-310,ÎØÈÁÊÀ
2149,2.42092e-322,0,30,1.60064e+08,4.94066e-323,6.95226e-310,ÎØÈÁÊÀ
2150,2.42092e-322,0,30,1.60064e+08,4.94066e-323,6.95226e-310,ÎØÈÁÊÀ
2151,2.42092e-322,0,30,1.60064e+08,4.94066e-323,6.95226e-310,ÎØÈÁÊÀ
2152,2.42092e-322,0,30,1.60064e+08,4.94066e-323,6.95226e-310,ÎØÈÁÊÀ
2153,2.42092e-322,0,30,1.60064e+08,4.94066e-323,6.95226e-310,ÎØÈÁÊÀ
2154,2.42092e-322,0,30,1.60064e+08,4.94066e-323,6.95226e-310,ÎØÈÁÊÀ
2155,2.42092e-322,0,30,1.60064e+08,4.94066e-323,6.95226e-310,ÎØÈÁÊÀ
2156,2.42092e-322,0,30,1.60064e+08,4.94066e-323,6.95226e-310,ÎØÈÁÊÀ
2157,2.42092e-322,0,30,1.60064e+08,4.94066e-323,6.95226e-310,ÎØÈÁÊÀ
2158,2.42092e-322,0,30,1.60064e+08,4.94066e-323,6.95226e-310,ÎØÈÁÊÀ
2159,2.42092e-322,0,30,1.60064e+08,4.94066e-323,6.95226e-310,ÎØÈÁÊÀ
2160,2.42092e-322,0,30,1.60064e+08,4.94066e-323,6.95226e-310,ÎØÈÁÊÀ
2161,2.42092e-322,0,30,1.60064e+08,4.94066e-323,6.95226e-310,ÎØÈÁÊÀ
2162,2.42092e-322,0,30,1.60064e+08,4.94066e-323,6.95226e-310,ÎØÈÁÊÀ
2163,2.42092e-322,0,30,1.60064e+08,4.94066e-323,6.95226e-310,ÎØÈÁÊÀ
2164,2.42092e-322,0,30,1.60064e+08,4.94066e-323,6.95226e-310,ÎØÈÁÊÀ
2165,2.42092e-322,0,30,1.60064e+08,4.94066e-323,6.95226e-310,ÎØÈÁÊÀ
2166,2.42092e-322,0,30,1.60064e+08,4.94066e-323,6.95226e-310,ÎØÈÁÊÀ
2167,2.42092e-322,0,30,1.60064e+08,4.94066e-323,6.95226e-310,ÎØÈÁÊÀ
2168,2.42092e-322,0,30,1.60064e+08,4.94066e-323,6.95226e-310,ÎØÈÁÊÀ
2169,2.42092e-322,0,30,1.60064e+08,4.94066e-323,6.95226e-310,ÎØÈÁÊÀ
2170,2.42092e-322,0,30,1.60064e+08,4.94066e-323,6.95226e-310,ÎØÈÁÊÀ
2171,2.42092e-322,0,30,1.60064e+08,4.94066e-323,6.95226e-310,ÎØÈÁÊÀ
2172,2.42092e-322,0,30,1.60064e+08,4.94066e-323,6.95226e-310,ÎØÈÁÊÀ
2173,2.42092e-322,0,30,1.60064e+08,4.94066e-323,6.95226e-310,ÎØÈÁÊÀ
2174,2.42092e-322,0,30,1.60064e+08,4.94066e-323,6.95226e-310,ÎØÈÁÊÀ
2175,2.42092e-322,0,30,1.60064e+08,4.94066e-323,6.95226e-310,ÎØÈÁÊÀ
2176,2.42092e-322,0,30,1.60064e+08,4.94066e-323,6.95226e-310,ÎØÈÁÊÀ
2177,2.42092e-322,0,30,1.60064e+08,4.94066e-323,6.95226e-310,ÎØÈÁÊÀ
2178,2.42092e-322,0,30,1.60064e+08,4.94066e-323,6.95226e-310,ÎØÈÁÊÀ
2179,2.42092e-322,0,30,1.60064e+08,4.94066e-323,6.95226e-310,ÎØÈÁÊÀ
2180,2.42092e-322,0,30,1.60064e+08,4.94066e-323,6.95226e-310,ÎØÈÁÊÀ
2181,2.42092e-322,0,30,1.60064e+08,4.94066e-323,6.95226e-310,ÎØÈÁÊÀ
2182,2.42092e-322,0,30,1.60072e+08,4.94066e-323,6.95226e-310,ÎØÈÁÊÀ
2183,2.42092e-322,0,30,1.60072e+08,4.94066e-323,6.95226e-310,ÎØÈÁÊÀ
2184,2.42092e-322,0,30,1.60072e+08,4.94066e-323,6.95226e-310,ÎØÈÁÊÀ
2185,2.42092e-322,0,30,1.60072e+08,4.94066e-323,6.95226e-310,ÎØÈÁÊÀ
2186,2.42092e-322,0,30,1.60072e+08,4.94066e-323,6.95226e-310,ÎØÈÁÊÀ
2187,2.42092e-322,0,30,1.60072e+08,4.94066e-323,6.95226e-310,ÎØÈÁÊÀ
2188,2.42092e-322,0,30,1.60072e+08,4.94066e-323,6.95226e-310,ÎØÈÁÊÀ
2189,2.42092e-322,0,30,1.60072e+08,4.94066e-323,6.95226e-310,ÎØÈÁÊÀ
2190,2.42092e-322,0,30,1.60072e+08,4.94066e-323,6.95226e-310,ÎØÈÁÊÀ
2191,2.42092e-322,0,30,1.60072e+08,4.94066e-323,6.95226e-310,ÎØÈÁÊÀ
2192,2.42092e-322,0,30,1.60072e+08,4.94066e-323,6.95226e-310,ÎØÈÁÊÀ
2193,2.42092e-322,0,30,1.60072e+08,4.94066e-323,6.95226e-310,ÎØÈÁÊÀ
2194,2.42092e-322,0,30,1.60072e+08,4.94066e-323,6.95226e-310,ÎØÈÁÊÀ
2195,2.42092e-322,0,30,1.60072e+08,4.94066e-323,6.95226e-310,ÎØÈÁÊÀ
2196,2.42092e-322,0,30,1.60072e+08,4.94066e-323,6.95226e-310,ÎØÈÁÊÀ
2197,2.42092e-322,0,30,1.60072e+08,4.94066e-323,6.95226e-310,ÎØÈÁÊÀ
2198,2.42092e-322,0,30,1.60072e+08,4.94066e-323,6.95226e-310,ÎØÈÁÊÀ
2199,2.42092e-322,0,30,1.60072e+08,4.94066e-323,6.95226e-310,ÎØÈÁÊÀ
2200,2.42092e-322,0,30,1.60072e+08,4.94066e-323,6.95226e-310,ÎØÈÁÊÀ
2201,2.42092e-322,0,30,1.60072e+08,4.94066e-323,6.95226e-310,ÎØÈÁÊÀ
2202,2.42092e-322,0,30,1.60072e+08,4.94066e-323,6.95226e-310,ÎØÈÁÊÀ
2203,2.42092e-322,0,30,1.60072e+08,4.94066e-323,6.95226e-310,ÎØÈÁÊÀ
2204,2.42092e-322,0,30,1.60072e+08,4.94066e-323,6.95226e-310,ÎØÈÁÊÀ
2205,2.42092e-322,0,30,1.60072e+08,4.94066e-323,6.95226e-310,ÎØÈÁÊÀ
2206,2.42092e-322,0,30,1.60072e+08,4.94066e-323,6.95226e-310,ÎØÈÁÊÀ
2207,2.42092e-322,0,30,1.60072e+08,4.94066e-323,6.95226e-310,ÎØÈÁÊÀ
2208,2.42092e-322,0,30,1.60072e+08,4.94066e-323,6.95226e-310,ÎØÈÁÊÀ
2209,2.42092e-322,0,30,1.60072e+08,4.94066e-323,6.95226e-310,ÎØÈÁÊÀ
2210,2.42092e-322,0,30,1.60072e+08,4.94066e-323,6.95226e-310,ÎØÈÁÊÀ
2211,2.42092e-322,0,30,1.60072e+08,4.94066e-323,6.95226e-310,ÎØÈÁÊÀ
2212,2.42092e-322,0,30,1.60072e+08,4.94066e-323,6.95226e-310,ÎØÈÁÊÀ
2213,2.42092e-322,0,30,1.60072e+08,4.94066e-323,6.95226e-310,ÎØÈÁÊÀ
2214,2.42092e-322,0,30,1.60072e+08,4.94066e-323,6.95226e-310,ÎØÈÁÊÀ
2215,2.42092e-322,0,30,1.60072e+08,4.94066e-323,6.95226e-310,ÎØÈÁÊÀ
2216,2.42092e-322,0,30,1.60072e+08,4.94066e-323,6.95226e-310,ÎØÈÁÊÀ
2217,2.42092e-322,0,30,1.60072e+08,4.94066e-323,6.95226e-310,ÎØÈÁÊÀ
2218,2.42092e-322,0,30,1.60072e+08,4.94066e-323,6.95226e-310,ÎØÈÁÊÀ
2219,2.42092e-322,0,30,1.60072e+08,4.94066e-323,6.95226e-310,ÎØÈÁÊÀ
2220,2.42092e-322,0,30,1.60072e+08,4.94066e-323,6.95226e-310,ÎØÈÁÊÀ
2221,2.42092e-322,0,30,1.60072e+08,4.94066e-323,6.95226e-310,ÎØÈÁÊÀ
2222,2.42092e-322,0,30,1.60072e+08,4.94066e-323,6.95226e-310,ÎØÈÁÊÀ
2223,2.42092e-322,0,30,1.60072e+08,4.94066e-323,6.95226e-310,ÎØÈÁÊÀ
2224,2.42092e-322,0,30,1.60072e+08,4.94066e-323,6.95226e-310,ÎØÈÁÊÀ
2225,2.42092e-322,0,30,1.60072e+08,4.94066e-323,6.95226e-310,ÎØÈÁÊÀ
2226,2.42092e-322,0,30,1.60072e+08,4.94066e-323,6.95226e-310,ÎØÈÁÊÀ
2227,2.42092e-322,0,30,1.60072e+08,4.94066e-323,6.95226e-310,ÎØÈÁÊÀ
2228,2.42092e-322,0,30,1.60072e+08,4.94066e-323,6.95226e-310,ÎØÈÁÊÀ
2229,2.42092e-322,0,30,1.60072e+08,4.94066e-323,6.95226e-310,ÎØÈÁÊÀ
2230,2.42092e-322,0,30,1.60072e+08,4.94066e-323,6.95226e-310,ÎØÈÁÊÀ
2231,2.42092e-322,0,30,1.60072e+08,4.94066e-323,6.95226e-310,ÎØÈÁÊÀ
2232,2.42092e-322,0,30,1.60072e+08,4.94066e-323,6.95226e-310,ÎØÈÁÊÀ
2233,2.42092e-322,0,30,1.60072e+08,4.94066e-323,6.95226e-310,ÎØÈÁÊÀ
2234,2.42092e-322,0,30,1.60072e+08,4.94066e-323,6.95226e-310,ÎØÈÁÊÀ
2235,2.42092e-322,0,30,1.60072e+08,4.94066e-323,6.95226e-310,ÎØÈÁÊÀ
2236,2.42092e-322,0,30,1.60072e+08,4.94066e-323,6.95226e-310,ÎØÈÁÊÀ
2237,2.42092e-322,0,30,1.60072e+08,4.94066e-323,6.95226e-310,ÎØÈÁÊÀ
2238,2.42092e-322,0,30,1.60072e+08,4.94066e-323,6.95226e-310,ÎØÈÁÊÀ
2239,2.42092e-322,0,30,1.60072e+08,4.94066e-323,6.95226e-310,ÎØÈÁÊÀ
2240,2.42092e-322,0,30,1.60072e+08,4.94066e-323,6.95226e-310,ÎØÈÁÊÀ
2241,2.42092e-322,0,30,1.60072e+08,4.94066e-323,6.95226e-310,ÎØÈÁÊÀ
2242,2.42092e-322,0,30,1.60072e+08,4.94066e-323,6.95226e-310,ÎØÈÁÊÀ
2243,2.42092e-322,0,30,1.60072e+08,4.94066e-323,6.95226e-310,ÎØÈÁÊÀ
2244,2.42092e-322,0,30,1.60072e+08,4.94066e-323,6.95226e-310,ÎØÈÁÊÀ
2245,2.42092e-322,0,30,1.60072e+08,4.94066e-323,6.95226e-310,ÎØÈÁÊÀ
2246,2.42092e-322,0,30,1.60072e+08,4.94066e-323,6.95226e-310,ÎØÈÁÊÀ
2247,2.42092e-322,0,30,1.60072e+08,4.94066e-323,6.95226e-310,ÎØÈÁÊÀ
2248,2.42092e-322,0,30,1.60072e+08,4.94066e-323,6.95226e-310,ÎØÈÁÊÀ
2249,2.42092e-322,0,30,1.60072e+08,4.94066e-323,6.95226e-310,ÎØÈÁÊÀ
2250,2.42092e-322,0,30,1.60072e+08,4.94066e-323,6.95226e-310,ÎØÈÁÊÀ
2251,2.42092e-322,0,30,1.60072e+08,4.94066e-323,6.95226e-310,ÎØÈÁÊÀ
2252,2.42092e-322,0,30,1.60072e+08,4.94066e-323,6.95226e-310,ÎØÈÁÊÀ
2253,2.42092e-322,0,30,1.60072e+08,4.94066e-323,6.95226e-310,ÎØÈÁÊÀ
2254,2.42092e-322,0,30,1.60072e+08,4.94066e-323,6.95226e-310,ÎØÈÁÊÀ
2255,2.42092e-322,0,30,1.60072e+08,4.94066e-323,6.95226e-310,ÎØÈÁÊÀ
2256,2.42092e-322,0,30,1.60072e+08,4.94066e-323,6.95226e-310,ÎØÈÁÊÀ
2257,2.42092e-322,0,30,1.60072e+08,4.94066e-323,6.95226e-310,ÎØÈÁÊÀ
2258,2.42092e-322,0,30,1.60072e+08,4.94066e-323,6.95226e-310,ÎØÈÁÊÀ
2259,2.42092e-322,0,30,1.60072e+08,4.94066e-323,6.95226e-310,ÎØÈÁÊÀ
2260,2.42092e-322,0,30,1.60072e+08,4.94066e-323,6.95226e-310,ÎØÈÁÊÀ
2261,2.42092e-322,0,30,1.60072e+08,4.94066e-323,6.95226e-310,ÎØÈÁÊÀ
2262,2.42092e-322,0,30,1.60072e+08,4.94066e-323,6.95226e-310,ÎØÈÁÊÀ
2263,2.42092e-322,0,30,1.60072e+08,4.94066e-323,6.95226e-310,ÎØÈÁÊÀ
2264,2.42092e-322,0,30,1.60072e+08,4.94066e-323,6.95226e-310,ÎØÈÁÊÀ
2265,2.42092e-322,0,30,1.60072e+08,4.94066e-323,6.95226e-310,ÎØÈÁÊÀ
2266,2.42092e-322,0,30,1.60072e+08,4.94066e-323,6.95226e-310,ÎØÈÁÊÀ
2267,2.42092e-322,0,30,1.60072e+08,4.94066e-323,6.95226e-310,ÎØÈÁÊÀ
2268,2.42092e-322,0,30,1.60072e+08,4.94066e-323,6.95226e-310,ÎØÈÁÊÀ
2269,2.42092e-322,0,30,1.60072e+08,4.94066e-323,6.95226e-310,ÎØÈÁÊÀ
2270,2.42092e-322,0,30,1.60072e+08,4.94066e-323,6.95226e-310,ÎØÈÁÊÀ
2271,2.42092e-322,0,30,1.60072e+08,4.94066e-323,6.95226e-310,ÎØÈÁÊÀ
2272,2.42092e-322,0,30,1.60072e+08,4.94066e-323,6.95226e-310,ÎØÈÁÊÀ
2273,2.42092e-322,0,30,1.60072e+08,4.94066e-323,6.95226e-310,ÎØÈÁÊÀ
2274,2.42092e-322,0,30,1.60072e+08,4.94066e-323,6.95226e-310,ÎØÈÁÊÀ
2275,2.42092e-322,0,30,1.60072e+08,4.94066e-323,6.95226e-310,ÎØÈÁÊÀ
2276,2.42092e-322,0,30,1.60072e+08,4.94066e-323,6.95226e-310,ÎØÈÁÊÀ
2277,2.42092e-322,0,30,1.60072e+08,4.94066e-323,6.95226e-310,ÎØÈÁÊÀ
2278,2.42092e-322,0,30,1.60072e+08,4.94066e-323,6.95226e-310,ÎØÈÁÊÀ
2279,2.42092e-322,0,30,1.60072e+08,4.94066e-323,6.95226e-310,ÎØÈÁÊÀ
2280,2.42092e-322,0,30,1.60072e+08,4.94066e-323,6.95226e-310,ÎØÈÁÊÀ
2281,2.42092e-322,0,30,1.60072e+08,4.94066e-323,6.95226e-310,ÎØÈÁÊÀ
2282,2.42092e-322,0,30,1.60072e+08,4.94066e-323,6.95226e-310,ÎØÈÁÊÀ
2283,2.42092e-322,0,30,1.60072e+08,4.94066e-323,6.95226e-310,ÎØÈÁÊÀ
2284,2.42092e-322,0,30,1.60072e+08,4.94066e-323,6.95226e-310,ÎØÈÁÊÀ
2285,2.42092e-322,0,30,1.60072e+08,4.94066e-323,6.95226e-310,ÎØÈÁÊÀ
2286,2.42092e-322,0,30,1.60072e+08,4.94066e-323,6.95226e-310,ÎØÈÁÊÀ
2287,2.42092e-322,0,30,1.60072e+08,4.94066e-323,6.95226e-310,ÎØÈÁÊÀ
2288,2.42092e-322,0,30,1.60072e+08,4.94066e-323,6.95226e-310,ÎØÈÁÊÀ
2289,2.42092e-322,0,30,1.60072e+08,4.94066e-323,6.95226e-310,ÎØÈÁÊÀ
2290,2.42092e-322,0,30,1.60072e+08,4.94066e-323,6.95226e-310,ÎØÈÁÊÀ
2291,2.42092e-322,0,30,1.60072e+08,4.94066e-323,6.95226e-310,ÎØÈÁÊÀ
2292,2.42092e-322,0,30,1.60081e+08,4.94066e-323,6.95226e-310,ÎØÈÁÊÀ
2293,2.42092e-322,0,30,1.60081e+08,4.94066e-323,6.95226e-310,ÎØÈÁÊÀ
2294,2.42092e-322,0,30,1.60081e+08,4.94066e-323,6.95226e-310,ÎØÈÁÊÀ
2295,2.42092e-322,0,30,1.60081e+08,4.94066e-323,6.95226e-310,ÎØÈÁÊÀ
2296,2.42092e-322,0,30,1.60081e+08,4.94066e-323,6.95226e-310,ÎØÈÁÊÀ
2297,2.42092e-322,0,30,1.60081e+08,4.94066e-323,6.95226e-310,ÎØÈÁÊÀ
2298,2.42092e-322,0,30,1.60081e+08,4.94066e-323,6.95226e-310,ÎØÈÁÊÀ
2299,2.42092e-322,0,30,1.60081e+08,4.94066e-323,6.95226e-310,ÎØÈÁÊÀ
2300,2.42092e-322,0,30,1.60081e+08,4.94066e-323,6.95226e-310,ÎØÈÁÊÀ
2301,2.42092e-322,0,30,1.60081e+08,4.94066e-323,6.95226e-310,ÎØÈÁÊÀ
2302,2.42092e-322,0,30,1.60081e+08,4.94066e-323,6.95226e-310,ÎØÈÁÊÀ
2303,2.42092e-322,0,30,1.60081e+08,4.94066e-323,6.95226e-310,ÎØÈÁÊÀ
2304,2.42092e-322,0,30,1.60081e+08,4.94066e-323,6.95226e-310,ÎØÈÁÊÀ
2305,2.42092e-322,0,30,1.60081e+08,4.94066e-323,6.95226e-310,ÎØÈÁÊÀ
2306,2.42092e-322,0,30,1.60081e+08,4.94066e-323,6.95226e-310,ÎØÈÁÊÀ
2307,2.42092e-322,0,30,1.60081e+08,4.94066e-323,6.95226e-310,ÎØÈÁÊÀ
2308,2.42092e-322,0,30,1.60081e+08,4.94066e-323,6.95226e-310,ÎØÈÁÊÀ
2309,2.42092e-322,0,30,1.60081e+08,4.94066e-323,6.95226e-310,ÎØÈÁÊÀ
2310,2.42092e-322,0,30,1.60081e+08,4.94066e-323,6.95226e-310,ÎØÈÁÊÀ
2311,2.42092e-322,0,30,1.60081e+08,4.94066e-323,6.95226e-310,ÎØÈÁÊÀ
2312,2.42092e-322,0,30,1.60081e+08,4.94066e-323,6.95226e-310,ÎØÈÁÊÀ
2313,2.42092e-322,0,30,1.60081e+08,4.94066e-323,6.95226e-310,ÎØÈÁÊÀ
2314,2.42092e-322,0,30,1.60081e+08,4.94066e-323,6.95226e-310,ÎØÈÁÊÀ
2315,2.42092e-322,0,30,1.60081e+08,4.94066e-323,6.95226e-310,ÎØÈÁÊÀ
2316,2.42092e-322,0,30,1.60081e+08,4.94066e-323,6.95226e-310,ÎØÈÁÊÀ
2317,2.42092e-322,0,30,1.60081e+08,4.94066e-323,6.95226e-310,ÎØÈÁÊÀ
2318,2.42092e-322,0,30,1.60081e+08,4.94066e-323,6.95226e-310,ÎØÈÁÊÀ
2319,2.42092e-322,0,30,1.60081e+08,4.94066e-323,6.95226e-310,ÎØÈÁÊÀ
2320,2.42092e-322,0,30,1.60081e+08,4.94066e-323,6.95226e-310,ÎØÈÁÊÀ
2321,2.42092e-322,0,30,1.60081e+08,4.94066e-323,6.95226e-310,ÎØÈÁÊÀ
2322,2.42092e-322,0,30,1.60081e+08,4.94066e-323,6.95226e-310,ÎØÈÁÊÀ
2323,2.42092e-322,0,30,1.60081e+08,4.94066e-323,6.95226e-310,ÎØÈÁÊÀ
2324,2.42092e-322,0,30,1.60081e+08,4.94066e-323,6.95226e-310,ÎØÈÁÊÀ
2325,2.42092e-322,0,30,1.60081e+08,4.94066e-323,6.95226e-310,ÎØÈÁÊÀ
2326,2.42092e-322,0,30,1.60081e+08,4.94066e-323,6.95226e-310,ÎØÈÁÊÀ
2327,2.42092e-322,0,30,1.60081e+08,4.94066e-323,6.95226e-310,ÎØÈÁÊÀ
2328,2.42092e-322,0,30,1.60081e+08,4.94066e-323,6.95226e-310,ÎØÈÁÊÀ
2329,2.42092e-322,0,30,1.60081e+08,4.94066e-323,6.95226e-310,ÎØÈÁÊÀ
2330,2.42092e-322,0,30,1.60081e+08,4.94066e-323,6.95226e-310,ÎØÈÁÊÀ
2331,2.42092e-322,0,30,1.60081e+08,4.94066e-323,6.95226e-310,ÎØÈÁÊÀ
2332,2.42092e-322,0,30,1.60081e+08,4.94066e-323,6.95226e-310,ÎØÈÁÊÀ
2333,2.42092e-322,0,30,1.60081e+08,4.94066e-323,6.95226e-310,ÎØÈÁÊÀ
2334,2.42092e-322,0,30,1.60081e+08,4.94066e-323,6.95226e-310,ÎØÈÁÊÀ
2335,2.42092e-322,0,30,1.60081e+08,4.94066e-323,6.95226e-310,ÎØÈÁÊÀ
2336,2.42092e-322,0,30,1.60081e+08,4.94066e-323,6.95226e-310,ÎØÈÁÊÀ
2337,2.42092e-322,0,30,1.60081e+08,4.94066e-323,6.95226e-310,ÎØÈÁÊÀ
2338,2.42092e-322,0,30,1.60081e+08,4.94066e-323,6.95226e-310,ÎØÈÁÊÀ
2339,2.42092e-322,0,30,1.60081e+08,4.94066e-323,6.95226e-310,ÎØÈÁÊÀ
2340,2.42092e-322,0,30,1.60081e+08,4.94066e-323,6.95226e-310,ÎØÈÁÊÀ
2341,2.42092e-322,0,30,1.60081e+08,4.94066e-323,6.95226e-310,ÎØÈÁÊÀ
2342,2.42092e-322,0,30,1.60081e+08,4.94066e-323,6.95226e-310,ÎØÈÁÊÀ
2343,2.42092e-322,0,30,1.60081e+08,4.94066e-323,6.95226e-310,ÎØÈÁÊÀ
2344,2.42092e-322,0,30,1.60081e+08,4.94066e-323,6.95226e-310,ÎØÈÁÊÀ
2345,2.42092e-322,0,30,1.60081e+08,4.94066e-323,6.95226e-310,ÎØÈÁÊÀ
2346,2.42092e-322,0,30,1.60081e+08,4.94066e-323,6.95226e-310,ÎØÈÁÊÀ
2347,2.42092e-322,0,30,1.60081e+08,4.94066e-323,6.95226e-310,ÎØÈÁÊÀ
2348,2.42092e-322,0,30,1.60081e+08,4.94066e-323,6.95226e-310,ÎØÈÁÊÀ
2349,2.42092e-322,0,30,1.60081e+08,4.94066e-323,6.95226e-310,ÎØÈÁÊÀ
2350,2.42092e-322,0,30,1.60081e+08,4.94066e-323,6.95226e-310,ÎØÈÁÊÀ
2351,2.42092e-322,0,30,1.60081e+08,4.94066e-323,6.95226e-310,ÎØÈÁÊÀ
2352,2.42092e-322,0,30,1.60081e+08,4.94066e-323,6.95226e-310,ÎØÈÁÊÀ
2353,2.42092e-322,0,30,1.60081e+08,4.94066e-323,6.95226e-310,ÎØÈÁÊÀ
2354,2.42092e-322,0,30,1.60081e+08,4.94066e-323,6.95226e-310,ÎØÈÁÊÀ
2355,2.42092e-322,0,30,1.60081e+08,4.94066e-323,6.95226e-310,ÎØÈÁÊÀ
2356,2.42092e-322,0,30,1.60081e+08,4.94066e-323,6.95226e-310,ÎØÈÁÊÀ
2357,2.42092e-322,0,30,1.60081e+08,4.94066e-323,6.95226e-310,ÎØÈÁÊÀ
2358,2.42092e-322,0,30,1.60081e+08,4.94066e-323,6.95226e-310,ÎØÈÁÊÀ
2359,2.42092e-322,0,30,1.60081e+08,4.94066e-323,6.95226e-310,ÎØÈÁÊÀ
2360,2.42092e-322,0,30,1.60081e+08,4.94066e-323,6.95226e-310,ÎØÈÁÊÀ
2361,2.42092e-322,0,30,1.60081e+08,4.94066e-323,6.95226e-310,ÎØÈÁÊÀ
2362,2.42092e-322,0,30,1.60081e+08,4.94066e-323,6.95226e-310,ÎØÈÁÊÀ
2363,2.42092e-322,0,30,1.60081e+08,4.94066e-323,6.95226e-310,ÎØÈÁÊÀ
2364,2.42092e-322,0,30,1.60081e+08,4.94066e-323,6.95226e-310,ÎØÈÁÊÀ
2365,2.42092e-322,0,30,1.60081e+08,4.94066e-323,6.95226e-310,ÎØÈÁÊÀ
2366,2.42092e-322,0,30,1.60081e+08,4.94066e-323,6.95226e-310,ÎØÈÁÊÀ
2367,2.42092e-322,0,30,1.60081e+08,4.94066e-323,6.95226e-310,ÎØÈÁÊÀ
2368,2.42092e-322,0,30,1.60081e+08,4.94066e-323,6.95226e-310,ÎØÈÁÊÀ
2369,2.42092e-322,0,30,1.60081e+08,4.94066e-323,6.95226e-310,ÎØÈÁÊÀ
2370,2.42092e-322,0,30,1.60081e+08,4.94066e-323,6.95226e-310,ÎØÈÁÊÀ
2371,2.42092e-322,0,30,1.60081e+08,4.94066e-323,6.95226e-310,ÎØÈÁÊÀ
2372,2.42092e-322,0,30,1.60081e+08,4.94066e-323,6.95226e-310,ÎØÈÁÊÀ
2373,2.42092e-322,0,30,1.60081e+08,4.94066e-323,6.95226e-310,ÎØÈÁÊÀ
2374,2.42092e-322,0,30,1.60081e+08,4.94066e-323,6.95226e-310,ÎØÈÁÊÀ
2375,2.42092e-322,0,30,1.60081e+08,4.94066e-323,6.95226e-310,ÎØÈÁÊÀ
2376,2.42092e-322,0,30,1.60081e+08,4.94066e-323,6.95226e-310,ÎØÈÁÊÀ
2377,2.42092e-322,0,30,1.60081e+08,4.94066e-323,6.95226e-310,ÎØÈÁÊÀ
2378,2.42092e-322,0,30,1.60081e+08,4.94066e-323,6.95226e-310,ÎØÈÁÊÀ
2379,2.42092e-322,0,30,1.60081e+08,4.94066e-323,6.95226e-310,ÎØÈÁÊÀ
2380,2.42092e-322,0,30,1.60081e+08,4.94066e-323,6.95226e-310,ÎØÈÁÊÀ
2381,2.42092e-322,0,30,1.60081e+08,4.94066e-323,6.95226e-310,ÎØÈÁÊÀ
2382,2.42092e-322,0,30,1.60081e+08,4.94066e-323,6.95226e-310,ÎØÈÁÊÀ
2383,2.42092e-322,0,30,1.60081e+08,4.94066e-323,6.95226e-310,ÎØÈÁÊÀ
2384,2.42092e-322,0,30,1.60081e+08,4.94066e-323,6.95226e-310,ÎØÈÁÊÀ
2385,2.42092e-322,0,30,1.60081e+08,4.94066e-323,6.95226e-310,ÎØÈÁÊÀ
2386,2.42092e-322,0,30,1.60081e+08,4.94066e-323,6.95226e-310,ÎØÈÁÊÀ
2387,2.42092e-322,0,30,1.60081e+08,4.94066e-323,6.95226e-310,ÎØÈÁÊÀ
2388,2.42092e-322,0,30,1.60081e+08,4.94066e-323,6.95226e-310,ÎØÈÁÊÀ
2389,2.42092e-322,0,30,1.60081e+08,4.94066e-323,6.95226e-310,ÎØÈÁÊÀ
2390,2.42092e-322,0,30,1.60081e+08,4.94066e-323,6.95226e-310,ÎØÈÁÊÀ
2391,2.42092e-322,0,30,1.60081e+08,4.94066e-323,6.95226e-310,ÎØÈÁÊÀ
2392,2.42092e-322,0,30,1.60081e+08,4.94066e-323,6.95226e-310,ÎØÈÁÊÀ
2393,2.42092e-322,0,30,1.60081e+08,4.94066e-323,6.95226e-310,ÎØÈÁÊÀ
2394,2.42092e-322,0,30,1.60081e+08,4.94066e-323,6.95226e-310,ÎØÈÁÊÀ
2395,2.42092e-322,0,30,1.60081e+08,4.94066e-323,6.95226e-310,ÎØÈÁÊÀ
2396,2.42092e-322,0,30,1.60081e+08,4.94066e-323,6.95226e-310,ÎØÈÁÊÀ
2397,2.42092e-322,0,30,1.60025e+08,4.94066e-323,6.95226e-310,ÎØÈÁÊÀ
2398,2.42092e-322,0,30,1.60025e+08,4.94066e-323,6.95226e-310,ÎØÈÁÊÀ
2399,2.42092e-322,0,30,1.60025e+08,4.94066e-323,6.95226e-310,ÎØÈÁÊÀ
2400,2.42092e-322,0,30,1.60025e+08,4.94066e-323,6.95226e-310,ÎØÈÁÊÀ
2401,2.42092e-322,0,30,1.60025e+08,4.94066e-323,6.95226e-310,ÎØÈÁÊÀ
2402,2.42092e-322,0,30,1.60025e+08,4.94066e-323,6.95226e-310,ÎØÈÁÊÀ
2403,2.42092e-322,0,30,1.60025e+08,4.94066e-323,6.95226e-310,ÎØÈÁÊÀ
2404,2.42092e-322,0,30,1.60025e+08,4.94066e-323,6.95226e-310,ÎØÈÁÊÀ
2405,2.42092e-322,0,30,1.60025e+08,4.94066e-323,6.95226e-310,ÎØÈÁÊÀ
2406,2.42092e-322,0,30,1.60025e+08,4.94066e-323,6.95226e-310,ÎØÈÁÊÀ
2407,2.42092e-322,0,30,1.60025e+08,4.94066e-323,6.95226e-310,ÎØÈÁÊÀ
2408,2.42092e-322,0,30,1.60025e+08,4.94066e-323,6.95226e-310,ÎØÈÁÊÀ
2409,2.42092e-322,0,30,1.60025e+08,4.94066e-323,6.95226e-310,ÎØÈÁÊÀ
2410,2.42092e-322,0,30,1.60025e+08,4.94066e-323,6.95226e-310,ÎØÈÁÊÀ
2411,2.42092e-322,0,30,1.60025e+08,4.94066e-323,6.95226e-310,ÎØÈÁÊÀ
2412,2.42092e-322,0,30,1.60025e+08,4.94066e-323,6.95226e-310,ÎØÈÁÊÀ
2413,2.42092e-322,0,30,1.60025e+08,4.94066e-323,6.95226e-310,ÎØÈÁÊÀ
2414,2.42092e-322,0,30,1.60025e+08,4.94066e-323,6.95226e-310,ÎØÈÁÊÀ
2415,2.42092e-322,0,30,1.60025e+08,4.94066e-323,6.95226e-310,ÎØÈÁÊÀ
2416,2.42092e-322,0,30,1.60025e+08,4.94066e-323,6.95226e-310,ÎØÈÁÊÀ
2417,2.42092e-322,0,30,1.60025e+08,4.94066e-323,6.95226e-310,ÎØÈÁÊÀ
2418,2.42092e-322,0,30,1.60025e+08,4.94066e-323,6.95226e-310,ÎØÈÁÊÀ
2419,2.42092e-322,0,30,1.60025e+08,4.94066e-323,6.95226e-310,ÎØÈÁÊÀ
2420,2.42092e-322,0,30,1.60025e+08,4.94066e-323,6.95226e-310,ÎØÈÁÊÀ
2421,2.42092e-322,0,30,1.60025e+08,4.94066e-323,6.95226e-310,ÎØÈÁÊÀ
2422,2.42092e-322,0,30,1.60025e+08,4.94066e-323,6.95226e-310,ÎØÈÁÊÀ
2423,2.42092e-322,0,30,1.60025e+08,4.94066e-323,6.95226e-310,ÎØÈÁÊÀ
2424,2.42092e-322,0,30,1.60025e+08,4.94066e-323,6.95226e-310,ÎØÈÁÊÀ
2425,2.42092e-322,0,30,1.60025e+08,4.94066e-323,6.95226e-310,ÎØÈÁÊÀ
2426,2.42092e-322,0,30,1.60025e+08,4.94066e-323,6.95226e-310,ÎØÈÁÊÀ
2427,2.42092e-322,0,30,1.60025e+08,4.94066e-323,6.95226e-310,ÎØÈÁÊÀ
2428,2.42092e-322,0,30,1.60025e+08,4.94066e-323,6.95226e-310,ÎØÈÁÊÀ
2429,2.42092e-322,0,30,1.60025e+08,4.94066e-323,6.95226e-310,ÎØÈÁÊÀ
2430,2.42092e-322,0,30,1.60025e+08,4.94066e-323,6.95226e-310,ÎØÈÁÊÀ
2431,2.42092e-322,0,30,1.60025e+08,4.94066e-323,6.95226e-310,ÎØÈÁÊÀ
2432,2.42092e-322,0,30,1.60025e+08,4.94066e-323,6.95226e-310,ÎØÈÁÊÀ
2433,2.42092e-322,0,30,1.60025e+08,4.94066e-323,6.95226e-310,ÎØÈÁÊÀ
2434,2.42092e-322,0,30,1.60025e+08,4.94066e-323,6.95226e-310,ÎØÈÁÊÀ
2435,2.42092e-322,0,30,1.60025e+08,4.94066e-323,6.95226e-310,ÎØÈÁÊÀ
2436,2.42092e-322,0,30,1.60025e+08,4.94066e-323,6.95226e-310,ÎØÈÁÊÀ
2437,2.42092e-322,0,30,1.60025e+08,4.94066e-323,6.95226e-310,ÎØÈÁÊÀ
2438,2.42092e-322,0,30,1.60025e+08,4.94066e-323,6.95226e-310,ÎØÈÁÊÀ
2439,2.42092e-322,0,30,1.60025e+08,4.94066e-323,6.95226e-310,ÎØÈÁÊÀ
2440,2.42092e-322,0,30,1.60025e+08,4.94066e-323,6.95226e-310,ÎØÈÁÊÀ
2441,2.42092e-322,0,30,1.60025e+08,4.94066e-323,6.95226e-310,ÎØÈÁÊÀ
2442,2.42092e-322,0,30,1.60025e+08,4.94066e-323,6.95226e-310,ÎØÈÁÊÀ
2443,2.42092e-322,0,30,1.60025e+08,4.94066e-323,6.95226e-310,ÎØÈÁÊÀ
2444,2.42092e-322,0,30,1.60025e+08,4.94066e-323,6.95226e-310,ÎØÈÁÊÀ
2445,2.42092e-322,0,30,1.60025e+08,4.94066e-323,6.95226e-310,ÎØÈÁÊÀ
2446,2.42092e-322,0,30,1.60025e+08,4.94066e-323,6.95226e-310,ÎØÈÁÊÀ
2447,2.42092e-322,0,30,1.60025e+08,4.94066e-323,6.95226e-310,ÎØÈÁÊÀ
2448,2.42092e-322,0,30,1.60025e+08,4.94066e-323,6.95226e-310,ÎØÈÁÊÀ
2449,2.42092e-322,0,30,1.60025e+08,4.94066e-323,6.95226e-310,ÎØÈÁÊÀ
2450,2.42092e-322,0,30,1.60025e+08,4.94066e-323,6.95226e-310,ÎØÈÁÊÀ
2451,2.42092e-322,0,30,1.60025e+08,4.94066e-323,6.95226e-310,ÎØÈÁÊÀ
2452,2.42092e-322,0,30,1.60025e+08,4.94066e-323,6.95226e-310,ÎØÈÁÊÀ
2453,2.42092e-322,0,30,1.60025e+08,4.94066e-323,6.95226e-310,ÎØÈÁÊÀ
2454,2.42092e-322,0,30,1.60025e+08,4.94066e-323,6.95226e-310,ÎØÈÁÊÀ
2455,2.42092e-322,0,30,1.60025e+08,4.94066e-323,6.95226e-310,ÎØÈÁÊÀ
2456,2.42092e-322,0,30,1.60025e+08,4.94066e-323,6.95226e-310,ÎØÈÁÊÀ
2457,2.42092e-322,0,30,1.60025e+08,4.94066e-323,6.95226e-310,ÎØÈÁÊÀ
2458,2.42092e-322,0,30,1.60025e+08,4.94066e-323,6.95226e-310,ÎØÈÁÊÀ
2459,2.42092e-322,0,30,1.60025e+08,4.94066e-323,6.95226e-310,ÎØÈÁÊÀ
2460,2.42092e-322,0,30,1.60025e+08,4.94066e-323,6.95226e-310,ÎØÈÁÊÀ
2461,2.42092e-322,0,30,1.60025e+08,4.94066e-323,6.95226e-310,ÎØÈÁÊÀ
2462,2.42092e-322,0,30,1.60025e+08,4.94066e-323,6.95226e-310,ÎØÈÁÊÀ
2463,2.42092e-322,0,30,1.60025e+08,4.94066e-323,6.95226e-310,ÎØÈÁÊÀ
2464,2.42092e-322,0,30,1.60025e+08,4.94066e-323,6.95226e-310,ÎØÈÁÊÀ
2465,2.42092e-322,0,30,1.60025e+08,4.94066e-323,6.95226e-310,ÎØÈÁÊÀ
2466,2.42092e-322,0,30,1.60025e+08,4.94066e-323,6.95226e-310,ÎØÈÁÊÀ
2467,2.42092e-322,0,30,1.60025e+08,4.94066e-323,6.95226e-310,ÎØÈÁÊÀ
2468,2.42092e-322,0,30,1.60025e+08,4.94066e-323,6.95226e-310,ÎØÈÁÊÀ
2469,2.42092e-322,0,30,1.60025e+08,4.94066e-323,6.95226e-310,ÎØÈÁÊÀ
2470,2.42092e-322,0,30,1.60025e+08,4.94066e-323,6.95226e-310,ÎØÈÁÊÀ
2471,2.42092e-322,0,30,1.60025e+08,4.94066e-323,6.95226e-310,ÎØÈÁÊÀ
2472,2.42092e-322,0,30,1.60025e+08,4.94066e-323,6.95226e-310,ÎØÈÁÊÀ
2473,2.42092e-322,0,30,1.60025e+08,4.94066e-323,6.95226e-310,ÎØÈÁÊÀ
2474,2.42092e-322,0,30,1.60025e+08,4.94066e-323,6.95226e-310,ÎØÈÁÊÀ
2475,2.42092e-322,0,30,1.60025e+08,4.94066e-323,6.95226e-310,ÎØÈÁÊÀ
2476,2.42092e-322,0,30,1.60025e+08,4.94066e-323,6.95226e-310,ÎØÈÁÊÀ
2477,2.42092e-322,0,30,1.60025e+08,4.94066e-323,6.95226e-310,ÎØÈÁÊÀ
2478,2.42092e-322,0,30,1.60025e+08,4.94066e-323,6.95226e-310,ÎØÈÁÊÀ
2479,2.42092e-322,0,30,1.60025e+08,4.94066e-323,6.95226e-310,ÎØÈÁÊÀ
2480,2.42092e-322,0,30,1.60025e+08,4.94066e-323,6.95226e-310,ÎØÈÁÊÀ
2481,2.42092e-322,0,30,1.60025e+08,4.94066e-323,6.95226e-310,ÎØÈÁÊÀ
2482,2.42092e-322,0,30,1.60025e+08,4.94066e-323,6.95226e-310,ÎØÈÁÊÀ
2483,2.42092e-322,0,30,1.60025e+08,4.94066e-323,6.95226e-310,ÎØÈÁÊÀ
2484,2.42092e-322,0,30,1.60025e+08,4.94066e-323,6.95226e-310,ÎØÈÁÊÀ
2485,2.42092e-322,0,30,1.60025e+08,4.94066e-323,6.95226e-310,ÎØÈÁÊÀ
2486,2.42092e-322,0,30,1.60025e+08,4.94066e-323,6.95226e-310,ÎØÈÁÊÀ
2487,2.42092e-322,0,30,1.60025e+08,4.94066e-323,6.95226e-310,ÎØÈÁÊÀ
2488,2.42092e-322,0,30,1.60025e+08,4.94066e-323,6.95226e-310,ÎØÈÁÊÀ
2489,2.42092e-322,0,30,1.60025e+08,4.94066e-323,6.95226e-310,ÎØÈÁÊÀ
2490,2.42092e-322,0,30,1.60025e+08,4.94066e-323,6.95226e-310,ÎØÈÁÊÀ
2491,2.42092e-322,0,30,1.60025e+08,4.94066e-323,6.95226e-310,ÎØÈÁÊÀ
2492,2.42092e-322,0,30,1.60025e+08,4.94066e-323,6.95226e-310,ÎØÈÁÊÀ
2493,2.42092e-322,0,30,1.60025e+08,4.94066e-323,6.95226e-310,ÎØÈÁÊÀ
2494,2.42092e-322,0,30,1.60025e+08,4.94066e-323,6.95226e-310,ÎØÈÁÊÀ
2495,2.42092e-322,0,30,1.60025e+08,4.94066e-323,6.95226e-310,ÎØÈÁÊÀ
2496,2.42092e-322,0,30,1.60025e+08,4.94066e-323,6.95226e-310,ÎØÈÁÊÀ
2497,2.42092e-322,0,30,1.60025e+08,4.94066e-323,6.95226e-310,ÎØÈÁÊÀ
2498,2.42092e-322,0,30,1.60025e+08,4.94066e-323,6.95226e-310,ÎØÈÁÊÀ
2499,2.42092e-322,0,30,1.60025e+08,4.94066e-323,6.95226e-310,ÎØÈÁÊÀ
2500,2.42092e-322,0,30,1.60025e+08,4.94066e-323,6.95226e-310,ÎØÈÁÊÀ
2501,2.42092e-322,0,30,1.60025e+08,4.94066e-323,6.95226e-310,ÎØÈÁÊÀ
2502,2.42092e-322,0,30,1.60025e+08,4.94066e-323,6.95226e-310,ÎØÈÁÊÀ
2503,2.42092e-322,0,30,1.60025e+08,4.94066e-323,6.95226e-310,ÎØÈÁÊÀ
2504,2.42092e-322,0,30,1.60025e+08,4.94066e-323,6.95226e-310,ÎØÈÁÊÀ
2505,2.42092e-322,0,30,1.60025e+08,4.94066e-323,6.95226e-310,ÎØÈÁÊÀ
2506,2.42092e-322,0,30,1.60025e+08,4.94066e-323,6.95226e-310,ÎØÈÁÊÀ
2507,2.42092e-322,0,30,1.60031e+08,4.94066e-323,6.95226e-310,ÎØÈÁÊÀ
2508,2.42092e-322,0,30,1.60031e+08,4.94066e-323,6.95226e-310,ÎØÈÁÊÀ
2509,2.42092e-322,0,30,1.60031e+08,4.94066e-323,6.95226e-310,ÎØÈÁÊÀ
2510,2.42092e-322,0,30,1.60031e+08,4.94066e-323,6.95226e-310,ÎØÈÁÊÀ
2511,2.42092e-322,0,30,1.60031e+08,4.94066e-323,6.95226e-310,ÎØÈÁÊÀ
2512,2.42092e-322,0,30,1.60031e+08,4.94066e-323,6.95226e-310,ÎØÈÁÊÀ
2513,2.42092e-322,0,30,1.60031e+08,4.94066e-323,6.95226e-310,ÎØÈÁÊÀ
2514,2.42092e-322,0,30,1.60031e+08,4.94066e-323,6.95226e-310,ÎØÈÁÊÀ
2515,2.42092e-322,0,30,1.60031e+08,4.94066e-323,6.95226e-310,ÎØÈÁÊÀ
2516,2.42092e-322,0,30,1.60031e+08,4.94066e-323,6.95226e-310,ÎØÈÁÊÀ
2517,2.42092e-322,0,30,1.60031e+08,4.94066e-323,6.95226e-310,ÎØÈÁÊÀ
2518,2.42092e-322,0,30,1.60031e+08,4.94066e-323,6.95226e-310,ÎØÈÁÊÀ
2519,2.42092e-322,0,30,1.60031e+08,4.94066e-323,6.95226e-310,ÎØÈÁÊÀ
2520,2.42092e-322,0,30,1.60031e+08,4.94066e-323,6.95226e-310,ÎØÈÁÊÀ
2521,2.42092e-322,0,30,1.60031e+08,4.94066e-323,6.95226e-310,ÎØÈÁÊÀ
2522,2.42092e-322,0,30,1.60031e+08,4.94066e-323,6.95226e-310,ÎØÈÁÊÀ
2523,2.42092e-322,0,30,1.60031e+08,4.94066e-323,6.95226e-310,ÎØÈÁÊÀ
2524,2.42092e-322,0,30,1.60031e+08,4.94066e-323,6.95226e-310,ÎØÈÁÊÀ
2525,2.42092e-322,0,30,1.60031e+08,4.94066e-323,6.95226e-310,ÎØÈÁÊÀ
2526,2.42092e-322,0,30,1.60031e+08,4.94066e-323,6.95226e-310,ÎØÈÁÊÀ
2527,2.42092e-322,0,30,1.60031e+08,4.94066e-323,6.95226e-310,ÎØÈÁÊÀ
2528,2.42092e-322,0,30,1.60031e+08,4.94066e-323,6.95226e-310,ÎØÈÁÊÀ
2529,2.42092e-322,0,30,1.60031e+08,4.94066e-323,6.95226e-310,ÎØÈÁÊÀ
2530,2.42092e-322,0,30,1.60031e+08,4.94066e-323,6.95226e-310,ÎØÈÁÊÀ
2531,2.42092e-322,0,30,1.60031e+08,4.94066e-323,6.95226e-310,ÎØÈÁÊÀ
2532,2.42092e-322,0,30,1.60031e+08,4.94066e-323,6.95226e-310,ÎØÈÁÊÀ
2533,2.42092e-322,0,30,1.60031e+08,4.94066e-323,6.95226e-310,ÎØÈÁÊÀ
2534,2.42092e-322,0,30,1.60031e+08,4.94066e-323,6.95226e-310,ÎØÈÁÊÀ
2535,2.42092e-322,0,30,1.60031e+08,4.94066e-323,6.95226e-310,ÎØÈÁÊÀ
2536,2.42092e-322,0,30,1.60031e+08,4.94066e-323,6.95226e-310,ÎØÈÁÊÀ
2537,2.42092e-322,0,30,1.60031e+08,4.94066e-323,6.95226e-310,ÎØÈÁÊÀ
2538,2.42092e-322,0,30,1.60031e+08,4.94066e-323,6.95226e-310,ÎØÈÁÊÀ
2539,2.42092e-322,0,30,1.60031e+08,4.94066e-323,6.95226e-310,ÎØÈÁÊÀ
2540,2.42092e-322,0,30,1.60031e+08,4.94066e-323,6.95226e-310,ÎØÈÁÊÀ
2541,2.42092e-322,0,30,1.60031e+08,4.94066e-323,6.95226e-310,ÎØÈÁÊÀ
2542,2.42092e-322,0,30,1.60031e+08,4.94066e-323,6.95226e-310,ÎØÈÁÊÀ
2543,2.42092e-322,0,30,1.60031e+08,4.94066e-323,6.95226e-310,ÎØÈÁÊÀ
2544,2.42092e-322,0,30,1.60031e+08,4.94066e-323,6.95226e-310,ÎØÈÁÊÀ
2545,2.42092e-322,0,30,1.60031e+08,4.94066e-323,6.95226e-310,ÎØÈÁÊÀ
2546,2.42092e-322,0,30,1.60031e+08,4.94066e-323,6.95226e-310,ÎØÈÁÊÀ
2547,2.42092e-322,0,30,1.60031e+08,4.94066e-323,6.95226e-310,ÎØÈÁÊÀ
2548,2.42092e-322,0,30,1.60031e+08,4.94066e-323,6.95226e-310,ÎØÈÁÊÀ
2549,2.42092e-322,0,30,1.60031e+08,4.94066e-323,6.95226e-310,ÎØÈÁÊÀ
2550,2.42092e-322,0,30,1.60031e+08,4.94066e-323,6.95226e-310,ÎØÈÁÊÀ
2551,2.42092e-322,0,30,1.60031e+08,4.94066e-323,6.95226e-310,ÎØÈÁÊÀ
2552,2.42092e-322,0,30,1.60031e+08,4.94066e-323,6.95226e-310,ÎØÈÁÊÀ
2553,2.42092e-322,0,30,1.60031e+08,4.94066e-323,6.95226e-310,ÎØÈÁÊÀ
2554,2.42092e-322,0,30,1.60031e+08,4.94066e-323,6.95226e-310,ÎØÈÁÊÀ
2555,2.42092e-322,0,30,1.60031e+08,4.94066e-323,6.95226e-310,ÎØÈÁÊÀ
2556,2.42092e-322,0,30,1.60031e+08,4.94066e-323,6.95226e-310,ÎØÈÁÊÀ
2557,2.42092e-322,0,30,1.60031e+08,4.94066e-323,6.95226e-310,ÎØÈÁÊÀ
2558,2.42092e-322,0,30,1.60031e+08,4.94066e-323,6.95226e-310,ÎØÈÁÊÀ
2559,2.42092e-322,0,30,1.60031e+08,4.94066e-323,6.95226e-310,ÎØÈÁÊÀ
2560,2.42092e-322,0,30,1.60031e+08,4.94066e-323,6.95226e-310,ÎØÈÁÊÀ
2561,2.42092e-322,0,30,1.60031e+08,4.94066e-323,6.95226e-310,ÎØÈÁÊÀ
2562,2.42092e-322,0,30,1.60031e+08,4.94066e-323,6.95226e-310,ÎØÈÁÊÀ
2563,2.42092e-322,0,30,1.60031e+08,4.94066e-323,6.95226e-310,ÎØÈÁÊÀ
2564,2.42092e-322,0,30,1.60031e+08,4.94066e-323,6.95226e-310,ÎØÈÁÊÀ
2565,2.42092e-322,0,30,1.60031e+08,4.94066e-323,6.95226e-310,ÎØÈÁÊÀ
2566,2.42092e-322,0,30,1.60031e+08,4.94066e-323,6.95226e-310,ÎØÈÁÊÀ
2567,2.42092e-322,0,30,1.60031e+08,4.94066e-323,6.95226e-310,ÎØÈÁÊÀ
2568,2.42092e-322,0,30,1.60031e+08,4.94066e-323,6.95226e-310,ÎØÈÁÊÀ
2569,2.42092e-322,0,30,1.60031e+08,4.94066e-323,6.95226e-310,ÎØÈÁÊÀ
2570,2.42092e-322,0,30,1.60031e+08,4.94066e-323,6.95226e-310,ÎØÈÁÊÀ
2571,2.42092e-322,0,30,1.60031e+08,4.94066e-323,6.95226e-310,ÎØÈÁÊÀ
2572,2.42092e-322,0,30,1.60031e+08,4.94066e-323,6.95226e-310,ÎØÈÁÊÀ
2573,2.42092e-322,0,30,1.60031e+08,4.94066e-323,6.95226e-310,ÎØÈÁÊÀ
2574,2.42092e-322,0,30,1.60031e+08,4.94066e-323,6.95226e-310,ÎØÈÁÊÀ
2575,2.42092e-322,0,30,1.60031e+08,4.94066e-323,6.95226e-310,ÎØÈÁÊÀ
2576,2.42092e-322,0,30,1.60031e+08,4.94066e-323,6.95226e-310,ÎØÈÁÊÀ
2577,2.42092e-322,0,30,1.60031e+08,4.94066e-323,6.95226e-310,ÎØÈÁÊÀ
2578,2.42092e-322,0,30,1.60031e+08,4.94066e-323,6.95226e-310,ÎØÈÁÊÀ
2579,2.42092e-322,0,30,1.60031e+08,4.94066e-323,6.95226e-310,ÎØÈÁÊÀ
2580,2.42092e-322,0,30,1.60031e+08,4.94066e-323,6.95226e-310,ÎØÈÁÊÀ
2581,2.42092e-322,0,30,1.60031e+08,4.94066e-323,6.95226e-310,ÎØÈÁÊÀ
2582,2.42092e-322,0,30,1.60031e+08,4.94066e-323,6.95226e-310,ÎØÈÁÊÀ
2583,2.42092e-322,0,30,1.60031e+08,4.94066e-323,6.95226e-310,ÎØÈÁÊÀ
2584,2.42092e-322,0,30,1.60031e+08,4.94066e-323,6.95226e-310,ÎØÈÁÊÀ
2585,2.42092e-322,0,30,1.60031e+08,4.94066e-323,6.95226e-310,ÎØÈÁÊÀ
2586,2.42092e-322,0,30,1.60031e+08,4.94066e-323,6.95226e-310,ÎØÈÁÊÀ
2587,2.42092e-322,0,30,1.60031e+08,4.94066e-323,6.95226e-310,ÎØÈÁÊÀ
2588,2.42092e-322,0,30,1.60031e+08,4.94066e-323,6.95226e-310,ÎØÈÁÊÀ
2589,2.42092e-322,0,30,1.60031e+08,4.94066e-323,6.95226e-310,ÎØÈÁÊÀ
2590,2.42092e-322,0,30,1.60031e+08,4.94066e-323,6.95226e-310,ÎØÈÁÊÀ
2591,2.42092e-322,0,30,1.60031e+08,4.94066e-323,6.95226e-310,ÎØÈÁÊÀ
2592,2.42092e-322,0,30,1.60031e+08,4.94066e-323,6.95226e-310,ÎØÈÁÊÀ
2593,2.42092e-322,0,30,1.60031e+08,4.94066e-323,6.95226e-310,ÎØÈÁÊÀ
2594,2.42092e-322,0,30,1.60031e+08,4.94066e-323,6.95226e-310,ÎØÈÁÊÀ
2595,2.42092e-322,0,30,1.60031e+08,4.94066e-323,6.95226e-310,ÎØÈÁÊÀ
2596,2.42092e-322,0,30,1.60031e+08,4.94066e-323,6.95226e-310,ÎØÈÁÊÀ
2597,2.42092e-322,0,30,1.60031e+08,4.94066e-323,6.95226e-310,ÎØÈÁÊÀ
2598,2.42092e-322,0,30,1.60031e+08,4.94066e-323,6.95226e-310,ÎØÈÁÊÀ
2599,2.42092e-322,0,30,1.6004e+08,4.94066e-323,6.95226e-310,ÎØÈÁÊÀ
2600,2.42092e-322,0,30,1.6004e+08,4.94066e-323,6.95226e-310,ÎØÈÁÊÀ
2601,2.42092e-322,0,30,1.6004e+08,4.94066e-323,6.95226e-310,ÎØÈÁÊÀ
2602,2.42092e-322,0,30,1.6004e+08,4.94066e-323,6.95226e-310,ÎØÈÁÊÀ
2603,2.42092e-322,0,30,1.6004e+08,4.94066e-323,6.95226e-310,ÎØÈÁÊÀ
2604,2.42092e-322,0,30,1.6004e+08,4.94066e-323,6.95226e-310,ÎØÈÁÊÀ
2605,2.42092e-322,0,30,1.6004e+08,4.94066e-323,6.95226e-310,ÎØÈÁÊÀ
2606,2.42092e-322,0,30,1.6004e+08,4.94066e-323,6.95226e-310,ÎØÈÁÊÀ
2607,2.42092e-322,0,30,1.6004e+08,4.94066e-323,6.95226e-310,ÎØÈÁÊÀ
2608,2.42092e-322,0,30,1.6004e+08,4.94066e-323,6.95226e-310,ÎØÈÁÊÀ
2609,2.42092e-322,0,30,1.6004e+08,4.94066e-323,6.95226e-310,ÎØÈÁÊÀ
2610,2.42092e-322,0,30,1.6004e+08,4.94066e-323,6.95226e-310,ÎØÈÁÊÀ
2611,2.42092e-322,0,30,1.6004e+08,4.94066e-323,6.95226e-310,ÎØÈÁÊÀ
2612,2.42092e-322,0,30,1.6004e+08,4.94066e-323,6.95226e-310,ÎØÈÁÊÀ
2613,2.42092e-322,0,30,1.6004e+08,4.94066e-323,6.95226e-310,ÎØÈÁÊÀ
2614,2.42092e-322,0,30,1.6004e+08,4.94066e-323,6.95226e-310,ÎØÈÁÊÀ
2615,2.42092e-322,0,30,1.6004e+08,4.94066e-323,6.95226e-310,ÎØÈÁÊÀ
2616,2.42092e-322,0,30,1.6004e+08,4.94066e-323,6.95226e-310,ÎØÈÁÊÀ
2617,2.42092e-322,0,30,1.6004e+08,4.94066e-323,6.95226e-310,ÎØÈÁÊÀ
2618,2.42092e-322,0,30,1.6004e+08,4.94066e-323,6.95226e-310,ÎØÈÁÊÀ
2619,2.42092e-322,0,30,1.6004e+08,4.94066e-323,6.95226e-310,ÎØÈÁÊÀ
2620,2.42092e-322,0,30,1.6004e+08,4.94066e-323,6.95226e-310,ÎØÈÁÊÀ
2621,2.42092e-322,0,30,1.6004e+08,4.94066e-323,6.95226e-310,ÎØÈÁÊÀ
2622,2.42092e-322,0,30,1.6004e+08,4.94066e-323,6.95226e-310,ÎØÈÁÊÀ
2623,2.42092e-322,0,30,1.6004e+08,4.94066e-323,6.95226e-310,ÎØÈÁÊÀ
2624,2.42092e-322,0,30,1.6004e+08,4.94066e-323,6.95226e-310,ÎØÈÁÊÀ
2625,2.42092e-322,0,30,1.6004e+08,4.94066e-323,6.95226e-310,ÎØÈÁÊÀ
2626,2.42092e-322,0,30,1.6004e+08,4.94066e-323,6.95226e-310,ÎØÈÁÊÀ
2627,2.42092e-322,0,30,1.6004e+08,4.94066e-323,6.95226e-310,ÎØÈÁÊÀ
2628,2.42092e-322,0,30,1.6004e+08,4.94066e-323,6.95226e-310,ÎØÈÁÊÀ
2629,2.42092e-322,0,30,1.6004e+08,4.94066e-323,6.95226e-310,ÎØÈÁÊÀ
2630,2.42092e-322,0,30,1.6004e+08,4.94066e-323,6.95226e-310,ÎØÈÁÊÀ
2631,2.42092e-322,0,30,1.6004e+08,4.94066e-323,6.95226e-310,ÎØÈÁÊÀ
2632,2.42092e-322,0,30,1.6004e+08,4.94066e-323,6.95226e-310,ÎØÈÁÊÀ
2633,2.42092e-322,0,30,1.6004e+08,4.94066e-323,6.95226e-310,ÎØÈÁÊÀ
2634,2.42092e-322,0,30,1.6004e+08,4.94066e-323,6.95226e-310,ÎØÈÁÊÀ
2635,2.42092e-322,0,30,1.6004e+08,4.94066e-323,6.95226e-310,ÎØÈÁÊÀ
2636,2.42092e-322,0,30,1.6004e+08,4.94066e-323,6.95226e-310,ÎØÈÁÊÀ
2637,2.42092e-322,0,30,1.6004e+08,4.94066e-323,6.95226e-310,ÎØÈÁÊÀ
2638,2.42092e-322,0,30,1.6004e+08,4.94066e-323,6.95226e-310,ÎØÈÁÊÀ
2639,2.42092e-322,0,30,1.6004e+08,4.94066e-323,6.95226e-310,ÎØÈÁÊÀ
2640,2.42092e-322,0,30,1.6004e+08,4.94066e-323,6.95226e-310,ÎØÈÁÊÀ
2641,2.42092e-322,0,30,1.6004e+08,4.94066e-323,6.95226e-310,ÎØÈÁÊÀ
2642,2.42092e-322,0,30,1.6004e+08,4.94066e-323,6.95226e-310,ÎØÈÁÊÀ
2643,2.42092e-322,0,30,1.6004e+08,4.94066e-323,6.95226e-310,ÎØÈÁÊÀ
2644,2.42092e-322,0,30,1.6004e+08,4.94066e-323,6.95226e-310,ÎØÈÁÊÀ
2645,2.42092e-322,0,30,1.6004e+08,4.94066e-323,6.95226e-310,ÎØÈÁÊÀ
2646,2.42092e-322,0,30,1.6004e+08,4.94066e-323,6.95226e-310,ÎØÈÁÊÀ
2647,2.42092e-322,0,30,1.6004e+08,4.94066e-323,6.95226e-310,ÎØÈÁÊÀ
2648,2.42092e-322,0,30,1.6004e+08,4.94066e-323,6.95226e-310,ÎØÈÁÊÀ
2649,2.42092e-322,0,30,1.6004e+08,4.94066e-323,6.95226e-310,ÎØÈÁÊÀ
2650,2.42092e-322,0,30,1.6004e+08,4.94066e-323,6.95226e-310,ÎØÈÁÊÀ
2651,2.42092e-322,0,30,1.6004e+08,4.94066e-323,6.95226e-310,ÎØÈÁÊÀ
2652,2.42092e-322,0,30,1.6004e+08,4.94066e-323,6.95226e-310,ÎØÈÁÊÀ
2653,2.42092e-322,0,30,1.6004e+08,4.94066e-323,6.95226e-310,ÎØÈÁÊÀ
2654,2.42092e-322,0,30,1.6004e+08,4.94066e-323,6.95226e-310,ÎØÈÁÊÀ
2655,2.42092e-322,0,30,1.6004e+08,4.94066e-323,6.95226e-310,ÎØÈÁÊÀ
2656,2.42092e-322,0,30,1.6004e+08,4.94066e-323,6.95226e-310,ÎØÈÁÊÀ
2657,2.42092e-322,0,30,1.6004e+08,4.94066e-323,6.95226e-310,ÎØÈÁÊÀ
2658,2.42092e-322,0,30,1.6004e+08,4.94066e-323,6.95226e-310,ÎØÈÁÊÀ
2659,2.42092e-322,0,30,1.6004e+08,4.94066e-323,6.95226e-310,ÎØÈÁÊÀ
2660,2.42092e-322,0,30,1.6004e+08,4.94066e-323,6.95226e-310,ÎØÈÁÊÀ
2661,2.42092e-322,0,30,1.6004e+08,4.94066e-323,6.95226e-310,ÎØÈÁÊÀ
2662,2.42092e-322,0,30,1.6004e+08,4.94066e-323,6.95226e-310,ÎØÈÁÊÀ
2663,2.42092e-322,0,30,1.6004e+08,4.94066e-323,6.95226e-310,ÎØÈÁÊÀ
2664,2.42092e-322,0,30,1.6004e+08,4.94066e-323,6.95226e-310,ÎØÈÁÊÀ
2665,2.42092e-322,0,30,1.6004e+08,4.94066e-323,6.95226e-310,ÎØÈÁÊÀ
2666,2.42092e-322,0,30,1.6004e+08,4.94066e-323,6.95226e-310,ÎØÈÁÊÀ
2667,2.42092e-322,0,30,1.6004e+08,4.94066e-323,6.95226e-310,ÎØÈÁÊÀ
2668,2.42092e-322,0,30,1.6004e+08,4.94066e-323,6.95226e-310,ÎØÈÁÊÀ
2669,2.42092e-322,0,30,1.6004e+08,4.94066e-323,6.95226e-310,ÎØÈÁÊÀ
2670,2.42092e-322,0,30,1.6004e+08,4.94066e-323,6.95226e-310,ÎØÈÁÊÀ
2671,2.42092e-322,0,30,1.6004e+08,4.94066e-323,6.95226e-310,ÎØÈÁÊÀ
2672,2.42092e-322,0,30,1.6004e+08,4.94066e-323,6.95226e-310,ÎØÈÁÊÀ
2673,2.42092e-322,0,30,1.6004e+08,4.94066e-323,6.95226e-310,ÎØÈÁÊÀ
2674,2.42092e-322,0,30,1.6004e+08,4.94066e-323,6.95226e-310,ÎØÈÁÊÀ
2675,2.42092e-322,0,30,1.6004e+08,4.94066e-323,6.95226e-310,ÎØÈÁÊÀ
2676,2.42092e-322,0,30,1.6004e+08,4.94066e-323,6.95226e-310,ÎØÈÁÊÀ
2677,2.42092e-322,0,30,1.6004e+08,4.94066e-323,6.95226e-310,ÎØÈÁÊÀ
2678,2.42092e-322,0,30,1.6004e+08,4.94066e-323,6.95226e-310,ÎØÈÁÊÀ
2679,2.42092e-322,0,30,1.6004e+08,4.94066e-323,6.95226e-310,ÎØÈÁÊÀ
2680,2.42092e-322,0,30,1.6004e+08,4.94066e-323,6.95226e-310,ÎØÈÁÊÀ
2681,2.42092e-322,0,30,1.6004e+08,4.94066e-323,6.95226e-310,ÎØÈÁÊÀ
2682,2.42092e-322,0,30,1.6004e+08,4.94066e-323,6.95226e-310,ÎØÈÁÊÀ
2683,2.42092e-322,0,30,1.6004e+08,4.94066e-323,6.95226e-310,ÎØÈÁÊÀ
2684,2.42092e-322,0,30,1.6004e+08,4.94066e-323,6.95226e-310,ÎØÈÁÊÀ
2685,2.42092e-322,0,30,1.6004e+08,4.94066e-323,6.95226e-310,ÎØÈÁÊÀ
2686,2.42092e-322,0,30,1.6004e+08,4.94066e-323,6.95226e-310,ÎØÈÁÊÀ
2687,2.42092e-322,0,30,1.6004e+08,4.94066e-323,6.95226e-310,ÎØÈÁÊÀ
2688,2.42092e-322,0,30,1.6004e+08,4.94066e-323,6.95226e-310,ÎØÈÁÊÀ
2689,2.42092e-322,0,30,1.6004e+08,4.94066e-323,6.95226e-310,ÎØÈÁÊÀ
2690,2.42092e-322,0,30,1.6004e+08,4.94066e-323,6.95226e-310,ÎØÈÁÊÀ
2691,2.42092e-322,0,30,1.6004e+08,4.94066e-323,6.95226e-310,ÎØÈÁÊÀ
2692,2.42092e-322,0,30,1.6004e+08,4.94066e-323,6.95226e-310,ÎØÈÁÊÀ
2693,2.42092e-322,0,30,1.6004e+08,4.94066e-323,6.95226e-310,ÎØÈÁÊÀ
2694,2.42092e-322,0,30,1.6004e+08,4.94066e-323,6.95226e-310,ÎØÈÁÊÀ
2695,2.42092e-322,0,30,1.6004e+08,4.94066e-323,6.95226e-310,ÎØÈÁÊÀ
2696,2.42092e-322,0,30,1.6004e+08,4.94066e-323,6.95226e-310,ÎØÈÁÊÀ
2697,2.42092e-322,0,30,1.6004e+08,4.94066e-323,6.95226e-310,ÎØÈÁÊÀ
2698,2.42092e-322,0,30,1.6005e+08,4.94066e-323,6.95226e-310,ÎØÈÁÊÀ
2699,2.42092e-322,0,30,1.6005e+08,4.94066e-323,6.95226e-310,ÎØÈÁÊÀ
2700,2.42092e-322,0,30,1.6005e+08,4.94066e-323,6.95226e-310,ÎØÈÁÊÀ
2701,2.42092e-322,0,30,1.6005e+08,4.94066e-323,6.95226e-310,ÎØÈÁÊÀ
2702,2.42092e-322,0,30,1.6005e+08,4.94066e-323,6.95226e-310,ÎØÈÁÊÀ
2703,2.42092e-322,0,30,1.6005e+08,4.94066e-323,6.95226e-310,ÎØÈÁÊÀ
2704,2.42092e-322,0,30,1.6005e+08,4.94066e-323,6.95226e-310,ÎØÈÁÊÀ
2705,2.42092e-322,0,30,1.6005e+08,4.94066e-323,6.95226e-310,ÎØÈÁÊÀ
2706,2.42092e-322,0,30,1.6005e+08,4.94066e-323,6.95226e-310,ÎØÈÁÊÀ
2707,2.42092e-322,0,30,1.6005e+08,4.94066e-323,6.95226e-310,ÎØÈÁÊÀ
2708,2.42092e-322,0,30,1.6005e+08,4.94066e-323,6.95226e-310,ÎØÈÁÊÀ
2709,2.42092e-322,0,30,1.6005e+08,4.94066e-323,6.95226e-310,ÎØÈÁÊÀ
2710,2.42092e-322,0,30,1.6005e+08,4.94066e-323,6.95226e-310,ÎØÈÁÊÀ
2711,2.42092e-322,0,30,1.6005e+08,4.94066e-323,6.95226e-310,ÎØÈÁÊÀ
2712,2.42092e-322,0,30,1.6005e+08,4.94066e-323,6.95226e-310,ÎØÈÁÊÀ
2713,2.42092e-322,0,30,1.6005e+08,4.94066e-323,6.95226e-310,ÎØÈÁÊÀ
2714,2.42092e-322,0,30,1.6005e+08,4.94066e-323,6.95226e-310,ÎØÈÁÊÀ
2715,2.42092e-322,0,30,1.6005e+08,4.94066e-323,6.95226e-310,ÎØÈÁÊÀ
2716,2.42092e-322,0,30,1.6005e+08,4.94066e-323,6.95226e-310,ÎØÈÁÊÀ
2717,2.42092e-322,0,30,1.6005e+08,4.94066e-323,6.95226e-310,ÎØÈÁÊÀ
2718,2.42092e-322,0,30,1.6005e+08,4.94066e-323,6.95226e-310,ÎØÈÁÊÀ
2719,2.42092e-322,0,30,1.6005e+08,4.94066e-323,6.95226e-310,ÎØÈÁÊÀ
2720,2.42092e-322,0,30,1.6005e+08,4.94066e-323,6.95226e-310,ÎØÈÁÊÀ
2721,2.42092e-322,0,30,1.6005e+08,4.94066e-323,6.95226e-310,ÎØÈÁÊÀ
2722,2.42092e-322,0,30,1.6005e+08,4.94066e-323,6.95226e-310,ÎØÈÁÊÀ
2723,2.42092e-322,0,30,1.6005e+08,4.94066e-323,6.95226e-310,ÎØÈÁÊÀ
2724,2.42092e-322,0,30,1.6005e+08,4.94066e-323,6.95226e-310,ÎØÈÁÊÀ
2725,2.42092e-322,0,30,1.6005e+08,4.94066e-323,6.95226e-310,ÎØÈÁÊÀ
2726,2.42092e-322,0,30,1.6005e+08,4.94066e-323,6.95226e-310,ÎØÈÁÊÀ
2727,2.42092e-322,0,30,1.6005e+08,4.94066e-323,6.95226e-310,ÎØÈÁÊÀ
2728,2.42092e-322,0,30,1.6005e+08,4.94066e-323,6.95226e-310,ÎØÈÁÊÀ
2729,2.42092e-322,0,30,1.6005e+08,4.94066e-323,6.95226e-310,ÎØÈÁÊÀ
2730,2.42092e-322,0,30,1.6005e+08,4.94066e-323,6.95226e-310,ÎØÈÁÊÀ
2731,2.42092e-322,0,30,1.6005e+08,4.94066e-323,6.95226e-310,ÎØÈÁÊÀ
2732,2.42092e-322,0,30,1.6005e+08,4.94066e-323,6.95226e-310,ÎØÈÁÊÀ
2733,2.42092e-322,0,30,1.6005e+08,4.94066e-323,6.95226e-310,ÎØÈÁÊÀ
2734,2.42092e-322,0,30,1.6005e+08,4.94066e-323,6.95226e-310,ÎØÈÁÊÀ
2735,2.42092e-322,0,30,1.6005e+08,4.94066e-323,6.95226e-310,ÎØÈÁÊÀ
2736,2.42092e-322,0,30,1.6005e+08,4.94066e-323,6.95226e-310,ÎØÈÁÊÀ
2737,2.42092e-322,0,30,1.6005e+08,4.94066e-323,6.95226e-310,ÎØÈÁÊÀ
2738,2.42092e-322,0,30,1.6005e+08,4.94066e-323,6.95226e-310,ÎØÈÁÊÀ
2739,2.42092e-322,0,30,1.6005e+08,4.94066e-323,6.95226e-310,ÎØÈÁÊÀ
2740,2.42092e-322,0,30,1.6005e+08,4.94066e-323,6.95226e-310,ÎØÈÁÊÀ
2741,2.42092e-322,0,30,1.6005e+08,4.94066e-323,6.95226e-310,ÎØÈÁÊÀ
2742,2.42092e-322,0,30,1.6005e+08,4.94066e-323,6.95226e-310,ÎØÈÁÊÀ
2743,2.42092e-322,0,30,1.6005e+08,4.94066e-323,6.95226e-310,ÎØÈÁÊÀ
2744,2.42092e-322,0,30,1.6005e+08,4.94066e-323,6.95226e-310,ÎØÈÁÊÀ
2745,2.42092e-322,0,30,1.6005e+08,4.94066e-323,6.95226e-310,ÎØÈÁÊÀ
2746,2.42092e-322,0,30,1.6005e+08,4.94066e-323,6.95226e-310,ÎØÈÁÊÀ
2747,2.42092e-322,0,30,1.6005e+08,4.94066e-323,6.95226e-310,ÎØÈÁÊÀ
2748,2.42092e-322,0,30,1.6005e+08,4.94066e-323,6.95226e-310,ÎØÈÁÊÀ
2749,2.42092e-322,0,30,1.6005e+08,4.94066e-323,6.95226e-310,ÎØÈÁÊÀ
2750,2.42092e-322,0,30,1.6005e+08,4.94066e-323,6.95226e-310,ÎØÈÁÊÀ
2751,2.42092e-322,0,30,1.6005e+08,4.94066e-323,6.95226e-310,ÎØÈÁÊÀ
2752,2.42092e-322,0,30,1.6005e+08,4.94066e-323,6.95226e-310,ÎØÈÁÊÀ
2753,2.42092e-322,0,30,1.6005e+08,4.94066e-323,6.95226e-310,ÎØÈÁÊÀ
2754,2.42092e-322,0,30,1.6005e+08,4.94066e-323,6.95226e-310,ÎØÈÁÊÀ
2755,2.42092e-322,0,30,1.6005e+08,4.94066e-323,6.95226e-310,ÎØÈÁÊÀ
2756,2.42092e-322,0,30,1.6005e+08,4.94066e-323,6.95226e-310,ÎØÈÁÊÀ
2757,2.42092e-322,0,30,1.6005e+08,4.94066e-323,6.95226e-310,ÎØÈÁÊÀ
2758,2.42092e-322,0,30,1.6005e+08,4.94066e-323,6.95226e-310,ÎØÈÁÊÀ
2759,2.42092e-322,0,30,1.6005e+08,4.94066e-323,6.95226e-310,ÎØÈÁÊÀ
2760,2.42092e-322,0,30,1.6005e+08,4.94066e-323,6.95226e-310,ÎØÈÁÊÀ
2761,2.42092e-322,0,30,1.6005e+08,4.94066e-323,6.95226e-310,ÎØÈÁÊÀ
2762,2.42092e-322,0,30,1.6005e+08,4.94066e-323,6.95226e-310,ÎØÈÁÊÀ
2763,2.42092e-322,0,30,1.6005e+08,4.94066e-323,6.95226e-310,ÎØÈÁÊÀ
2764,2.42092e-322,0,30,1.6005e+08,4.94066e-323,6.95226e-310,ÎØÈÁÊÀ
2765,2.42092e-322,0,30,1.6005e+08,4.94066e-323,6.95226e-310,ÎØÈÁÊÀ
2766,2.42092e-322,0,30,1.6005e+08,4.94066e-323,6.95226e-310,ÎØÈÁÊÀ
2767,2.42092e-322,0,30,1.6005e+08,4.94066e-323,6.95226e-310,ÎØÈÁÊÀ
2768,2.42092e-322,0,30,1.6005e+08,4.94066e-323,6.95226e-310,ÎØÈÁÊÀ
2769,2.42092e-322,0,30,1.6005e+08,4.94066e-323,6.95226e-310,ÎØÈÁÊÀ
2770,2.42092e-322,0,30,1.6005e+08,4.94066e-323,6.95226e-310,ÎØÈÁÊÀ
2771,2.42092e-322,0,30,1.6005e+08,4.94066e-323,6.95226e-310,ÎØÈÁÊÀ
2772,2.42092e-322,0,30,1.6005e+08,4.94066e-323,6.95226e-310,ÎØÈÁÊÀ
2773,2.42092e-322,0,30,1.6005e+08,4.94066e-323,6.95226e-310,ÎØÈÁÊÀ
2774,2.42092e-322,0,30,1.6005e+08,4.94066e-323,6.95226e-310,ÎØÈÁÊÀ
2775,2.42092e-322,0,30,1.6005e+08,4.94066e-323,6.95226e-310,ÎØÈÁÊÀ
2776,2.42092e-322,0,30,1.6005e+08,4.94066e-323,6.95226e-310,ÎØÈÁÊÀ
2777,2.42092e-322,0,30,1.6005e+08,4.94066e-323,6.95226e-310,ÎØÈÁÊÀ
2778,2.42092e-322,0,30,1.6005e+08,4.94066e-323,6.95226e-310,ÎØÈÁÊÀ
2779,2.42092e-322,0,30,1.6005e+08,4.94066e-323,6.95226e-310,ÎØÈÁÊÀ
2780,2.42092e-322,0,30,1.6005e+08,4.94066e-323,6.95226e-310,ÎØÈÁÊÀ
2781,2.42092e-322,0,30,1.6005e+08,4.94066e-323,6.95226e-310,ÎØÈÁÊÀ
2782,2.42092e-322,0,30,1.6005e+08,4.94066e-323,6.95226e-310,ÎØÈÁÊÀ
2783,2.42092e-322,0,30,1.6005e+08,4.94066e-323,6.95226e-310,ÎØÈÁÊÀ
2784,2.42092e-322,0,30,1.6005e+08,4.94066e-323,6.95226e-310,ÎØÈÁÊÀ
2785,2.42092e-322,0,30,1.6005e+08,4.94066e-323,6.95226e-310,ÎØÈÁÊÀ
2786,2.42092e-322,0,30,1.6005e+08,4.94066e-323,6.95226e-310,ÎØÈÁÊÀ
2787,2.42092e-322,0,30,1.6005e+08,4.94066e-323,6.95226e-310,ÎØÈÁÊÀ
2788,2.42092e-322,0,30,1.6005e+08,4.94066e-323,6.95226e-310,ÎØÈÁÊÀ
2789,2.42092e-322,0,30,1.6005e+08,4.94066e-323,6.95226e-310,ÎØÈÁÊÀ
2790,2.42092e-322,0,30,1.6005e+08,4.94066e-323,6.95226e-310,ÎØÈÁÊÀ
2791,2.42092e-322,0,30,1.6005e+08,4.94066e-323,6.95226e-310,ÎØÈÁÊÀ
2792,2.42092e-322,0,30,1.6005e+08,4.94066e-323,6.95226e-310,ÎØÈÁÊÀ
2793,2.42092e-322,0,30,1.6005e+08,4.94066e-323,6.95226e-310,ÎØÈÁÊÀ
2794,2.42092e-322,0,30,1.6005e+08,4.94066e-323,6.95226e-310,ÎØÈÁÊÀ
2795,2.42092e-322,0,30,1.6005e+08,4.94066e-323,6.95226e-310,ÎØÈÁÊÀ
2796,2.42092e-322,0,30,1.6005e+08,4.94066e-323,6.95226e-310,ÎØÈÁÊÀ
2797,2.42092e-322,0,30,1.6005e+08,4.94066e-323,6.95226e-310,ÎØÈÁÊÀ
2798,2.42092e-322,0,30,1.6005e+08,4.94066e-323,6.95226e-310,ÎØÈÁÊÀ
2799,2.42092e-322,0,30,1.6005e+08,4.94066e-323,6.95226e-310,ÎØÈÁÊÀ
2800,2.42092e-322,0,30,1.6005e+08,4.94066e-323,6.95226e-310,ÎØÈÁÊÀ
2801,2.42092e-322,0,30,1.6005e+08,4.94066e-323,6.95226e-310,ÎØÈÁÊÀ
2802,2.42092e-322,0,30,1.6005e+08,4.94066e-323,6.95226e-310,ÎØÈÁÊÀ
2803,2.42092e-322,0,30,1.6005e+08,4.94066e-323,6.95226e-310,ÎØÈÁÊÀ
2804,2.42092e-322,0,30,1.6005e+08,4.94066e-323,6.95226e-310,ÎØÈÁÊÀ
2805,2.42092e-322,0,30,1.6005e+08,4.94066e-323,6.95226e-310,ÎØÈÁÊÀ
2806,2.42092e-322,0,30,1.6005e+08,4.94066e-323,6.95226e-310,ÎØÈÁÊÀ
2807,2.42092e-322,0,30,1.60064e+08,4.94066e-323,6.95226e-310,ÎØÈÁÊÀ
2808,2.42092e-322,0,30,1.60064e+08,4.94066e-323,6.95226e-310,ÎØÈÁÊÀ
2809,2.42092e-322,0,30,1.60064e+08,4.94066e-323,6.95226e-310,ÎØÈÁÊÀ
2810,2.42092e-322,0,30,1.60064e+08,4.94066e-323,6.95226e-310,ÎØÈÁÊÀ
2811,2.42092e-322,0,30,1.60064e+08,4.94066e-323,6.95226e-310,ÎØÈÁÊÀ
2812,2.42092e-322,0,30,1.60064e+08,4.94066e-323,6.95226e-310,ÎØÈÁÊÀ
2813,2.42092e-322,0,30,1.60064e+08,4.94066e-323,6.95226e-310,ÎØÈÁÊÀ
2814,2.42092e-322,0,30,1.60064e+08,4.94066e-323,6.95226e-310,ÎØÈÁÊÀ
2815,2.42092e-322,0,30,1.60064e+08,4.94066e-323,6.95226e-310,ÎØÈÁÊÀ
2816,2.42092e-322,0,30,1.60064e+08,4.94066e-323,6.95226e-310,ÎØÈÁÊÀ
2817,2.42092e-322,0,30,1.60064e+08,4.94066e-323,6.95226e-310,ÎØÈÁÊÀ
2818,2.42092e-322,0,30,1.60064e+08,4.94066e-323,6.95226e-310,ÎØÈÁÊÀ
2819,2.42092e-322,0,30,1.60064e+08,4.94066e-323,6.95226e-310,ÎØÈÁÊÀ
2820,2.42092e-322,0,30,1.60064e+08,4.94066e-323,6.95226e-310,ÎØÈÁÊÀ
2821,2.42092e-322,0,30,1.60064e+08,4.94066e-323,6.95226e-310,ÎØÈÁÊÀ
2822,2.42092e-322,0,30,1.60064e+08,4.94066e-323,6.95226e-310,ÎØÈÁÊÀ
2823,2.42092e-322,0,30,1.60064e+08,4.94066e-323,6.95226e-310,ÎØÈÁÊÀ
2824,2.42092e-322,0,30,1.60064e+08,4.94066e-323,6.95226e-310,ÎØÈÁÊÀ
2825,2.42092e-322,0,30,1.60064e+08,4.94066e-323,6.95226e-310,ÎØÈÁÊÀ
2826,2.42092e-322,0,30,1.60064e+08,4.94066e-323,6.95226e-310,ÎØÈÁÊÀ
2827,2.42092e-322,0,30,1.60064e+08,4.94066e-323,6.95226e-310,ÎØÈÁÊÀ
2828,2.42092e-322,0,30,1.60064e+08,4.94066e-323,6.95226e-310,ÎØÈÁÊÀ
2829,2.42092e-322,0,30,1.60064e+08,4.94066e-323,6.95226e-310,ÎØÈÁÊÀ
2830,2.42092e-322,0,30,1.60064e+08,4.94066e-323,6.95226e-310,ÎØÈÁÊÀ
2831,2.42092e-322,0,30,1.60064e+08,4.94066e-323,6.95226e-310,ÎØÈÁÊÀ
2832,2.42092e-322,0,30,1.60064e+08,4.94066e-323,6.95226e-310,ÎØÈÁÊÀ
2833,2.42092e-322,0,30,1.60064e+08,4.94066e-323,6.95226e-310,ÎØÈÁÊÀ
2834,2.42092e-322,0,30,1.60064e+08,4.94066e-323,6.95226e-310,ÎØÈÁÊÀ
2835,2.42092e-322,0,30,1.60064e+08,4.94066e-323,6.95226e-310,ÎØÈÁÊÀ
2836,2.42092e-322,0,30,1.60064e+08,4.94066e-323,6.95226e-310,ÎØÈÁÊÀ
2837,2.42092e-322,0,30,1.60064e+08,4.94066e-323,6.95226e-310,ÎØÈÁÊÀ
2838,2.42092e-322,0,30,1.60064e+08,4.94066e-323,6.95226e-310,ÎØÈÁÊÀ
2839,2.42092e-322,0,30,1.60064e+08,4.94066e-323,6.95226e-310,ÎØÈÁÊÀ
2840,2.42092e-322,0,30,1.60064e+08,4.94066e-323,6.95226e-310,ÎØÈÁÊÀ
2841,2.42092e-322,0,30,1.60064e+08,4.94066e-323,6.95226e-310,ÎØÈÁÊÀ
2842,2.42092e-322,0,30,1.60064e+08,4.94066e-323,6.95226e-310,ÎØÈÁÊÀ
2843,2.42092e-322,0,30,1.60064e+08,4.94066e-323,6.95226e-310,ÎØÈÁÊÀ
2844,2.42092e-322,0,30,1.60064e+08,4.94066e-323,6.95226e-310,ÎØÈÁÊÀ
2845,2.42092e-322,0,30,1.60064e+08,4.94066e-323,6.95226e-310,ÎØÈÁÊÀ
2846,2.42092e-322,0,30,1.60064e+08,4.94066e-323,6.95226e-310,ÎØÈÁÊÀ
2847,2.42092e-322,0,30,1.60064e+08,4.94066e-323,6.95226e-310,ÎØÈÁÊÀ
2848,2.42092e-322,0,30,1.60064e+08,4.94066e-323,6.95226e-310,ÎØÈÁÊÀ
2849,2.42092e-322,0,30,1.60064e+08,4.94066e-323,6.95226e-310,ÎØÈÁÊÀ
2850,2.42092e-322,0,30,1.60064e+08,4.94066e-323,6.95226e-310,ÎØÈÁÊÀ
2851,2.42092e-322,0,30,1.60064e+08,4.94066e-323,6.95226e-310,ÎØÈÁÊÀ
2852,2.42092e-322,0,30,1.60064e+08,4.94066e-323,6.95226e-310,ÎØÈÁÊÀ
2853,2.42092e-322,0,30,1.60064e+08,4.94066e-323,6.95226e-310,ÎØÈÁÊÀ
2854,2.42092e-322,0,30,1.60064e+08,4.94066e-323,6.95226e-310,ÎØÈÁÊÀ
2855,2.42092e-322,0,30,1.60064e+08,4.94066e-323,6.95226e-310,ÎØÈÁÊÀ
2856,2.42092e-322,0,30,1.60064e+08,4.94066e-323,6.95226e-310,ÎØÈÁÊÀ
2857,2.42092e-322,0,30,1.60064e+08,4.94066e-323,6.95226e-310,ÎØÈÁÊÀ
2858,2.42092e-322,0,30,1.60064e+08,4.94066e-323,6.95226e-310,ÎØÈÁÊÀ
2859,2.42092e-322,0,30,1.60064e+08,4.94066e-323,6.95226e-310,ÎØÈÁÊÀ
2860,2.42092e-322,0,30,1.60064e+08,4.94066e-323,6.95226e-310,ÎØÈÁÊÀ
2861,2.42092e-322,0,30,1.60064e+08,4.94066e-323,6.95226e-310,ÎØÈÁÊÀ
2862,2.42092e-322,0,30,1.60064e+08,4.94066e-323,6.95226e-310,ÎØÈÁÊÀ
2863,2.42092e-322,0,30,1.60064e+08,4.94066e-323,6.95226e-310,ÎØÈÁÊÀ
2864,2.42092e-322,0,30,1.60064e+08,4.94066e-323,6.95226e-310,ÎØÈÁÊÀ
2865,2.42092e-322,0,30,1.60064e+08,4.94066e-323,6.95226e-310,ÎØÈÁÊÀ
2866,2.42092e-322,0,30,1.60064e+08,4.94066e-323,6.95226e-310,ÎØÈÁÊÀ
2867,2.42092e-322,0,30,1.60064e+08,4.94066e-323,6.95226e-310,ÎØÈÁÊÀ
2868,2.42092e-322,0,30,1.60064e+08,4.94066e-323,6.95226e-310,ÎØÈÁÊÀ
2869,2.42092e-322,0,30,1.60064e+08,4.94066e-323,6.95226e-310,ÎØÈÁÊÀ
2870,2.42092e-322,0,30,1.60064e+08,4.94066e-323,6.95226e-310,ÎØÈÁÊÀ
2871,2.42092e-322,0,30,1.60064e+08,4.94066e-323,6.95226e-310,ÎØÈÁÊÀ
2872,2.42092e-322,0,30,1.60064e+08,4.94066e-323,6.95226e-310,ÎØÈÁÊÀ
2873,2.42092e-322,0,30,1.60064e+08,4.94066e-323,6.95226e-310,ÎØÈÁÊÀ
2874,2.42092e-322,0,30,1.60064e+08,4.94066e-323,6.95226e-310,ÎØÈÁÊÀ
2875,2.42092e-322,0,30,1.60064e+08,4.94066e-323,6.95226e-310,ÎØÈÁÊÀ
2876,2.42092e-322,0,30,1.60064e+08,4.94066e-323,6.95226e-310,ÎØÈÁÊÀ
2877,2.42092e-322,0,30,1.60064e+08,4.94066e-323,6.95226e-310,ÎØÈÁÊÀ
2878,2.42092e-322,0,30,1.60064e+08,4.94066e-323,6.95226e-310,ÎØÈÁÊÀ
2879,2.42092e-322,0,30,1.60064e+08,4.94066e-323,6.95226e-310,ÎØÈÁÊÀ
2880,2.42092e-322,0,30,1.60064e+08,4.94066e-323,6.95226e-310,ÎØÈÁÊÀ
2881,2.42092e-322,0,30,1.60064e+08,4.94066e-323,6.95226e-310,ÎØÈÁÊÀ
2882,2.42092e-322,0,30,1.60064e+08,4.94066e-323,6.95226e-310,ÎØÈÁÊÀ
2883,2.42092e-322,0,30,1.60064e+08,4.94066e-323,6.95226e-310,ÎØÈÁÊÀ
2884,2.42092e-322,0,30,1.60064e+08,4.94066e-323,6.95226e-310,ÎØÈÁÊÀ
2885,2.42092e-322,0,30,1.60064e+08,4.94066e-323,6.95226e-310,ÎØÈÁÊÀ
2886,2.42092e-322,0,30,1.60064e+08,4.94066e-323,6.95226e-310,ÎØÈÁÊÀ
2887,2.42092e-322,0,30,1.60064e+08,4.94066e-323,6.95226e-310,ÎØÈÁÊÀ
2888,2.42092e-322,0,30,1.60064e+08,4.94066e-323,6.95226e-310,ÎØÈÁÊÀ
2889,2.42092e-322,0,30,1.60064e+08,4.94066e-323,6.95226e-310,ÎØÈÁÊÀ
2890,2.42092e-322,0,30,1.60064e+08,4.94066e-323,6.95226e-310,ÎØÈÁÊÀ
2891,2.42092e-322,0,30,1.60064e+08,4.94066e-323,6.95226e-310,ÎØÈÁÊÀ
2892,2.42092e-322,0,30,1.60064e+08,4.94066e-323,6.95226e-310,ÎØÈÁÊÀ
2893,2.42092e-322,0,30,1.60064e+08,4.94066e-323,6.95226e-310,ÎØÈÁÊÀ
2894,2.42092e-322,0,30,1.60064e+08,4.94066e-323,6.95226e-310,ÎØÈÁÊÀ
2895,2.42092e-322,0,30,1.60064e+08,4.94066e-323,6.95226e-310,ÎØÈÁÊÀ
2896,2.42092e-322,0,30,1.60064e+08,4.94066e-323,6.95226e-310,ÎØÈÁÊÀ
2897,2.42092e-322,0,30,1.60064e+08,4.94066e-323,6.95226e-310,ÎØÈÁÊÀ
2898,2.42092e-322,0,30,1.60064e+08,4.94066e-323,6.95226e-310,ÎØÈÁÊÀ
2899,2.42092e-322,0,30,1.60064e+08,4.94066e-323,6.95226e-310,ÎØÈÁÊÀ
2900,2.42092e-322,0,30,1.60064e+08,4.94066e-323,6.95226e-310,ÎØÈÁÊÀ
2901,2.42092e-322,0,30,1.60064e+08,4.94066e-323,6.95226e-310,ÎØÈÁÊÀ
2902,2.42092e-322,0,30,1.60064e+08,4.94066e-323,6.95226e-310,ÎØÈÁÊÀ
2903,2.42092e-322,0,30,1.60064e+08,4.94066e-323,6.95226e-310,ÎØÈÁÊÀ
2904,2.42092e-322,0,30,1.60064e+08,4.94066e-323,6.95226e-310,ÎØÈÁÊÀ
2905,2.42092e-322,0,30,1.60064e+08,4.94066e-323,6.95226e-310,ÎØÈÁÊÀ
2906,2.42092e-322,0,30,1.60064e+08,4.94066e-323,6.95226e-310,ÎØÈÁÊÀ
2907,2.42092e-322,0,30,1.60064e+08,4.94066e-323,6.95226e-310,ÎØÈÁÊÀ
2908,2.42092e-322,0,30,1.60064e+08,4.94066e-323,6.95226e-310,ÎØÈÁÊÀ
2909,2.42092e-322,0,30,1.60064e+08,4.94066e-323,6.95226e-310,ÎØÈÁÊÀ
2910,2.42092e-322,0,30,1.60064e+08,4.94066e-323,6.95226e-310,ÎØÈÁÊÀ
2911,2.42092e-322,0,30,1.60064e+08,4.94066e-323,6.95226e-310,ÎØÈÁÊÀ
2912,2.42092e-322,0,30,1.60064e+08,4.94066e-323,6.95226e-310,ÎØÈÁÊÀ
2913,2.42092e-322,0,30,1.60064e+08,4.94066e-323,6.95226e-310,ÎØÈÁÊÀ
2914,2.42092e-322,0,30,1.60064e+08,4.94066e-323,6.95226e-310,ÎØÈÁÊÀ
2915,2.42092e-322,0,30,1.60064e+08,4.94066e-323,6.95226e-310,ÎØÈÁÊÀ
2916,2.42092e-322,0,30,1.60064e+08,4.94066e-323,6.95226e-310,ÎØÈÁÊÀ
2917,2.42092e-322,0,30,1.60064e+08,4.94066e-323,6.95226e-310,ÎØÈÁÊÀ
2918,2.42092e-322,0,30,1.60064e+08,4.94066e-323,6.95226e-310,ÎØÈÁÊÀ
2919,2.42092e-322,0,30,1.60064e+08,4.94066e-323,6.95226e-310,ÎØÈÁÊÀ
2920,2.42092e-322,0,30,1.60064e+08,4.94066e-323,6.95226e-310,ÎØÈÁÊÀ
2921,2.42092e-322,0,30,1.60064e+08,4.94066e-323,6.95226e-310,ÎØÈÁÊÀ
2922,2.42092e-322,0,30,1.60064e+08,4.94066e-323,6.95226e-310,ÎØÈÁÊÀ
2923,2.42092e-322,0,30,1.60064e+08,4.94066e-323,6.95226e-310,ÎØÈÁÊÀ
2924,2.42092e-322,0,30,1.60064e+08,4.94066e-323,6.95226e-310,ÎØÈÁÊÀ
2925,2.42092e-322,0,30,1.60064e+08,4.94066e-323,6.95226e-310,ÎØÈÁÊÀ
2926,2.42092e-322,0,30,1.60064e+08,4.94066e-323,6.95226e-310,ÎØÈÁÊÀ
2927,2.42092e-322,0,30,1.60064e+08,4.94066e-323,6.95226e-310,ÎØÈÁÊÀ
2928,2.42092e-322,0,30,1.60072e+08,4.94066e-323,6.95226e-310,ÎØÈÁÊÀ
2929,2.42092e-322,0,30,1.60072e+08,4.94066e-323,6.95226e-310,ÎØÈÁÊÀ
2930,2.42092e-322,0,30,1.60072e+08,4.94066e-323,6.95226e-310,ÎØÈÁÊÀ
2931,2.42092e-322,0,30,1.60072e+08,4.94066e-323,6.95226e-310,ÎØÈÁÊÀ
2932,2.42092e-322,0,30,1.60072e+08,4.94066e-323,6.95226e-310,ÎØÈÁÊÀ
2933,2.42092e-322,0,30,1.60072e+08,4.94066e-323,6.95226e-310,ÎØÈÁÊÀ
2934,2.42092e-322,0,30,1.60072e+08,4.94066e-323,6.95226e-310,ÎØÈÁÊÀ
2935,2.42092e-322,0,30,1.60072e+08,4.94066e-323,6.95226e-310,ÎØÈÁÊÀ
2936,2.42092e-322,0,30,1.60072e+08,4.94066e-323,6.95226e-310,ÎØÈÁÊÀ
2937,2.42092e-322,0,30,1.60072e+08,4.94066e-323,6.95226e-310,ÎØÈÁÊÀ
2938,2.42092e-322,0,30,1.60072e+08,4.94066e-323,6.95226e-310,ÎØÈÁÊÀ
2939,2.42092e-322,0,30,1.60072e+08,4.94066e-323,6.95226e-310,ÎØÈÁÊÀ
2940,2.42092e-322,0,30,1.60072e+08,4.94066e-323,6.95226e-310,ÎØÈÁÊÀ
2941,2.42092e-322,0,30,1.60072e+08,4.94066e-323,6.95226e-310,ÎØÈÁÊÀ
2942,2.42092e-322,0,30,1.60072e+08,4.94066e-323,6.95226e-310,ÎØÈÁÊÀ
2943,2.42092e-322,0,30,1.60072e+08,4.94066e-323,6.95226e-310,ÎØÈÁÊÀ
2944,2.42092e-322,0,30,1.60072e+08,4.94066e-323,6.95226e-310,ÎØÈÁÊÀ
2945,2.42092e-322,0,30,1.60072e+08,4.94066e-323,6.95226e-310,ÎØÈÁÊÀ
2946,2.42092e-322,0,30,1.60072e+08,4.94066e-323,6.95226e-310,ÎØÈÁÊÀ
2947,2.42092e-322,0,30,1.60072e+08,4.94066e-323,6.95226e-310,ÎØÈÁÊÀ
2948,2.42092e-322,0,30,1.60072e+08,4.94066e-323,6.95226e-310,ÎØÈÁÊÀ
2949,2.42092e-322,0,30,1.60072e+08,4.94066e-323,6.95226e-310,ÎØÈÁÊÀ
2950,2.42092e-322,0,30,1.60072e+08,4.94066e-323,6.95226e-310,ÎØÈÁÊÀ
2951,2.42092e-322,0,30,1.60072e+08,4.94066e-323,6.95226e-310,ÎØÈÁÊÀ
2952,2.42092e-322,0,30,1.60072e+08,4.94066e-323,6.95226e-310,ÎØÈÁÊÀ
2953,2.42092e-322,0,30,1.60072e+08,4.94066e-323,6.95226e-310,ÎØÈÁÊÀ
2954,2.42092e-322,0,30,1.60072e+08,4.94066e-323,6.95226e-310,ÎØÈÁÊÀ
2955,2.42092e-322,0,30,1.60072e+08,4.94066e-323,6.95226e-310,ÎØÈÁÊÀ
2956,2.42092e-322,0,30,1.60072e+08,4.94066e-323,6.95226e-310,ÎØÈÁÊÀ
2957,2.42092e-322,0,30,1.60072e+08,4.94066e-323,6.95226e-310,ÎØÈÁÊÀ
2958,2.42092e-322,0,30,1.60072e+08,4.94066e-323,6.95226e-310,ÎØÈÁÊÀ
2959,2.42092e-322,0,30,1.60072e+08,4.94066e-323,6.95226e-310,ÎØÈÁÊÀ
2960,2.42092e-322,0,30,1.60072e+08,4.94066e-323,6.95226e-310,ÎØÈÁÊÀ
2961,2.42092e-322,0,30,1.60072e+08,4.94066e-323,6.95226e-310,ÎØÈÁÊÀ
2962,2.42092e-322,0,30,1.60072e+08,4.94066e-323,6.95226e-310,ÎØÈÁÊÀ
2963,2.42092e-322,0,30,1.60072e+08,4.94066e-323,6.95226e-310,ÎØÈÁÊÀ
2964,2.42092e-322,0,30,1.60072e+08,4.94066e-323,6.95226e-310,ÎØÈÁÊÀ
2965,2.42092e-322,0,30,1.60072e+08,4.94066e-323,6.95226e-310,ÎØÈÁÊÀ
2966,2.42092e-322,0,30,1.60072e+08,4.94066e-323,6.95226e-310,ÎØÈÁÊÀ
2967,2.42092e-322,0,30,1.60072e+08,4.94066e-323,6.95226e-310,ÎØÈÁÊÀ
2968,2.42092e-322,0,30,1.60072e+08,4.94066e-323,6.95226e-310,ÎØÈÁÊÀ
2969,2.42092e-322,0,30,1.60072e+08,4.94066e-323,6.95226e-310,ÎØÈÁÊÀ
2970,2.42092e-322,0,30,1.60072e+08,4.94066e-323,6.95226e-310,ÎØÈÁÊÀ
2971,2.42092e-322,0,30,1.60072e+08,4.94066e-323,6.95226e-310,ÎØÈÁÊÀ
2972,2.42092e-322,0,30,1.60072e+08,4.94066e-323,6.95226e-310,ÎØÈÁÊÀ
2973,2.42092e-322,0,30,1.60072e+08,4.94066e-323,6.95226e-310,ÎØÈÁÊÀ
2974,2.42092e-322,0,30,1.60072e+08,4.94066e-323,6.95226e-310,ÎØÈÁÊÀ
2975,2.42092e-322,0,30,1.60072e+08,4.94066e-323,6.95226e-310,ÎØÈÁÊÀ
2976,2.42092e-322,0,30,1.60072e+08,4.94066e-323,6.95226e-310,ÎØÈÁÊÀ
2977,2.42092e-322,0,30,1.60072e+08,4.94066e-323,6.95226e-310,ÎØÈÁÊÀ
2978,2.42092e-322,0,30,1.60072e+08,4.94066e-323,6.95226e-310,ÎØÈÁÊÀ
2979,2.42092e-322,0,30,1.60072e+08,4.94066e-323,6.95226e-310,ÎØÈÁÊÀ
2980,2.42092e-322,0,30,1.60072e+08,4.94066e-323,6.95226e-310,ÎØÈÁÊÀ
2981,2.42092e-322,0,30,1.60072e+08,4.94066e-323,6.95226e-310,ÎØÈÁÊÀ
2982,2.42092e-322,0,30,1.60072e+08,4.94066e-323,6.95226e-310,ÎØÈÁÊÀ
2983,2.42092e-322,0,30,1.60072e+08,4.94066e-323,6.95226e-310,ÎØÈÁÊÀ
2984,2.42092e-322,0,30,1.60072e+08,4.94066e-323,6.95226e-310,ÎØÈÁÊÀ
2985,2.42092e-322,0,30,1.60072e+08,4.94066e-323,6.95226e-310,ÎØÈÁÊÀ
2986,2.42092e-322,0,30,1.60072e+08,4.94066e-323,6.95226e-310,ÎØÈÁÊÀ
2987,2.42092e-322,0,30,1.60072e+08,4.94066e-323,6.95226e-310,ÎØÈÁÊÀ
2988,2.42092e-322,0,30,1.60072e+08,4.94066e-323,6.95226e-310,ÎØÈÁÊÀ
2989,2.42092e-322,0,30,1.60072e+08,4.94066e-323,6.95226e-310,ÎØÈÁÊÀ
2990,2.42092e-322,0,30,1.60072e+08,4.94066e-323,6.95226e-310,ÎØÈÁÊÀ
2991,2.42092e-322,0,30,1.60072e+08,4.94066e-323,6.95226e-310,ÎØÈÁÊÀ
2992,2.42092e-322,0,30,1.60072e+08,4.94066e-323,6.95226e-310,ÎØÈÁÊÀ
2993,2.42092e-322,0,30,1.60072e+08,4.94066e-323,6.95226e-310,ÎØÈÁÊÀ
2994,2.42092e-322,0,30,1.60072e+08,4.94066e-323,6.95226e-310,ÎØÈÁÊÀ
2995,2.42092e-322,0,30,1.60072e+08,4.94066e-323,6.95226e-310,ÎØÈÁÊÀ
2996,2.42092e-322,0,30,1.60072e+08,4.94066e-323,6.95226e-310,ÎØÈÁÊÀ
2997,2.42092e-322,0,30,1.60072e+08,4.94066e-323,6.95226e-310,ÎØÈÁÊÀ
2998,2.42092e-322,0,30,1.60072e+08,4.94066e-323,6.95226e-310,ÎØÈÁÊÀ
2999,2.42092e-322,0,30,1.60072e+08,4.94066e-323,6.95226e-310,ÎØÈÁÊÀ
3000,2.42092e-322,0,30,1.60072e+08,4.94066e-323,6.95226e-310,ÎØÈÁÊÀ
3001,2.42092e-322,0,30,1.60072e+08,4.94066e-323,6.95226e-310,ÎØÈÁÊÀ
3002,2.42092e-322,0,30,1.60072e+08,4.94066e-323,6.95226e-310,ÎØÈÁÊÀ
3003,2.42092e-322,0,30,1.60072e+08,4.94066e-323,6.95226e-310,ÎØÈÁÊÀ
3004,2.42092e-322,0,30,1.60072e+08,4.94066e-323,6.95226e-310,ÎØÈÁÊÀ
3005,2.42092e-322,0,30,1.60072e+08,4.94066e-323,6.95226e-310,ÎØÈÁÊÀ
3006,2.42092e-322,0,30,1.60072e+08,4.94066e-323,6.95226e-310,ÎØÈÁÊÀ
3007,2.42092e-322,0,30,1.60072e+08,4.94066e-323,6.95226e-310,ÎØÈÁÊÀ
3008,2.42092e-322,0,30,1.60072e+08,4.94066e-323,6.95226e-310,ÎØÈÁÊÀ
3009,2.42092e-322,0,30,1.60072e+08,4.94066e-323,6.95226e-310,ÎØÈÁÊÀ
3010,2.42092e-322,0,30,1.60072e+08,4.94066e-323,6.95226e-310,ÎØÈÁÊÀ
3011,2.42092e-322,0,30,1.60072e+08,4.94066e-323,6.95226e-310,ÎØÈÁÊÀ
3012,2.42092e-322,0,30,1.60072e+08,4.94066e-323,6.95226e-310,ÎØÈÁÊÀ
3013,2.42092e-322,0,30,1.60072e+08,4.94066e-323,6.95226e-310,ÎØÈÁÊÀ
3014,2.42092e-322,0,30,1.60072e+08,4.94066e-323,6.95226e-310,ÎØÈÁÊÀ
3015,2.42092e-322,0,30,1.60072e+08,4.94066e-323,6.95226e-310,ÎØÈÁÊÀ
3016,2.42092e-322,0,30,1.60072e+08,4.94066e-323,6.95226e-310,ÎØÈÁÊÀ
3017,2.42092e-322,0,30,1.60072e+08,4.94066e-323,6.95226e-310,ÎØÈÁÊÀ
3018,2.42092e-322,0,30,1.60072e+08,4.94066e-323,6.95226e-310,ÎØÈÁÊÀ
3019,2.42092e-322,0,30,1.60072e+08,4.94066e-323,6.95226e-310,ÎØÈÁÊÀ
3020,2.42092e-322,0,30,1.60072e+08,4.94066e-323,6.95226e-310,ÎØÈÁÊÀ
3021,2.42092e-322,0,30,1.60072e+08,4.94066e-323,6.95226e-310,ÎØÈÁÊÀ
3022,2.42092e-322,0,30,1.60072e+08,4.94066e-323,6.95226e-310,ÎØÈÁÊÀ
3023,2.42092e-322,0,30,1.60072e+08,4.94066e-323,6.95226e-310,ÎØÈÁÊÀ
3024,2.42092e-322,0,30,1.60072e+08,4.94066e-323,6.95226e-310,ÎØÈÁÊÀ
3025,2.42092e-322,0,30,1.60072e+08,4.94066e-323,6.95226e-310,ÎØÈÁÊÀ
3026,2.42092e-322,0,30,1.60072e+08,4.94066e-323,6.95226e-310,ÎØÈÁÊÀ
3027,2.42092e-322,0,30,1.60072e+08,4.94066e-323,6.95226e-310,ÎØÈÁÊÀ
3028,2.42092e-322,0,30,1.60072e+08,4.94066e-323,6.95226e-310,ÎØÈÁÊÀ
3029,2.42092e-322,0,30,1.60072e+08,4.94066e-323,6.95226e-310,ÎØÈÁÊÀ
3030,2.42092e-322,0,30,1.60072e+08,4.94066e-323,6.95226e-310,ÎØÈÁÊÀ
3031,2.42092e-322,0,30,1.60072e+08,4.94066e-323,6.95226e-310,ÎØÈÁÊÀ
3032,2.42092e-322,0,30,1.60072e+08,4.94066e-323,6.95226e-310,ÎØÈÁÊÀ
3033,2.42092e-322,0,30,1.60016e+08,4.94066e-323,6.95226e-310,ÎØÈÁÊÀ
3034,2.42092e-322,0,30,1.60016e+08,4.94066e-323,6.95226e-310,ÎØÈÁÊÀ
3035,2.42092e-322,0,30,1.60016e+08,4.94066e-323,6.95226e-310,ÎØÈÁÊÀ
3036,2.42092e-322,0,30,1.60016e+08,4.94066e-323,6.95226e-310,ÎØÈÁÊÀ
3037,2.42092e-322,0,30,1.60016e+08,4.94066e-323,6.95226e-310,ÎØÈÁÊÀ
3038,2.42092e-322,0,30,1.60016e+08,4.94066e-323,6.95226e-310,ÎØÈÁÊÀ
3039,2.42092e-322,0,30,1.60016e+08,4.94066e-323,6.95226e-310,ÎØÈÁÊÀ
3040,2.42092e-322,0,30,1.60016e+08,4.94066e-323,6.95226e-310,ÎØÈÁÊÀ
3041,2.42092e-322,0,30,1.60016e+08,4.94066e-323,6.95226e-310,ÎØÈÁÊÀ
3042,2.42092e-322,0,30,1.60016e+08,4.94066e-323,6.95226e-310,ÎØÈÁÊÀ
3043,2.42092e-322,0,30,1.60016e+08,4.94066e-323,6.95226e-310,ÎØÈÁÊÀ
3044,2.42092e-322,0,30,1.60016e+08,4.94066e-323,6.95226e-310,ÎØÈÁÊÀ
3045,2.42092e-322,0,30,1.60016e+08,4.94066e-323,6.95226e-310,ÎØÈÁÊÀ
3046,2.42092e-322,0,30,1.60016e+08,4.94066e-323,6.95226e-310,ÎØÈÁÊÀ
3047,2.42092e-322,0,30,1.60016e+08,4.94066e-323,6.95226e-310,ÎØÈÁÊÀ
3048,2.42092e-322,0,30,1.60016e+08,4.94066e-323,6.95226e-310,ÎØÈÁÊÀ
3049,2.42092e-322,0,30,1.60016e+08,4.94066e-323,6.95226e-310,ÎØÈÁÊÀ
3050,2.42092e-322,0,30,1.60016e+08,4.94066e-323,6.95226e-310,ÎØÈÁÊÀ
3051,2.42092e-322,0,30,1.60016e+08,4.94066e-323,6.95226e-310,ÎØÈÁÊÀ
3052,2.42092e-322,0,30,1.60016e+08,4.94066e-323,6.95226e-310,ÎØÈÁÊÀ
3053,2.42092e-322,0,30,1.60016e+08,4.94066e-323,6.95226e-310,ÎØÈÁÊÀ
3054,2.42092e-322,0,30,1.60016e+08,4.94066e-323,6.95226e-310,ÎØÈÁÊÀ
3055,2.42092e-322,0,30,1.60016e+08,4.94066e-323,6.95226e-310,ÎØÈÁÊÀ
3056,2.42092e-322,0,30,1.60016e+08,4.94066e-323,6.95226e-310,ÎØÈÁÊÀ
3057,2.42092e-322,0,30,1.60016e+08,4.94066e-323,6.95226e-310,ÎØÈÁÊÀ
3058,2.42092e-322,0,30,1.60016e+08,4.94066e-323,6.95226e-310,ÎØÈÁÊÀ
3059,2.42092e-322,0,30,1.60016e+08,4.94066e-323,6.95226e-310,ÎØÈÁÊÀ
3060,2.42092e-322,0,30,1.60016e+08,4.94066e-323,6.95226e-310,ÎØÈÁÊÀ
3061,2.42092e-322,0,30,1.60016e+08,4.94066e-323,6.95226e-310,ÎØÈÁÊÀ
3062,2.42092e-322,0,30,1.60016e+08,4.94066e-323,6.95226e-310,ÎØÈÁÊÀ
3063,2.42092e-322,0,30,1.60016e+08,4.94066e-323,6.95226e-310,ÎØÈÁÊÀ
3064,2.42092e-322,0,30,1.60016e+08,4.94066e-323,6.95226e-310,ÎØÈÁÊÀ
3065,2.42092e-322,0,30,1.60016e+08,4.94066e-323,6.95226e-310,ÎØÈÁÊÀ
3066,2.42092e-322,0,30,1.60016e+08,4.94066e-323,6.95226e-310,ÎØÈÁÊÀ
3067,2.42092e-322,0,30,1.60016e+08,4.94066e-323,6.95226e-310,ÎØÈÁÊÀ
3068,2.42092e-322,0,30,1.60016e+08,4.94066e-323,6.95226e-310,ÎØÈÁÊÀ
3069,2.42092e-322,0,30,1.60016e+08,4.94066e-323,6.95226e-310,ÎØÈÁÊÀ
3070,2.42092e-322,0,30,1.60016e+08,4.94066e-323,6.95226e-310,ÎØÈÁÊÀ
3071,2.42092e-322,0,30,1.60016e+08,4.94066e-323,6.95226e-310,ÎØÈÁÊÀ
3072,2.42092e-322,0,30,1.60016e+08,4.94066e-323,6.95226e-310,ÎØÈÁÊÀ
3073,2.42092e-322,0,30,1.60016e+08,4.94066e-323,6.95226e-310,ÎØÈÁÊÀ
3074,2.42092e-322,0,30,1.60016e+08,4.94066e-323,6.95226e-310,ÎØÈÁÊÀ
3075,2.42092e-322,0,30,1.60016e+08,4.94066e-323,6.95226e-310,ÎØÈÁÊÀ
3076,2.42092e-322,0,30,1.60016e+08,4.94066e-323,6.95226e-310,ÎØÈÁÊÀ
3077,2.42092e-322,0,30,1.60016e+08,4.94066e-323,6.95226e-310,ÎØÈÁÊÀ
3078,2.42092e-322,0,30,1.60016e+08,4.94066e-323,6.95226e-310,ÎØÈÁÊÀ
3079,2.42092e-322,0,30,1.60016e+08,4.94066e-323,6.95226e-310,ÎØÈÁÊÀ
3080,2.42092e-322,0,30,1.60016e+08,4.94066e-323,6.95226e-310,ÎØÈÁÊÀ
3081,2.42092e-322,0,30,1.60016e+08,4.94066e-323,6.95226e-310,ÎØÈÁÊÀ
3082,2.42092e-322,0,30,1.60016e+08,4.94066e-323,6.95226e-310,ÎØÈÁÊÀ
3083,2.42092e-322,0,30,1.60016e+08,4.94066e-323,6.95226e-310,ÎØÈÁÊÀ
3084,2.42092e-322,0,30,1.60016e+08,4.94066e-323,6.95226e-310,ÎØÈÁÊÀ
3085,2.42092e-322,0,30,1.60016e+08,4.94066e-323,6.95226e-310,ÎØÈÁÊÀ
3086,2.42092e-322,0,30,1.60016e+08,4.94066e-323,6.95226e-310,ÎØÈÁÊÀ
3087,2.42092e-322,0,30,1.60016e+08,4.94066e-323,6.95226e-310,ÎØÈÁÊÀ
3088,2.42092e-322,0,30,1.60016e+08,4.94066e-323,6.95226e-310,ÎØÈÁÊÀ
3089,2.42092e-322,0,30,1.60016e+08,4.94066e-323,6.95226e-310,ÎØÈÁÊÀ
3090,2.42092e-322,0,30,1.60016e+08,4.94066e-323,6.95226e-310,ÎØÈÁÊÀ
3091,2.42092e-322,0,30,1.60016e+08,4.94066e-323,6.95226e-310,ÎØÈÁÊÀ
3092,2.42092e-322,0,30,1.60016e+08,4.94066e-323,6.95226e-310,ÎØÈÁÊÀ
3093,2.42092e-322,0,30,1.60016e+08,4.94066e-323,6.95226e-310,ÎØÈÁÊÀ
3094,2.42092e-322,0,30,1.60016e+08,4.94066e-323,6.95226e-310,ÎØÈÁÊÀ
3095,2.42092e-322,0,30,1.60016e+08,4.94066e-323,6.95226e-310,ÎØÈÁÊÀ
3096,2.42092e-322,0,30,1.60016e+08,4.94066e-323,6.95226e-310,ÎØÈÁÊÀ
3097,2.42092e-322,0,30,1.60016e+08,4.94066e-323,6.95226e-310,ÎØÈÁÊÀ
3098,2.42092e-322,0,30,1.60016e+08,4.94066e-323,6.95226e-310,ÎØÈÁÊÀ
3099,2.42092e-322,0,30,1.60016e+08,4.94066e-323,6.95226e-310,ÎØÈÁÊÀ
3100,2.42092e-322,0,30,1.60016e+08,4.94066e-323,6.95226e-310,ÎØÈÁÊÀ
3101,2.42092e-322,0,30,1.60016e+08,4.94066e-323,6.95226e-310,ÎØÈÁÊÀ
3102,2.42092e-322,0,30,1.60016e+08,4.94066e-323,6.95226e-310,ÎØÈÁÊÀ
3103,2.42092e-322,0,30,1.60016e+08,4.94066e-323,6.95226e-310,ÎØÈÁÊÀ
3104,2.42092e-322,0,30,1.60016e+08,4.94066e-323,6.95226e-310,ÎØÈÁÊÀ
3105,2.42092e-322,0,30,1.60016e+08,4.94066e-323,6.95226e-310,ÎØÈÁÊÀ
3106,2.42092e-322,0,30,1.60016e+08,4.94066e-323,6.95226e-310,ÎØÈÁÊÀ
3107,2.42092e-322,0,30,1.60016e+08,4.94066e-323,6.95226e-310,ÎØÈÁÊÀ
3108,2.42092e-322,0,30,1.60016e+08,4.94066e-323,6.95226e-310,ÎØÈÁÊÀ
3109,2.42092e-322,0,30,1.60016e+08,4.94066e-323,6.95226e-310,ÎØÈÁÊÀ
3110,2.42092e-322,0,30,1.60016e+08,4.94066e-323,6.95226e-310,ÎØÈÁÊÀ
3111,2.42092e-322,0,30,1.60016e+08,4.94066e-323,6.95226e-310,ÎØÈÁÊÀ
3112,2.42092e-322,0,30,1.60016e+08,4.94066e-323,6.95226e-310,ÎØÈÁÊÀ
3113,2.42092e-322,0,30,1.60016e+08,4.94066e-323,6.95226e-310,ÎØÈÁÊÀ
3114,2.42092e-322,0,30,1.60016e+08,4.94066e-323,6.95226e-310,ÎØÈÁÊÀ
3115,2.42092e-322,0,30,1.60016e+08,4.94066e-323,6.95226e-310,ÎØÈÁÊÀ
3116,2.42092e-322,0,30,1.60016e+08,4.94066e-323,6.95226e-310,ÎØÈÁÊÀ
3117,2.42092e-322,0,30,1.60016e+08,4.94066e-323,6.95226e-310,ÎØÈÁÊÀ
3118,2.42092e-322,0,30,1.60016e+08,4.94066e-323,6.95226e-310,ÎØÈÁÊÀ
3119,2.42092e-322,0,30,1.60016e+08,4.94066e-323,6.95226e-310,ÎØÈÁÊÀ
3120,2.42092e-322,0,30,1.60016e+08,4.94066e-323,6.95226e-310,ÎØÈÁÊÀ
3121,2.42092e-322,0,30,1.60016e+08,4.94066e-323,6.95226e-310,ÎØÈÁÊÀ
3122,2.42092e-322,0,30,1.60016e+08,4.94066e-323,6.95226e-310,ÎØÈÁÊÀ
3123,2.42092e-322,0,30,1.60016e+08,4.94066e-323,6.95226e-310,ÎØÈÁÊÀ
3124,2.42092e-322,0,30,1.60016e+08,4.94066e-323,6.95226e-310,ÎØÈÁÊÀ
3125,2.42092e-322,0,30,1.60016e+08,4.94066e-323,6.95226e-310,ÎØÈÁÊÀ
3126,2.42092e-322,0,30,1.60016e+08,4.94066e-323,6.95226e-310,ÎØÈÁÊÀ
3127,2.42092e-322,0,30,1.60016e+08,4.94066e-323,6.95226e-310,ÎØÈÁÊÀ
3128,2.42092e-322,0,30,1.60016e+08,4.94066e-323,6.95226e-310,ÎØÈÁÊÀ
3129,2.42092e-322,0,30,1.60016e+08,4.94066e-323,6.95226e-310,ÎØÈÁÊÀ
3130,2.42092e-322,0,30,1.60016e+08,4.94066e-323,6.95226e-310,ÎØÈÁÊÀ
3131,2.42092e-322,0,30,1.60016e+08,4.94066e-323,6.95226e-310,ÎØÈÁÊÀ
3132,2.42092e-322,0,30,1.60016e+08,4.94066e-323,6.95226e-310,ÎØÈÁÊÀ
3133,2.42092e-322,0,30,1.60016e+08,4.94066e-323,6.95226e-310,ÎØÈÁÊÀ
3134,2.42092e-322,0,30,1.60016e+08,4.94066e-323,6.95226e-310,ÎØÈÁÊÀ
3135,2.42092e-322,0,30,1.60016e+08,4.94066e-323,6.95226e-310,ÎØÈÁÊÀ
3136,2.42092e-322,0,30,1.60016e+08,4.94066e-323,6.95226e-310,ÎØÈÁÊÀ
3137,2.42092e-322,0,30,1.60016e+08,4.94066e-323,6.95226e-310,ÎØÈÁÊÀ
3138,2.42092e-322,0,30,1.60016e+08,4.94066e-323,6.95226e-310,ÎØÈÁÊÀ
3139,2.42092e-322,0,30,1.60016e+08,4.94066e-323,6.95226e-310,ÎØÈÁÊÀ
3140,2.42092e-322,0,30,1.60016e+08,4.94066e-323,6.95226e-310,ÎØÈÁÊÀ
3141,2.42092e-322,0,30,1.60016e+08,4.94066e-323,6.95226e-310,ÎØÈÁÊÀ
3142,2.42092e-322,0,30,1.60016e+08,4.94066e-323,6.95226e-310,ÎØÈÁÊÀ
3143,2.42092e-322,0,30,1.60016e+08,4.94066e-323,6.95226e-310,ÎØÈÁÊÀ
3144,2.42092e-322,0,30,1.60016e+08,4.94066e-323,6.95226e-310,ÎØÈÁÊÀ
3145,2.42092e-322,0,30,1.60016e+08,4.94066e-323,6.95226e-310,ÎØÈÁÊÀ
3146,2.42092e-322,0,30,1.60016e+08,4.94066e-323,6.95226e-310,ÎØÈÁÊÀ
3147,2.42092e-322,0,30,1.60016e+08,4.94066e-323,6.95226e-310,ÎØÈÁÊÀ
3148,2.42092e-322,0,30,1.60016e+08,4.94066e-323,6.95226e-310,ÎØÈÁÊÀ
3149,2.42092e-322,0,30,1.60016e+08,4.94066e-323,6.95226e-310,ÎØÈÁÊÀ
3150,2.42092e-322,0,30,1.60016e+08,4.94066e-323,6.95226e-310,ÎØÈÁÊÀ
3151,2.42092e-322,0,30,1.60016e+08,4.94066e-323,6.95226e-310,ÎØÈÁÊÀ
3152,2.42092e-322,0,30,1.60016e+08,4.94066e-323,6.95226e-310,ÎØÈÁÊÀ
3153,2.42092e-322,0,30,1.60016e+08,4.94066e-323,6.95226e-310,ÎØÈÁÊÀ
3154,2.42092e-322,0,30,1.60016e+08,4.94066e-323,6.95226e-310,ÎØÈÁÊÀ
3155,2.42092e-322,0,30,1.60016e+08,4.94066e-323,6.95226e-310,ÎØÈÁÊÀ
3156,2.42092e-322,0,30,1.60016e+08,4.94066e-323,6.95226e-310,ÎØÈÁÊÀ
3157,2.42092e-322,0,30,1.6002e+08,4.94066e-323,6.95226e-310,ÎØÈÁÊÀ
3158,2.42092e-322,0,30,1.6002e+08,4.94066e-323,6.95226e-310,ÎØÈÁÊÀ
3159,2.42092e-322,0,30,1.6002e+08,4.94066e-323,6.95226e-310,ÎØÈÁÊÀ
3160,2.42092e-322,0,30,1.6002e+08,4.94066e-323,6.95226e-310,ÎØÈÁÊÀ
3161,2.42092e-322,0,30,1.6002e+08,4.94066e-323,6.95226e-310,ÎØÈÁÊÀ
3162,2.42092e-322,0,30,1.6002e+08,4.94066e-323,6.95226e-310,ÎØÈÁÊÀ
3163,2.42092e-322,0,30,1.6002e+08,4.94066e-323,6.95226e-310,ÎØÈÁÊÀ
3164,2.42092e-322,0,30,1.6002e+08,4.94066e-323,6.95226e-310,ÎØÈÁÊÀ
3165,2.42092e-322,0,30,1.6002e+08,4.94066e-323,6.95226e-310,ÎØÈÁÊÀ
3166,2.42092e-322,0,30,1.6002e+08,4.94066e-323,6.95226e-310,ÎØÈÁÊÀ
3167,2.42092e-322,0,30,1.6002e+08,4.94066e-323,6.95226e-310,ÎØÈÁÊÀ
3168,2.42092e-322,0,30,1.6002e+08,4.94066e-323,6.95226e-310,ÎØÈÁÊÀ
3169,2.42092e-322,0,30,1.6002e+08,4.94066e-323,6.95226e-310,ÎØÈÁÊÀ
3170,2.42092e-322,0,30,1.6002e+08,4.94066e-323,6.95226e-310,ÎØÈÁÊÀ
3171,2.42092e-322,0,30,1.6002e+08,4.94066e-323,6.95226e-310,ÎØÈÁÊÀ
3172,2.42092e-322,0,30,1.6002e+08,4.94066e-323,6.95226e-310,ÎØÈÁÊÀ
3173,2.42092e-322,0,30,1.6002e+08,4.94066e-323,6.95226e-310,ÎØÈÁÊÀ
3174,2.42092e-322,0,30,1.6002e+08,4.94066e-323,6.95226e-310,ÎØÈÁÊÀ
3175,2.42092e-322,0,30,1.6002e+08,4.94066e-323,6.95226e-310,ÎØÈÁÊÀ
3176,2.42092e-322,0,30,1.6002e+08,4.94066e-323,6.95226e-310,ÎØÈÁÊÀ
3177,2.42092e-322,0,30,1.6002e+08,4.94066e-323,6.95226e-310,ÎØÈÁÊÀ
3178,2.42092e-322,0,30,1.6002e+08,4.94066e-323,6.95226e-310,ÎØÈÁÊÀ
3179,2.42092e-322,0,30,1.6002e+08,4.94066e-323,6.95226e-310,ÎØÈÁÊÀ
3180,2.42092e-322,0,30,1.6002e+08,4.94066e-323,6.95226e-310,ÎØÈÁÊÀ
3181,2.42092e-322,0,30,1.6002e+08,4.94066e-323,6.95226e-310,ÎØÈÁÊÀ
3182,2.42092e-322,0,30,1.6002e+08,4.94066e-323,6.95226e-310,ÎØÈÁÊÀ
3183,2.42092e-322,0,30,1.6002e+08,4.94066e-323,6.95226e-310,ÎØÈÁÊÀ
3184,2.42092e-322,0,30,1.6002e+08,4.94066e-323,6.95226e-310,ÎØÈÁÊÀ
3185,2.42092e-322,0,30,1.6002e+08,4.94066e-323,6.95226e-310,ÎØÈÁÊÀ
3186,2.42092e-322,0,30,1.6002e+08,4.94066e-323,6.95226e-310,ÎØÈÁÊÀ
3187,2.42092e-322,0,30,1.6002e+08,4.94066e-323,6.95226e-310,ÎØÈÁÊÀ
3188,2.42092e-322,0,30,1.6002e+08,4.94066e-323,6.95226e-310,ÎØÈÁÊÀ
3189,2.42092e-322,0,30,1.6002e+08,4.94066e-323,6.95226e-310,ÎØÈÁÊÀ
3190,2.42092e-322,0,30,1.6002e+08,4.94066e-323,6.95226e-310,ÎØÈÁÊÀ
3191,2.42092e-322,0,30,1.6002e+08,4.94066e-323,6.95226e-310,ÎØÈÁÊÀ
3192,2.42092e-322,0,30,1.6002e+08,4.94066e-323,6.95226e-310,ÎØÈÁÊÀ
3193,2.42092e-322,0,30,1.6002e+08,4.94066e-323,6.95226e-310,ÎØÈÁÊÀ
3194,2.42092e-322,0,30,1.6002e+08,4.94066e-323,6.95226e-310,ÎØÈÁÊÀ
3195,2.42092e-322,0,30,1.6002e+08,4.94066e-323,6.95226e-310,ÎØÈÁÊÀ
3196,2.42092e-322,0,30,1.6002e+08,4.94066e-323,6.95226e-310,ÎØÈÁÊÀ
3197,2.42092e-322,0,30,1.6002e+08,4.94066e-323,6.95226e-310,ÎØÈÁÊÀ
3198,2.42092e-322,0,30,1.6002e+08,4.94066e-323,6.95226e-310,ÎØÈÁÊÀ
3199,2.42092e-322,0,30,1.6002e+08,4.94066e-323,6.95226e-310,ÎØÈÁÊÀ
3200,2.42092e-322,0,30,1.6002e+08,4.94066e-323,6.95226e-310,ÎØÈÁÊÀ
3201,2.42092e-322,0,30,1.6002e+08,4.94066e-323,6.95226e-310,ÎØÈÁÊÀ
3202,2.42092e-322,0,30,1.6002e+08,4.94066e-323,6.95226e-310,ÎØÈÁÊÀ
3203,2.42092e-322,0,30,1.6002e+08,4.94066e-323,6.95226e-310,ÎØÈÁÊÀ
3204,2.42092e-322,0,30,1.6002e+08,4.94066e-323,6.95226e-310,ÎØÈÁÊÀ
3205,2.42092e-322,0,30,1.6002e+08,4.94066e-323,6.95226e-310,ÎØÈÁÊÀ
3206,2.42092e-322,0,30,1.6002e+08,4.94066e-323,6.95226e-310,ÎØÈÁÊÀ
3207,2.42092e-322,0,30,1.6002e+08,4.94066e-323,6.95226e-310,ÎØÈÁÊÀ
3208,2.42092e-322,0,30,1.6002e+08,4.94066e-323,6.95226e-310,ÎØÈÁÊÀ
3209,2.42092e-322,0,30,1.6002e+08,4.94066e-323,6.95226e-310,ÎØÈÁÊÀ
3210,2.42092e-322,0,30,1.6002e+08,4.94066e-323,6.95226e-310,ÎØÈÁÊÀ
3211,2.42092e-322,0,30,1.6002e+08,4.94066e-323,6.95226e-310,ÎØÈÁÊÀ
3212,2.42092e-322,0,30,1.6002e+08,4.94066e-323,6.95226e-310,ÎØÈÁÊÀ
3213,2.42092e-322,0,30,1.6002e+08,4.94066e-323,6.95226e-310,ÎØÈÁÊÀ
3214,2.42092e-322,0,30,1.6002e+08,4.94066e-323,6.95226e-310,ÎØÈÁÊÀ
3215,2.42092e-322,0,30,1.6002e+08,4.94066e-323,6.95226e-310,ÎØÈÁÊÀ
3216,2.42092e-322,0,30,1.6002e+08,4.94066e-323,6.95226e-310,ÎØÈÁÊÀ
3217,2.42092e-322,0,30,1.6002e+08,4.94066e-323,6.95226e-310,ÎØÈÁÊÀ
3218,2.42092e-322,0,30,1.6002e+08,4.94066e-323,6.95226e-310,ÎØÈÁÊÀ
3219,2.42092e-322,0,30,1.6002e+08,4.94066e-323,6.95226e-310,ÎØÈÁÊÀ
3220,2.42092e-322,0,30,1.6002e+08,4.94066e-323,6.95226e-310,ÎØÈÁÊÀ
3221,2.42092e-322,0,30,1.6002e+08,4.94066e-323,6.95226e-310,ÎØÈÁÊÀ
3222,2.42092e-322,0,30,1.6002e+08,4.94066e-323,6.95226e-310,ÎØÈÁÊÀ
3223,2.42092e-322,0,30,1.6002e+08,4.94066e-323,6.95226e-310,ÎØÈÁÊÀ
3224,2.42092e-322,0,30,1.6002e+08,4.94066e-323,6.95226e-310,ÎØÈÁÊÀ
3225,2.42092e-322,0,30,1.6002e+08,4.94066e-323,6.95226e-310,ÎØÈÁÊÀ
3226,2.42092e-322,0,30,1.6002e+08,4.94066e-323,6.95226e-310,ÎØÈÁÊÀ
3227,2.42092e-322,0,30,1.6002e+08,4.94066e-323,6.95226e-310,ÎØÈÁÊÀ
3228,2.42092e-322,0,30,1.6002e+08,4.94066e-323,6.95226e-310,ÎØÈÁÊÀ
3229,2.42092e-322,0,30,1.6002e+08,4.94066e-323,6.95226e-310,ÎØÈÁÊÀ
3230,2.42092e-322,0,30,1.6002e+08,4.94066e-323,6.95226e-310,ÎØÈÁÊÀ
3231,2.42092e-322,0,30,1.6002e+08,4.94066e-323,6.95226e-310,ÎØÈÁÊÀ
3232,2.42092e-322,0,30,1.6002e+08,4.94066e-323,6.95226e-310,ÎØÈÁÊÀ
3233,2.42092e-322,0,30,1.6002e+08,4.94066e-323,6.95226e-310,ÎØÈÁÊÀ
3234,2.42092e-322,0,30,1.6002e+08,4.94066e-323,6.95226e-310,ÎØÈÁÊÀ
3235,2.42092e-322,0,30,1.6002e+08,4.94066e-323,6.95226e-310,ÎØÈÁÊÀ
3236,2.42092e-322,0,30,1.6002e+08,4.94066e-323,6.95226e-310,ÎØÈÁÊÀ
3237,2.42092e-322,0,30,1.6002e+08,4.94066e-323,6.95226e-310,ÎØÈÁÊÀ
3238,2.42092e-322,0,30,1.6002e+08,4.94066e-323,6.95226e-310,ÎØÈÁÊÀ
3239,2.42092e-322,0,30,1.6002e+08,4.94066e-323,6.95226e-310,ÎØÈÁÊÀ
3240,2.42092e-322,0,30,1.6002e+08,4.94066e-323,6.95226e-310,ÎØÈÁÊÀ
3241,2.42092e-322,0,30,1.6002e+08,4.94066e-323,6.95226e-310,ÎØÈÁÊÀ
3242,2.42092e-322,0,30,1.6002e+08,4.94066e-323,6.95226e-310,ÎØÈÁÊÀ
3243,2.42092e-322,0,30,1.6002e+08,4.94066e-323,6.95226e-310,ÎØÈÁÊÀ
3244,2.42092e-322,0,30,1.6002e+08,4.94066e-323,6.95226e-310,ÎØÈÁÊÀ
3245,2.42092e-322,0,30,1.6002e+08,4.94066e-323,6.95226e-310,ÎØÈÁÊÀ
3246,2.42092e-322,0,30,1.6002e+08,4.94066e-323,6.95226e-310,ÎØÈÁÊÀ
3247,2.42092e-322,0,30,1.6002e+08,4.94066e-323,6.95226e-310,ÎØÈÁÊÀ
3248,2.42092e-322,0,30,1.6002e+08,4.94066e-323,6.95226e-310,ÎØÈÁÊÀ
3249,2.42092e-322,0,30,1.6002e+08,4.94066e-323,6.95226e-310,ÎØÈÁÊÀ
3250,2.42092e-322,0,30,1.6002e+08,4.94066e-323,6.95226e-310,ÎØÈÁÊÀ
3251,2.42092e-322,0,30,1.6002e+08,4.94066e-323,6.95226e-310,ÎØÈÁÊÀ
3252,2.42092e-322,0,30,1.6002e+08,4.94066e-323,6.95226e-310,ÎØÈÁÊÀ
3253,2.42092e-322,0,30,1.6002e+08,4.94066e-323,6.95226e-310,ÎØÈÁÊÀ
3254,2.42092e-322,0,30,1.6002e+08,4.94066e-323,6.95226e-310,ÎØÈÁÊÀ
3255,2.42092e-322,0,30,1.6002e+08,4.94066e-323,6.95226e-310,ÎØÈÁÊÀ
3256,2.42092e-322,0,30,1.6002e+08,4.94066e-323,6.95226e-310,ÎØÈÁÊÀ
3257,2.42092e-322,0,30,1.6002e+08,4.94066e-323,6.95226e-310,ÎØÈÁÊÀ
3258,2.42092e-322,0,30,1.6002e+08,4.94066e-323,6.95226e-310,ÎØÈÁÊÀ
3259,2.42092e-322,0,30,1.6002e+08,4.94066e-323,6.95226e-310,ÎØÈÁÊÀ
3260,2.42092e-322,0,30,1.6002e+08,4.94066e-323,6.95226e-310,ÎØÈÁÊÀ
3261,2.42092e-322,0,30,1.6002e+08,4.94066e-323,6.95226e-310,ÎØÈÁÊÀ
3262,2.42092e-322,0,30,1.6002e+08,4.94066e-323,6.95226e-310,ÎØÈÁÊÀ
3263,2.42092e-322,0,30,1.60025e+08,4.94066e-323,6.95226e-310,ÎØÈÁÊÀ
3264,2.42092e-322,0,30,1.60025e+08,4.94066e-323,6.95226e-310,ÎØÈÁÊÀ
3265,2.42092e-322,0,30,1.60025e+08,4.94066e-323,6.95226e-310,ÎØÈÁÊÀ
3266,2.42092e-322,0,30,1.60025e+08,4.94066e-323,6.95226e-310,ÎØÈÁÊÀ
3267,2.42092e-322,0,30,1.60025e+08,4.94066e-323,6.95226e-310,ÎØÈÁÊÀ
3268,2.42092e-322,0,30,1.60025e+08,4.94066e-323,6.95226e-310,ÎØÈÁÊÀ
3269,2.42092e-322,0,30,1.60025e+08,4.94066e-323,6.95226e-310,ÎØÈÁÊÀ
3270,2.42092e-322,0,30,1.60025e+08,4.94066e-323,6.95226e-310,ÎØÈÁÊÀ
3271,2.42092e-322,0,30,1.60025e+08,4.94066e-323,6.95226e-310,ÎØÈÁÊÀ
3272,2.42092e-322,0,30,1.60025e+08,4.94066e-323,6.95226e-310,ÎØÈÁÊÀ
3273,2.42092e-322,0,30,1.60025e+08,4.94066e-323,6.95226e-310,ÎØÈÁÊÀ
3274,2.42092e-322,0,30,1.60025e+08,4.94066e-323,6.95226e-310,ÎØÈÁÊÀ
3275,2.42092e-322,0,30,1.60025e+08,4.94066e-323,6.95226e-310,ÎØÈÁÊÀ
3276,2.42092e-322,0,30,1.60025e+08,4.94066e-323,6.95226e-310,ÎØÈÁÊÀ
3277,2.42092e-322,0,30,1.60025e+08,4.94066e-323,6.95226e-310,ÎØÈÁÊÀ
3278,2.42092e-322,0,30,1.60025e+08,4.94066e-323,6.95226e-310,ÎØÈÁÊÀ
3279,2.42092e-322,0,30,1.60025e+08,4.94066e-323,6.95226e-310,ÎØÈÁÊÀ
3280,2.42092e-322,0,30,1.60025e+08,4.94066e-323,6.95226e-310,ÎØÈÁÊÀ
3281,2.42092e-322,0,30,1.60025e+08,4.94066e-323,6.95226e-310,ÎØÈÁÊÀ
3282,2.42092e-322,0,30,1.60025e+08,4.94066e-323,6.95226e-310,ÎØÈÁÊÀ
3283,2.42092e-322,0,30,1.60025e+08,4.94066e-323,6.95226e-310,ÎØÈÁÊÀ
3284,2.42092e-322,0,30,1.60025e+08,4.94066e-323,6.95226e-310,ÎØÈÁÊÀ
3285,2.42092e-322,0,30,1.60025e+08,4.94066e-323,6.95226e-310,ÎØÈÁÊÀ
3286,2.42092e-322,0,30,1.60025e+08,4.94066e-323,6.95226e-310,ÎØÈÁÊÀ
3287,2.42092e-322,0,30,1.60025e+08,4.94066e-323,6.95226e-310,ÎØÈÁÊÀ
3288,2.42092e-322,0,30,1.60025e+08,4.94066e-323,6.95226e-310,ÎØÈÁÊÀ
3289,2.42092e-322,0,30,1.60025e+08,4.94066e-323,6.95226e-310,ÎØÈÁÊÀ
3290,2.42092e-322,0,30,1.60025e+08,4.94066e-323,6.95226e-310,ÎØÈÁÊÀ
3291,2.42092e-322,0,30,1.60025e+08,4.94066e-323,6.95226e-310,ÎØÈÁÊÀ
3292,2.42092e-322,0,30,1.60025e+08,4.94066e-323,6.95226e-310,ÎØÈÁÊÀ
3293,2.42092e-322,0,30,1.60025e+08,4.94066e-323,6.95226e-310,ÎØÈÁÊÀ
3294,2.42092e-322,0,30,1.60025e+08,4.94066e-323,6.95226e-310,ÎØÈÁÊÀ
3295,2.42092e-322,0,30,1.60025e+08,4.94066e-323,6.95226e-310,ÎØÈÁÊÀ
3296,2.42092e-322,0,30,1.60025e+08,4.94066e-323,6.95226e-310,ÎØÈÁÊÀ
3297,2.42092e-322,0,30,1.60025e+08,4.94066e-323,6.95226e-310,ÎØÈÁÊÀ
3298,2.42092e-322,0,30,1.60025e+08,4.94066e-323,6.95226e-310,ÎØÈÁÊÀ
3299,2.42092e-322,0,30,1.60025e+08,4.94066e-323,6.95226e-310,ÎØÈÁÊÀ
3300,2.42092e-322,0,30,1.60025e+08,4.94066e-323,6.95226e-310,ÎØÈÁÊÀ
3301,2.42092e-322,0,30,1.60025e+08,4.94066e-323,6.95226e-310,ÎØÈÁÊÀ
3302,2.42092e-322,0,30,1.60025e+08,4.94066e-323,6.95226e-310,ÎØÈÁÊÀ
3303,2.42092e-322,0,30,1.60025e+08,4.94066e-323,6.95226e-310,ÎØÈÁÊÀ
3304,2.42092e-322,0,30,1.60025e+08,4.94066e-323,6.95226e-310,ÎØÈÁÊÀ
3305,2.42092e-322,0,30,1.60025e+08,4.94066e-323,6.95226e-310,ÎØÈÁÊÀ
3306,2.42092e-322,0,30,1.60025e+08,4.94066e-323,6.95226e-310,ÎØÈÁÊÀ
3307,2.42092e-322,0,30,1.60025e+08,4.94066e-323,6.95226e-310,ÎØÈÁÊÀ
3308,2.42092e-322,0,30,1.60025e+08,4.94066e-323,6.95226e-310,ÎØÈÁÊÀ
3309,2.42092e-322,0,30,1.60025e+08,4.94066e-323,6.95226e-310,ÎØÈÁÊÀ
3310,2.42092e-322,0,30,1.60025e+08,4.94066e-323,6.95226e-310,ÎØÈÁÊÀ
3311,2.42092e-322,0,30,1.60025e+08,4.94066e-323,6.95226e-310,ÎØÈÁÊÀ
3312,2.42092e-322,0,30,1.60025e+08,4.94066e-323,6.95226e-310,ÎØÈÁÊÀ
3313,2.42092e-322,0,30,1.60025e+08,4.94066e-323,6.95226e-310,ÎØÈÁÊÀ
3314,2.42092e-322,0,30,1.60025e+08,4.94066e-323,6.95226e-310,ÎØÈÁÊÀ
3315,2.42092e-322,0,30,1.60025e+08,4.94066e-323,6.95226e-310,ÎØÈÁÊÀ
3316,2.42092e-322,0,30,1.60025e+08,4.94066e-323,6.95226e-310,ÎØÈÁÊÀ
3317,2.42092e-322,0,30,1.60025e+08,4.94066e-323,6.95226e-310,ÎØÈÁÊÀ
3318,2.42092e-322,0,30,1.60025e+08,4.94066e-323,6.95226e-310,ÎØÈÁÊÀ
3319,2.42092e-322,0,30,1.60025e+08,4.94066e-323,6.95226e-310,ÎØÈÁÊÀ
3320,2.42092e-322,0,30,1.60025e+08,4.94066e-323,6.95226e-310,ÎØÈÁÊÀ
3321,2.42092e-322,0,30,1.60025e+08,4.94066e-323,6.95226e-310,ÎØÈÁÊÀ
3322,2.42092e-322,0,30,1.60025e+08,4.94066e-323,6.95226e-310,ÎØÈÁÊÀ
3323,2.42092e-322,0,30,1.60025e+08,4.94066e-323,6.95226e-310,ÎØÈÁÊÀ
3324,2.42092e-322,0,30,1.60025e+08,4.94066e-323,6.95226e-310,ÎØÈÁÊÀ
3325,2.42092e-322,0,30,1.60025e+08,4.94066e-323,6.95226e-310,ÎØÈÁÊÀ
3326,2.42092e-322,0,30,1.60025e+08,4.94066e-323,6.95226e-310,ÎØÈÁÊÀ
3327,2.42092e-322,0,30,1.60025e+08,4.94066e-323,6.95226e-310,ÎØÈÁÊÀ
3328,2.42092e-322,0,30,1.60025e+08,4.94066e-323,6.95226e-310,ÎØÈÁÊÀ
3329,2.42092e-322,0,30,1.60025e+08,4.94066e-323,6.95226e-310,ÎØÈÁÊÀ
3330,2.42092e-322,0,30,1.60025e+08,4.94066e-323,6.95226e-310,ÎØÈÁÊÀ
3331,2.42092e-322,0,30,1.60025e+08,4.94066e-323,6.95226e-310,ÎØÈÁÊÀ
3332,2.42092e-322,0,30,1.60025e+08,4.94066e-323,6.95226e-310,ÎØÈÁÊÀ
3333,2.42092e-322,0,30,1.60025e+08,4.94066e-323,6.95226e-310,ÎØÈÁÊÀ
3334,2.42092e-322,0,30,1.60025e+08,4.94066e-323,6.95226e-310,ÎØÈÁÊÀ
3335,2.42092e-322,0,30,1.60025e+08,4.94066e-323,6.95226e-310,ÎØÈÁÊÀ
3336,2.42092e-322,0,30,1.60025e+08,4.94066e-323,6.95226e-310,ÎØÈÁÊÀ
3337,2.42092e-322,0,30,1.60025e+08,4.94066e-323,6.95226e-310,ÎØÈÁÊÀ
3338,2.42092e-322,0,30,1.60025e+08,4.94066e-323,6.95226e-310,ÎØÈÁÊÀ
3339,2.42092e-322,0,30,1.60025e+08,4.94066e-323,6.95226e-310,ÎØÈÁÊÀ
3340,2.42092e-322,0,30,1.60025e+08,4.94066e-323,6.95226e-310,ÎØÈÁÊÀ
3341,2.42092e-322,0,30,1.60025e+08,4.94066e-323,6.95226e-310,ÎØÈÁÊÀ
3342,2.42092e-322,0,30,1.60025e+08,4.94066e-323,6.95226e-310,ÎØÈÁÊÀ
3343,2.42092e-322,0,30,1.60025e+08,4.94066e-323,6.95226e-310,ÎØÈÁÊÀ
3344,2.42092e-322,0,30,1.60025e+08,4.94066e-323,6.95226e-310,ÎØÈÁÊÀ
3345,2.42092e-322,0,30,1.60025e+08,4.94066e-323,6.95226e-310,ÎØÈÁÊÀ
3346,2.42092e-322,0,30,1.60025e+08,4.94066e-323,6.95226e-310,ÎØÈÁÊÀ
3347,2.42092e-322,0,30,1.60025e+08,4.94066e-323,6.95226e-310,ÎØÈÁÊÀ
3348,2.42092e-322,0,30,1.60025e+08,4.94066e-323,6.95226e-310,ÎØÈÁÊÀ
3349,2.42092e-322,0,30,1.60025e+08,4.94066e-323,6.95226e-310,ÎØÈÁÊÀ
3350,2.42092e-322,0,30,1.60025e+08,4.94066e-323,6.95226e-310,ÎØÈÁÊÀ
3351,2.42092e-322,0,30,1.60025e+08,4.94066e-323,6.95226e-310,ÎØÈÁÊÀ
3352,2.42092e-322,0,30,1.60025e+08,4.94066e-323,6.95226e-310,ÎØÈÁÊÀ
3353,2.42092e-322,0,30,1.60025e+08,4.94066e-323,6.95226e-310,ÎØÈÁÊÀ
3354,2.42092e-322,0,30,1.60025e+08,4.94066e-323,6.95226e-310,ÎØÈÁÊÀ
3355,2.42092e-322,0,30,1.60025e+08,4.94066e-323,6.95226e-310,ÎØÈÁÊÀ
3356,2.42092e-322,0,30,1.60025e+08,4.94066e-323,6.95226e-310,ÎØÈÁÊÀ
3357,2.42092e-322,0,30,1.60025e+08,4.94066e-323,6.95226e-310,ÎØÈÁÊÀ
3358,2.42092e-322,0,30,1.60025e+08,4.94066e-323,6.95226e-310,ÎØÈÁÊÀ
3359,2.42092e-322,0,30,1.60025e+08,4.94066e-323,6.95226e-310,ÎØÈÁÊÀ
3360,2.42092e-322,0,30,1.60025e+08,4.94066e-323,6.95226e-310,ÎØÈÁÊÀ
3361,2.42092e-322,0,30,1.60025e+08,4.94066e-323,6.95226e-310,ÎØÈÁÊÀ
3362,2.42092e-322,0,30,1.60025e+08,4.94066e-323,6.95226e-310,ÎØÈÁÊÀ
3363,2.42092e-322,0,30,1.60025e+08,4.94066e-323,6.95226e-310,ÎØÈÁÊÀ
3364,2.42092e-322,0,30,1.60025e+08,4.94066e-323,6.95226e-310,ÎØÈÁÊÀ
3365,2.42092e-322,0,30,1.60025e+08,4.94066e-323,6.95226e-310,ÎØÈÁÊÀ
3366,2.42092e-322,0,30,1.60025e+08,4.94066e-323,6.95226e-310,ÎØÈÁÊÀ
3367,2.42092e-322,0,30,1.60025e+08,4.94066e-323,6.95226e-310,ÎØÈÁÊÀ
3368,2.42092e-322,0,30,1.60025e+08,4.94066e-323,6.95226e-310,ÎØÈÁÊÀ
3369,2.42092e-322,0,30,1.60025e+08,4.94066e-323,6.95226e-310,ÎØÈÁÊÀ
3370,2.42092e-322,0,30,1.60025e+08,4.94066e-323,6.95226e-310,ÎØÈÁÊÀ
3371,2.42092e-322,0,30,1.60025e+08,4.94066e-323,6.95226e-310,ÎØÈÁÊÀ
3372,2.42092e-322,0,30,1.60025e+08,4.94066e-323,6.95226e-310,ÎØÈÁÊÀ
3373,2.42092e-322,0,30,1.60025e+08,4.94066e-323,6.95226e-310,ÎØÈÁÊÀ
3374,2.42092e-322,0,30,1.60025e+08,4.94066e-323,6.95226e-310,ÎØÈÁÊÀ
3375,2.42092e-322,0,30,1.60031e+08,4.94066e-323,6.95226e-310,ÎØÈÁÊÀ
3376,2.42092e-322,0,30,1.60031e+08,4.94066e-323,6.95226e-310,ÎØÈÁÊÀ
3377,2.42092e-322,0,30,1.60031e+08,4.94066e-323,6.95226e-310,ÎØÈÁÊÀ
3378,2.42092e-322,0,30,1.60031e+08,4.94066e-323,6.95226e-310,ÎØÈÁÊÀ
3379,2.42092e-322,0,30,1.60031e+08,4.94066e-323,6.95226e-310,ÎØÈÁÊÀ
3380,2.42092e-322,0,30,1.60031e+08,4.94066e-323,6.95226e-310,ÎØÈÁÊÀ
3381,2.42092e-322,0,30,1.60031e+08,4.94066e-323,6.95226e-310,ÎØÈÁÊÀ
3382,2.42092e-322,0,30,1.60031e+08,4.94066e-323,6.95226e-310,ÎØÈÁÊÀ
3383,2.42092e-322,0,30,1.60031e+08,4.94066e-323,6.95226e-310,ÎØÈÁÊÀ
3384,2.42092e-322,0,30,1.60031e+08,4.94066e-323,6.95226e-310,ÎØÈÁÊÀ
3385,2.42092e-322,0,30,1.60031e+08,4.94066e-323,6.95226e-310,ÎØÈÁÊÀ
3386,2.42092e-322,0,30,1.60031e+08,4.94066e-323,6.95226e-310,ÎØÈÁÊÀ
3387,2.42092e-322,0,30,1.60031e+08,4.94066e-323,6.95226e-310,ÎØÈÁÊÀ
3388,2.42092e-322,0,30,1.60031e+08,4.94066e-323,6.95226e-310,ÎØÈÁÊÀ
3389,2.42092e-322,0,30,1.60031e+08,4.94066e-323,6.95226e-310,ÎØÈÁÊÀ
3390,2.42092e-322,0,30,1.60031e+08,4.94066e-323,6.95226e-310,ÎØÈÁÊÀ
3391,2.42092e-322,0,30,1.60031e+08,4.94066e-323,6.95226e-310,ÎØÈÁÊÀ
3392,2.42092e-322,0,30,1.60031e+08,4.94066e-323,6.95226e-310,ÎØÈÁÊÀ
3393,2.42092e-322,0,30,1.60031e+08,4.94066e-323,6.95226e-310,ÎØÈÁÊÀ
3394,2.42092e-322,0,30,1.60031e+08,4.94066e-323,6.95226e-310,ÎØÈÁÊÀ
3395,2.42092e-322,0,30,1.60031e+08,4.94066e-323,6.95226e-310,ÎØÈÁÊÀ
3396,2.42092e-322,0,30,1.60031e+08,4.94066e-323,6.95226e-310,ÎØÈÁÊÀ
3397,2.42092e-322,0,30,1.60031e+08,4.94066e-323,6.95226e-310,ÎØÈÁÊÀ
3398,2.42092e-322,0,30,1.60031e+08,4.94066e-323,6.95226e-310,ÎØÈÁÊÀ
3399,2.42092e-322,0,30,1.60031e+08,4.94066e-323,6.95226e-310,ÎØÈÁÊÀ
3400,2.42092e-322,0,30,1.60031e+08,4.94066e-323,6.95226e-310,ÎØÈÁÊÀ
3401,2.42092e-322,0,30,1.60031e+08,4.94066e-323,6.95226e-310,ÎØÈÁÊÀ
3402,2.42092e-322,0,30,1.60031e+08,4.94066e-323,6.95226e-310,ÎØÈÁÊÀ
3403,2.42092e-322,0,30,1.60031e+08,4.94066e-323,6.95226e-310,ÎØÈÁÊÀ
3404,2.42092e-322,0,30,1.60031e+08,4.94066e-323,6.95226e-310,ÎØÈÁÊÀ
3405,2.42092e-322,0,30,1.60031e+08,4.94066e-323,6.95226e-310,ÎØÈÁÊÀ
3406,2.42092e-322,0,30,1.60031e+08,4.94066e-323,6.95226e-310,ÎØÈÁÊÀ
3407,2.42092e-322,0,30,1.60031e+08,4.94066e-323,6.95226e-310,ÎØÈÁÊÀ
3408,2.42092e-322,0,30,1.60031e+08,4.94066e-323,6.95226e-310,ÎØÈÁÊÀ
3409,2.42092e-322,0,30,1.60031e+08,4.94066e-323,6.95226e-310,ÎØÈÁÊÀ
3410,2.42092e-322,0,30,1.60031e+08,4.94066e-323,6.95226e-310,ÎØÈÁÊÀ
3411,2.42092e-322,0,30,1.60031e+08,4.94066e-323,6.95226e-310,ÎØÈÁÊÀ
3412,2.42092e-322,0,30,1.60031e+08,4.94066e-323,6.95226e-310,ÎØÈÁÊÀ
3413,2.42092e-322,0,30,1.60031e+08,4.94066e-323,6.95226e-310,ÎØÈÁÊÀ
3414,2.42092e-322,0,30,1.60031e+08,4.94066e-323,6.95226e-310,ÎØÈÁÊÀ
3415,2.42092e-322,0,30,1.60031e+08,4.94066e-323,6.95226e-310,ÎØÈÁÊÀ
3416,2.42092e-322,0,30,1.60031e+08,4.94066e-323,6.95226e-310,ÎØÈÁÊÀ
3417,2.42092e-322,0,30,1.60031e+08,4.94066e-323,6.95226e-310,ÎØÈÁÊÀ
3418,2.42092e-322,0,30,1.60031e+08,4.94066e-323,6.95226e-310,ÎØÈÁÊÀ
3419,2.42092e-322,0,30,1.60031e+08,4.94066e-323,6.95226e-310,ÎØÈÁÊÀ
3420,2.42092e-322,0,30,1.60031e+08,4.94066e-323,6.95226e-310,ÎØÈÁÊÀ
3421,2.42092e-322,0,30,1.60031e+08,4.94066e-323,6.95226e-310,ÎØÈÁÊÀ
3422,2.42092e-322,0,30,1.60031e+08,4.94066e-323,6.95226e-310,ÎØÈÁÊÀ
3423,2.42092e-322,0,30,1.60031e+08,4.94066e-323,6.95226e-310,ÎØÈÁÊÀ
3424,2.42092e-322,0,30,1.60031e+08,4.94066e-323,6.95226e-310,ÎØÈÁÊÀ
3425,2.42092e-322,0,30,1.60031e+08,4.94066e-323,6.95226e-310,ÎØÈÁÊÀ
3426,2.42092e-322,0,30,1.60031e+08,4.94066e-323,6.95226e-310,ÎØÈÁÊÀ
3427,2.42092e-322,0,30,1.60031e+08,4.94066e-323,6.95226e-310,ÎØÈÁÊÀ
3428,2.42092e-322,0,30,1.60031e+08,4.94066e-323,6.95226e-310,ÎØÈÁÊÀ
3429,2.42092e-322,0,30,1.60031e+08,4.94066e-323,6.95226e-310,ÎØÈÁÊÀ
3430,2.42092e-322,0,30,1.60031e+08,4.94066e-323,6.95226e-310,ÎØÈÁÊÀ
3431,2.42092e-322,0,30,1.60031e+08,4.94066e-323,6.95226e-310,ÎØÈÁÊÀ
3432,2.42092e-322,0,30,1.60031e+08,4.94066e-323,6.95226e-310,ÎØÈÁÊÀ
3433,2.42092e-322,0,30,1.60031e+08,4.94066e-323,6.95226e-310,ÎØÈÁÊÀ
3434,2.42092e-322,0,30,1.60031e+08,4.94066e-323,6.95226e-310,ÎØÈÁÊÀ
3435,2.42092e-322,0,30,1.60031e+08,4.94066e-323,6.95226e-310,ÎØÈÁÊÀ
3436,2.42092e-322,0,30,1.60031e+08,4.94066e-323,6.95226e-310,ÎØÈÁÊÀ
3437,2.42092e-322,0,30,1.60031e+08,4.94066e-323,6.95226e-310,ÎØÈÁÊÀ
3438,2.42092e-322,0,30,1.60031e+08,4.94066e-323,6.95226e-310,ÎØÈÁÊÀ
3439,2.42092e-322,0,30,1.60031e+08,4.94066e-323,6.95226e-310,ÎØÈÁÊÀ
3440,2.42092e-322,0,30,1.60031e+08,4.94066e-323,6.95226e-310,ÎØÈÁÊÀ
3441,2.42092e-322,0,30,1.60031e+08,4.94066e-323,6.95226e-310,ÎØÈÁÊÀ
3442,2.42092e-322,0,30,1.60031e+08,4.94066e-323,6.95226e-310,ÎØÈÁÊÀ
3443,2.42092e-322,0,30,1.60031e+08,4.94066e-323,6.95226e-310,ÎØÈÁÊÀ
3444,2.42092e-322,0,30,1.60031e+08,4.94066e-323,6.95226e-310,ÎØÈÁÊÀ
3445,2.42092e-322,0,30,1.60031e+08,4.94066e-323,6.95226e-310,ÎØÈÁÊÀ
3446,2.42092e-322,0,30,1.60031e+08,4.94066e-323,6.95226e-310,ÎØÈÁÊÀ
3447,2.42092e-322,0,30,1.60031e+08,4.94066e-323,6.95226e-310,ÎØÈÁÊÀ
3448,2.42092e-322,0,30,1.60031e+08,4.94066e-323,6.95226e-310,ÎØÈÁÊÀ
3449,2.42092e-322,0,30,1.60031e+08,4.94066e-323,6.95226e-310,ÎØÈÁÊÀ
3450,2.42092e-322,0,30,1.60031e+08,4.94066e-323,6.95226e-310,ÎØÈÁÊÀ
3451,2.42092e-322,0,30,1.60031e+08,4.94066e-323,6.95226e-310,ÎØÈÁÊÀ
3452,2.42092e-322,0,30,1.60031e+08,4.94066e-323,6.95226e-310,ÎØÈÁÊÀ
3453,2.42092e-322,0,30,1.60031e+08,4.94066e-323,6.95226e-310,ÎØÈÁÊÀ
3454,2.42092e-322,0,30,1.60031e+08,4.94066e-323,6.95226e-310,ÎØÈÁÊÀ
3455,2.42092e-322,0,30,1.60031e+08,4.94066e-323,6.95226e-310,ÎØÈÁÊÀ
3456,2.42092e-322,0,30,1.60031e+08,4.94066e-323,6.95226e-310,ÎØÈÁÊÀ
3457,2.42092e-322,0,30,1.60031e+08,4.94066e-323,6.95226e-310,ÎØÈÁÊÀ
3458,2.42092e-322,0,30,1.60031e+08,4.94066e-323,6.95226e-310,ÎØÈÁÊÀ
3459,2.42092e-322,0,30,1.60031e+08,4.94066e-323,6.95226e-310,ÎØÈÁÊÀ
3460,2.42092e-322,0,30,1.60031e+08,4.94066e-323,6.95226e-310,ÎØÈÁÊÀ
3461,2.42092e-322,0,30,1.60031e+08,4.94066e-323,6.95226e-310,ÎØÈÁÊÀ
3462,2.42092e-322,0,30,1.60031e+08,4.94066e-323,6.95226e-310,ÎØÈÁÊÀ
3463,2.42092e-322,0,30,1.60031e+08,4.94066e-323,6.95226e-310,ÎØÈÁÊÀ
3464,2.42092e-322,0,30,1.60031e+08,4.94066e-323,6.95226e-310,ÎØÈÁÊÀ
3465,2.42092e-322,0,30,1.60031e+08,4.94066e-323,6.95226e-310,ÎØÈÁÊÀ
3466,2.42092e-322,0,30,1.60031e+08,4.94066e-323,6.95226e-310,ÎØÈÁÊÀ
3467,2.42092e-322,0,30,1.60031e+08,4.94066e-323,6.95226e-310,ÎØÈÁÊÀ
3468,2.42092e-322,0,30,1.60031e+08,4.94066e-323,6.95226e-310,ÎØÈÁÊÀ
3469,2.42092e-322,0,30,1.60031e+08,4.94066e-323,6.95226e-310,ÎØÈÁÊÀ
3470,2.42092e-322,0,30,1.60031e+08,4.94066e-323,6.95226e-310,ÎØÈÁÊÀ
3471,2.42092e-322,0,30,1.60031e+08,4.94066e-323,6.95226e-310,ÎØÈÁÊÀ
3472,2.42092e-322,0,30,1.60031e+08,4.94066e-323,6.95226e-310,ÎØÈÁÊÀ
3473,2.42092e-322,0,30,1.60031e+08,4.94066e-323,6.95226e-310,ÎØÈÁÊÀ
3474,2.42092e-322,0,30,1.60031e+08,4.94066e-323,6.95226e-310,ÎØÈÁÊÀ
3475,2.42092e-322,0,30,1.60031e+08,4.94066e-323,6.95226e-310,ÎØÈÁÊÀ
3476,2.42092e-322,0,30,1.60031e+08,4.94066e-323,6.95226e-310,ÎØÈÁÊÀ
3477,2.42092e-322,0,30,1.60031e+08,4.94066e-323,6.95226e-310,ÎØÈÁÊÀ
3478,2.42092e-322,0,30,1.60031e+08,4.94066e-323,6.95226e-310,ÎØÈÁÊÀ
3479,2.42092e-322,0,30,1.60031e+08,4.94066e-323,6.95226e-310,ÎØÈÁÊÀ
3480,2.42092e-322,0,30,1.60031e+08,4.94066e-323,6.95226e-310,ÎØÈÁÊÀ
3481,2.42092e-322,0,30,1.60031e+08,4.94066e-323,6.95226e-310,ÎØÈÁÊÀ
3482,2.42092e-322,0,30,1.60031e+08,4.94066e-323,6.95226e-310,ÎØÈÁÊÀ
3483,2.42092e-322,0,30,1.60031e+08,4.94066e-323,6.95226e-310,ÎØÈÁÊÀ
3484,2.42092e-322,0,30,1.60031e+08,4.94066e-323,6.95226e-310,ÎØÈÁÊÀ
3485,2.42092e-322,0,30,1.60031e+08,4.94066e-323,6.95226e-310,ÎØÈÁÊÀ
3486,2.42092e-322,0,30,1.60031e+08,4.94066e-323,6.95226e-310,ÎØÈÁÊÀ
3487,2.42092e-322,0,30,1.60031e+08,4.94066e-323,6.95226e-310,ÎØÈÁÊÀ
3488,2.42092e-322,0,30,1.60031e+08,4.94066e-323,6.95226e-310,ÎØÈÁÊÀ
3489,2.42092e-322,0,30,1.60031e+08,4.94066e-323,6.95226e-310,ÎØÈÁÊÀ
3490,2.42092e-322,0,30,1.60031e+08,4.94066e-323,6.95226e-310,ÎØÈÁÊÀ
3491,2.42092e-322,0,30,1.60031e+08,4.94066e-323,6.95226e-310,ÎØÈÁÊÀ
3492,2.42092e-322,0,30,1.60031e+08,4.94066e-323,6.95226e-310,ÎØÈÁÊÀ
3493,2.42092e-322,0,30,1.60031e+08,4.94066e-323,6.95226e-310,ÎØÈÁÊÀ
3494,2.42092e-322,0,30,1.60031e+08,4.94066e-323,6.95226e-310,ÎØÈÁÊÀ
3495,2.42092e-322,0,30,1.60031e+08,4.94066e-323,6.95226e-310,ÎØÈÁÊÀ
3496,2.42092e-322,0,30,1.60031e+08,4.94066e-323,6.95226e-310,ÎØÈÁÊÀ
3497,2.42092e-322,0,30,1.6004e+08,4.94066e-323,6.95226e-310,ÎØÈÁÊÀ
3498,2.42092e-322,0,30,1.6004e+08,4.94066e-323,6.95226e-310,ÎØÈÁÊÀ
3499,2.42092e-322,0,30,1.6004e+08,4.94066e-323,6.95226e-310,ÎØÈÁÊÀ
3500,2.42092e-322,0,30,1.6004e+08,4.94066e-323,6.95226e-310,ÎØÈÁÊÀ
3501,2.42092e-322,0,30,1.6004e+08,4.94066e-323,6.95226e-310,ÎØÈÁÊÀ
3502,2.42092e-322,0,30,1.6004e+08,4.94066e-323,6.95226e-310,ÎØÈÁÊÀ
3503,2.42092e-322,0,30,1.6004e+08,4.94066e-323,6.95226e-310,ÎØÈÁÊÀ
3504,2.42092e-322,0,30,1.6004e+08,4.94066e-323,6.95226e-310,ÎØÈÁÊÀ
3505,2.42092e-322,0,30,1.6004e+08,4.94066e-323,6.95226e-310,ÎØÈÁÊÀ
3506,2.42092e-322,0,30,1.6004e+08,4.94066e-323,6.95226e-310,ÎØÈÁÊÀ
3507,2.42092e-322,0,30,1.6004e+08,4.94066e-323,6.95226e-310,ÎØÈÁÊÀ
3508,2.42092e-322,0,30,1.6004e+08,4.94066e-323,6.95226e-310,ÎØÈÁÊÀ
3509,2.42092e-322,0,30,1.6004e+08,4.94066e-323,6.95226e-310,ÎØÈÁÊÀ
3510,2.42092e-322,0,30,1.6004e+08,4.94066e-323,6.95226e-310,ÎØÈÁÊÀ
3511,2.42092e-322,0,30,1.6004e+08,4.94066e-323,6.95226e-310,ÎØÈÁÊÀ
3512,2.42092e-322,0,30,1.6004e+08,4.94066e-323,6.95226e-310,ÎØÈÁÊÀ
3513,2.42092e-322,0,30,1.6004e+08,4.94066e-323,6.95226e-310,ÎØÈÁÊÀ
3514,2.42092e-322,0,30,1.6004e+08,4.94066e-323,6.95226e-310,ÎØÈÁÊÀ
3515,2.42092e-322,0,30,1.6004e+08,4.94066e-323,6.95226e-310,ÎØÈÁÊÀ
3516,2.42092e-322,0,30,1.6004e+08,4.94066e-323,6.95226e-310,ÎØÈÁÊÀ
3517,2.42092e-322,0,30,1.6004e+08,4.94066e-323,6.95226e-310,ÎØÈÁÊÀ
3518,2.42092e-322,0,30,1.6004e+08,4.94066e-323,6.95226e-310,ÎØÈÁÊÀ
3519,2.42092e-322,0,30,1.6004e+08,4.94066e-323,6.95226e-310,ÎØÈÁÊÀ
3520,2.42092e-322,0,30,1.6004e+08,4.94066e-323,6.95226e-310,ÎØÈÁÊÀ
3521,2.42092e-322,0,30,1.6004e+08,4.94066e-323,6.95226e-310,ÎØÈÁÊÀ
3522,2.42092e-322,0,30,1.6004e+08,4.94066e-323,6.95226e-310,ÎØÈÁÊÀ
3523,2.42092e-322,0,30,1.6004e+08,4.94066e-323,6.95226e-310,ÎØÈÁÊÀ
3524,2.42092e-322,0,30,1.6004e+08,4.94066e-323,6.95226e-310,ÎØÈÁÊÀ
3525,2.42092e-322,0,30,1.6004e+08,4.94066e-323,6.95226e-310,ÎØÈÁÊÀ
3526,2.42092e-322,0,30,1.6004e+08,4.94066e-323,6.95226e-310,ÎØÈÁÊÀ
3527,2.42092e-322,0,30,1.6004e+08,4.94066e-323,6.95226e-310,ÎØÈÁÊÀ
3528,2.42092e-322,0,30,1.6004e+08,4.94066e-323,6.95226e-310,ÎØÈÁÊÀ
3529,2.42092e-322,0,30,1.6004e+08,4.94066e-323,6.95226e-310,ÎØÈÁÊÀ
3530,2.42092e-322,0,30,1.6004e+08,4.94066e-323,6.95226e-310,ÎØÈÁÊÀ
3531,2.42092e-322,0,30,1.6004e+08,4.94066e-323,6.95226e-310,ÎØÈÁÊÀ
3532,2.42092e-322,0,30,1.6004e+08,4.94066e-323,6.95226e-310,ÎØÈÁÊÀ
3533,2.42092e-322,0,30,1.6004e+08,4.94066e-323,6.95226e-310,ÎØÈÁÊÀ
3534,2.42092e-322,0,30,1.6004e+08,4.94066e-323,6.95226e-310,ÎØÈÁÊÀ
3535,2.42092e-322,0,30,1.6004e+08,4.94066e-323,6.95226e-310,ÎØÈÁÊÀ
3536,2.42092e-322,0,30,1.6004e+08,4.94066e-323,6.95226e-310,ÎØÈÁÊÀ
3537,2.42092e-322,0,30,1.6004e+08,4.94066e-323,6.95226e-310,ÎØÈÁÊÀ
3538,2.42092e-322,0,30,1.6004e+08,4.94066e-323,6.95226e-310,ÎØÈÁÊÀ
3539,2.42092e-322,0,30,1.6004e+08,4.94066e-323,6.95226e-310,ÎØÈÁÊÀ
3540,2.42092e-322,0,30,1.6004e+08,4.94066e-323,6.95226e-310,ÎØÈÁÊÀ
3541,2.42092e-322,0,30,1.6004e+08,4.94066e-323,6.95226e-310,ÎØÈÁÊÀ
3542,2.42092e-322,0,30,1.6004e+08,4.94066e-323,6.95226e-310,ÎØÈÁÊÀ
3543,2.42092e-322,0,30,1.6004e+08,4.94066e-323,6.95226e-310,ÎØÈÁÊÀ
3544,2.42092e-322,0,30,1.6004e+08,4.94066e-323,6.95226e-310,ÎØÈÁÊÀ
3545,2.42092e-322,0,30,1.6004e+08,4.94066e-323,6.95226e-310,ÎØÈÁÊÀ
3546,2.42092e-322,0,30,1.6004e+08,4.94066e-323,6.95226e-310,ÎØÈÁÊÀ
3547,2.42092e-322,0,30,1.6004e+08,4.94066e-323,6.95226e-310,ÎØÈÁÊÀ
3548,2.42092e-322,0,30,1.6004e+08,4.94066e-323,6.95226e-310,ÎØÈÁÊÀ
3549,2.42092e-322,0,30,1.6004e+08,4.94066e-323,6.95226e-310,ÎØÈÁÊÀ
3550,2.42092e-322,0,30,1.6004e+08,4.94066e-323,6.95226e-310,ÎØÈÁÊÀ
3551,2.42092e-322,0,30,1.6004e+08,4.94066e-323,6.95226e-310,ÎØÈÁÊÀ
3552,2.42092e-322,0,30,1.6004e+08,4.94066e-323,6.95226e-310,ÎØÈÁÊÀ
3553,2.42092e-322,0,30,1.6004e+08,4.94066e-323,6.95226e-310,ÎØÈÁÊÀ
3554,2.42092e-322,0,30,1.6004e+08,4.94066e-323,6.95226e-310,ÎØÈÁÊÀ
3555,2.42092e-322,0,30,1.6004e+08,4.94066e-323,6.95226e-310,ÎØÈÁÊÀ
3556,2.42092e-322,0,30,1.6004e+08,4.94066e-323,6.95226e-310,ÎØÈÁÊÀ
3557,2.42092e-322,0,30,1.6004e+08,4.94066e-323,6.95226e-310,ÎØÈÁÊÀ
3558,2.42092e-322,0,30,1.6004e+08,4.94066e-323,6.95226e-310,ÎØÈÁÊÀ
3559,2.42092e-322,0,30,1.6004e+08,4.94066e-323,6.95226e-310,ÎØÈÁÊÀ
3560,2.42092e-322,0,30,1.6004e+08,4.94066e-323,6.95226e-310,ÎØÈÁÊÀ
3561,2.42092e-322,0,30,1.6004e+08,4.94066e-323,6.95226e-310,ÎØÈÁÊÀ
3562,2.42092e-322,0,30,1.6004e+08,4.94066e-323,6.95226e-310,ÎØÈÁÊÀ
3563,2.42092e-322,0,30,1.6004e+08,4.94066e-323,6.95226e-310,ÎØÈÁÊÀ
3564,2.42092e-322,0,30,1.6004e+08,4.94066e-323,6.95226e-310,ÎØÈÁÊÀ
3565,2.42092e-322,0,30,1.6004e+08,4.94066e-323,6.95226e-310,ÎØÈÁÊÀ
3566,2.42092e-322,0,30,1.6004e+08,4.94066e-323,6.95226e-310,ÎØÈÁÊÀ
3567,2.42092e-322,0,30,1.6004e+08,4.94066e-323,6.95226e-310,ÎØÈÁÊÀ
3568,2.42092e-322,0,30,1.6004e+08,4.94066e-323,6.95226e-310,ÎØÈÁÊÀ
3569,2.42092e-322,0,30,1.6004e+08,4.94066e-323,6.95226e-310,ÎØÈÁÊÀ
3570,2.42092e-322,0,30,1.6004e+08,4.94066e-323,6.95226e-310,ÎØÈÁÊÀ
3571,2.42092e-322,0,30,1.6004e+08,4.94066e-323,6.95226e-310,ÎØÈÁÊÀ
3572,2.42092e-322,0,30,1.6004e+08,4.94066e-323,6.95226e-310,ÎØÈÁÊÀ
3573,2.42092e-322,0,30,1.6004e+08,4.94066e-323,6.95226e-310,ÎØÈÁÊÀ
3574,2.42092e-322,0,30,1.6004e+08,4.94066e-323,6.95226e-310,ÎØÈÁÊÀ
3575,2.42092e-322,0,30,1.6004e+08,4.94066e-323,6.95226e-310,ÎØÈÁÊÀ
3576,2.42092e-322,0,30,1.6004e+08,4.94066e-323,6.95226e-310,ÎØÈÁÊÀ
3577,2.42092e-322,0,30,1.6004e+08,4.94066e-323,6.95226e-310,ÎØÈÁÊÀ
3578,2.42092e-322,0,30,1.6004e+08,4.94066e-323,6.95226e-310,ÎØÈÁÊÀ
3579,2.42092e-322,0,30,1.6004e+08,4.94066e-323,6.95226e-310,ÎØÈÁÊÀ
3580,2.42092e-322,0,30,1.6004e+08,4.94066e-323,6.95226e-310,ÎØÈÁÊÀ
3581,2.42092e-322,0,30,1.6004e+08,4.94066e-323,6.95226e-310,ÎØÈÁÊÀ
3582,2.42092e-322,0,30,1.6004e+08,4.94066e-323,6.95226e-310,ÎØÈÁÊÀ
3583,2.42092e-322,0,30,1.6004e+08,4.94066e-323,6.95226e-310,ÎØÈÁÊÀ
3584,2.42092e-322,0,30,1.6004e+08,4.94066e-323,6.95226e-310,ÎØÈÁÊÀ
3585,2.42092e-322,0,30,1.6004e+08,4.94066e-323,6.95226e-310,ÎØÈÁÊÀ
3586,2.42092e-322,0,30,1.6004e+08,4.94066e-323,6.95226e-310,ÎØÈÁÊÀ
3587,2.42092e-322,0,30,1.6004e+08,4.94066e-323,6.95226e-310,ÎØÈÁÊÀ
3588,2.42092e-322,0,30,1.6004e+08,4.94066e-323,6.95226e-310,ÎØÈÁÊÀ
3589,2.42092e-322,0,30,1.6004e+08,4.94066e-323,6.95226e-310,ÎØÈÁÊÀ
3590,2.42092e-322,0,30,1.6004e+08,4.94066e-323,6.95226e-310,ÎØÈÁÊÀ
3591,2.42092e-322,0,30,1.6004e+08,4.94066e-323,6.95226e-310,ÎØÈÁÊÀ
3592,2.42092e-322,0,30,1.6004e+08,4.94066e-323,6.95226e-310,ÎØÈÁÊÀ
3593,2.42092e-322,0,30,1.6004e+08,4.94066e-323,6.95226e-310,ÎØÈÁÊÀ
3594,2.42092e-322,0,30,1.6004e+08,4.94066e-323,6.95226e-310,ÎØÈÁÊÀ
3595,2.42092e-322,0,30,1.6004e+08,4.94066e-323,6.95226e-310,ÎØÈÁÊÀ
3596,2.42092e-322,0,30,1.6004e+08,4.94066e-323,6.95226e-310,ÎØÈÁÊÀ
3597,2.42092e-322,0,30,1.6004e+08,4.94066e-323,6.95226e-310,ÎØÈÁÊÀ
3598,2.42092e-322,0,30,1.6004e+08,4.94066e-323,6.95226e-310,ÎØÈÁÊÀ
3599,2.42092e-322,0,30,1.6004e+08,4.94066e-323,6.95226e-310,ÎØÈÁÊÀ
3600,2.42092e-322,0,30,1.6004e+08,4.94066e-323,6.95226e-310,ÎØÈÁÊÀ
3601,2.42092e-322,0,30,1.6005e+08,4.94066e-323,6.95226e-310,ÎØÈÁÊÀ
3602,2.42092e-322,0,30,1.6005e+08,4.94066e-323,6.95226e-310,ÎØÈÁÊÀ
3603,2.42092e-322,0,30,1.6005e+08,4.94066e-323,6.95226e-310,ÎØÈÁÊÀ
3604,2.42092e-322,0,30,1.6005e+08,4.94066e-323,6.95226e-310,ÎØÈÁÊÀ
3605,2.42092e-322,0,30,1.6005e+08,4.94066e-323,6.95226e-310,ÎØÈÁÊÀ
3606,2.42092e-322,0,30,1.6005e+08,4.94066e-323,6.95226e-310,ÎØÈÁÊÀ
3607,2.42092e-322,0,30,1.6005e+08,4.94066e-323,6.95226e-310,ÎØÈÁÊÀ
3608,2.42092e-322,0,30,1.6005e+08,4.94066e-323,6.95226e-310,ÎØÈÁÊÀ
3609,2.42092e-322,0,30,1.6005e+08,4.94066e-323,6.95226e-310,ÎØÈÁÊÀ
3610,2.42092e-322,0,30,1.6005e+08,4.94066e-323,6.95226e-310,ÎØÈÁÊÀ
3611,2.42092e-322,0,30,1.6005e+08,4.94066e-323,6.95226e-310,ÎØÈÁÊÀ
3612,2.42092e-322,0,30,1.6005e+08,4.94066e-323,6.95226e-310,ÎØÈÁÊÀ
3613,2.42092e-322,0,30,1.6005e+08,4.94066e-323,6.95226e-310,ÎØÈÁÊÀ
3614,2.42092e-322,0,30,1.6005e+08,4.94066e-323,6.95226e-310,ÎØÈÁÊÀ
3615,2.42092e-322,0,30,1.6005e+08,4.94066e-323,6.95226e-310,ÎØÈÁÊÀ
3616,2.42092e-322,0,30,1.6005e+08,4.94066e-323,6.95226e-310,ÎØÈÁÊÀ
3617,2.42092e-322,0,30,1.6005e+08,4.94066e-323,6.95226e-310,ÎØÈÁÊÀ
3618,2.42092e-322,0,30,1.6005e+08,4.94066e-323,6.95226e-310,ÎØÈÁÊÀ
3619,2.42092e-322,0,30,1.6005e+08,4.94066e-323,6.95226e-310,ÎØÈÁÊÀ
3620,2.42092e-322,0,30,1.6005e+08,4.94066e-323,6.95226e-310,ÎØÈÁÊÀ
3621,2.42092e-322,0,30,1.6005e+08,4.94066e-323,6.95226e-310,ÎØÈÁÊÀ
3622,2.42092e-322,0,30,1.6005e+08,4.94066e-323,6.95226e-310,ÎØÈÁÊÀ
3623,2.42092e-322,0,30,1.6005e+08,4.94066e-323,6.95226e-310,ÎØÈÁÊÀ
3624,2.42092e-322,0,30,1.6005e+08,4.94066e-323,6.95226e-310,ÎØÈÁÊÀ
3625,2.42092e-322,0,30,1.6005e+08,4.94066e-323,6.95226e-310,ÎØÈÁÊÀ
3626,2.42092e-322,0,30,1.6005e+08,4.94066e-323,6.95226e-310,ÎØÈÁÊÀ
3627,2.42092e-322,0,30,1.6005e+08,4.94066e-323,6.95226e-310,ÎØÈÁÊÀ
3628,2.42092e-322,0,30,1.6005e+08,4.94066e-323,6.95226e-310,ÎØÈÁÊÀ
3629,2.42092e-322,0,30,1.6005e+08,4.94066e-323,6.95226e-310,ÎØÈÁÊÀ
3630,2.42092e-322,0,30,1.6005e+08,4.94066e-323,6.95226e-310,ÎØÈÁÊÀ
3631,2.42092e-322,0,30,1.6005e+08,4.94066e-323,6.95226e-310,ÎØÈÁÊÀ
3632,2.42092e-322,0,30,1.6005e+08,4.94066e-323,6.95226e-310,ÎØÈÁÊÀ
3633,2.42092e-322,0,30,1.6005e+08,4.94066e-323,6.95226e-310,ÎØÈÁÊÀ
3634,2.42092e-322,0,30,1.6005e+08,4.94066e-323,6.95226e-310,ÎØÈÁÊÀ
3635,2.42092e-322,0,30,1.6005e+08,4.94066e-323,6.95226e-310,ÎØÈÁÊÀ
3636,2.42092e-322,0,30,1.6005e+08,4.94066e-323,6.95226e-310,ÎØÈÁÊÀ
3637,2.42092e-322,0,30,1.6005e+08,4.94066e-323,6.95226e-310,ÎØÈÁÊÀ
3638,2.42092e-322,0,30,1.6005e+08,4.94066e-323,6.95226e-310,ÎØÈÁÊÀ
3639,2.42092e-322,0,30,1.6005e+08,4.94066e-323,6.95226e-310,ÎØÈÁÊÀ
3640,2.42092e-322,0,30,1.6005e+08,4.94066e-323,6.95226e-310,ÎØÈÁÊÀ
3641,2.42092e-322,0,30,1.6005e+08,4.94066e-323,6.95226e-310,ÎØÈÁÊÀ
3642,2.42092e-322,0,30,1.6005e+08,4.94066e-323,6.95226e-310,ÎØÈÁÊÀ
3643,2.42092e-322,0,30,1.6005e+08,4.94066e-323,6.95226e-310,ÎØÈÁÊÀ
3644,2.42092e-322,0,30,1.6005e+08,4.94066e-323,6.95226e-310,ÎØÈÁÊÀ
3645,2.42092e-322,0,30,1.6005e+08,4.94066e-323,6.95226e-310,ÎØÈÁÊÀ
3646,2.42092e-322,0,30,1.6005e+08,4.94066e-323,6.95226e-310,ÎØÈÁÊÀ
3647,2.42092e-322,0,30,1.6005e+08,4.94066e-323,6.95226e-310,ÎØÈÁÊÀ
3648,2.42092e-322,0,30,1.6005e+08,4.94066e-323,6.95226e-310,ÎØÈÁÊÀ
3649,2.42092e-322,0,30,1.6005e+08,4.94066e-323,6.95226e-310,ÎØÈÁÊÀ
3650,2.42092e-322,0,30,1.6005e+08,4.94066e-323,6.95226e-310,ÎØÈÁÊÀ
3651,2.42092e-322,0,30,1.6005e+08,4.94066e-323,6.95226e-310,ÎØÈÁÊÀ
3652,2.42092e-322,0,30,1.6005e+08,4.94066e-323,6.95226e-310,ÎØÈÁÊÀ
3653,2.42092e-322,0,30,1.6005e+08,4.94066e-323,6.95226e-310,ÎØÈÁÊÀ
3654,2.42092e-322,0,30,1.6005e+08,4.94066e-323,6.95226e-310,ÎØÈÁÊÀ
3655,2.42092e-322,0,30,1.6005e+08,4.94066e-323,6.95226e-310,ÎØÈÁÊÀ
3656,2.42092e-322,0,30,1.6005e+08,4.94066e-323,6.95226e-310,ÎØÈÁÊÀ
3657,2.42092e-322,0,30,1.6005e+08,4.94066e-323,6.95226e-310,ÎØÈÁÊÀ
3658,2.42092e-322,0,30,1.6005e+08,4.94066e-323,6.95226e-310,ÎØÈÁÊÀ
3659,2.42092e-322,0,30,1.6005e+08,4.94066e-323,6.95226e-310,ÎØÈÁÊÀ
3660,2.42092e-322,0,30,1.6005e+08,4.94066e-323,6.95226e-310,ÎØÈÁÊÀ
3661,2.42092e-322,0,30,1.6005e+08,4.94066e-323,6.95226e-310,ÎØÈÁÊÀ
3662,2.42092e-322,0,30,1.6005e+08,4.94066e-323,6.95226e-310,ÎØÈÁÊÀ
3663,2.42092e-322,0,30,1.6005e+08,4.94066e-323,6.95226e-310,ÎØÈÁÊÀ
3664,2.42092e-322,0,30,1.6005e+08,4.94066e-323,6.95226e-310,ÎØÈÁÊÀ
3665,2.42092e-322,0,30,1.6005e+08,4.94066e-323,6.95226e-310,ÎØÈÁÊÀ
3666,2.42092e-322,0,30,1.6005e+08,4.94066e-323,6.95226e-310,ÎØÈÁÊÀ
3667,2.42092e-322,0,30,1.6005e+08,4.94066e-323,6.95226e-310,ÎØÈÁÊÀ
3668,2.42092e-322,0,30,1.6005e+08,4.94066e-323,6.95226e-310,ÎØÈÁÊÀ
3669,2.42092e-322,0,30,1.6005e+08,4.94066e-323,6.95226e-310,ÎØÈÁÊÀ
3670,2.42092e-322,0,30,1.6005e+08,4.94066e-323,6.95226e-310,ÎØÈÁÊÀ
3671,2.42092e-322,0,30,1.6005e+08,4.94066e-323,6.95226e-310,ÎØÈÁÊÀ
3672,2.42092e-322,0,30,1.6005e+08,4.94066e-323,6.95226e-310,ÎØÈÁÊÀ
3673,2.42092e-322,0,30,1.6005e+08,4.94066e-323,6.95226e-310,ÎØÈÁÊÀ
3674,2.42092e-322,0,30,1.6005e+08,4.94066e-323,6.95226e-310,ÎØÈÁÊÀ
3675,2.42092e-322,0,30,1.6005e+08,4.94066e-323,6.95226e-310,ÎØÈÁÊÀ
3676,2.42092e-322,0,30,1.6005e+08,4.94066e-323,6.95226e-310,ÎØÈÁÊÀ
3677,2.42092e-322,0,30,1.6005e+08,4.94066e-323,6.95226e-310,ÎØÈÁÊÀ
3678,2.42092e-322,0,30,1.6005e+08,4.94066e-323,6.95226e-310,ÎØÈÁÊÀ
3679,2.42092e-322,0,30,1.6005e+08,4.94066e-323,6.95226e-310,ÎØÈÁÊÀ
3680,2.42092e-322,0,30,1.6005e+08,4.94066e-323,6.95226e-310,ÎØÈÁÊÀ
3681,2.42092e-322,0,30,1.6005e+08,4.94066e-323,6.95226e-310,ÎØÈÁÊÀ
3682,2.42092e-322,0,30,1.6005e+08,4.94066e-323,6.95226e-310,ÎØÈÁÊÀ
3683,2.42092e-322,0,30,1.6005e+08,4.94066e-323,6.95226e-310,ÎØÈÁÊÀ
3684,2.42092e-322,0,30,1.6005e+08,4.94066e-323,6.95226e-310,ÎØÈÁÊÀ
3685,2.42092e-322,0,30,1.6005e+08,4.94066e-323,6.95226e-310,ÎØÈÁÊÀ
3686,2.42092e-322,0,30,1.6005e+08,4.94066e-323,6.95226e-310,ÎØÈÁÊÀ
3687,2.42092e-322,0,30,1.6005e+08,4.94066e-323,6.95226e-310,ÎØÈÁÊÀ
3688,2.42092e-322,0,30,1.6005e+08,4.94066e-323,6.95226e-310,ÎØÈÁÊÀ
3689,2.42092e-322,0,30,1.6005e+08,4.94066e-323,6.95226e-310,ÎØÈÁÊÀ
3690,2.42092e-322,0,30,1.6005e+08,4.94066e-323,6.95226e-310,ÎØÈÁÊÀ
3691,2.42092e-322,0,30,1.6005e+08,4.94066e-323,6.95226e-310,ÎØÈÁÊÀ
3692,2.42092e-322,0,30,1.6005e+08,4.94066e-323,6.95226e-310,ÎØÈÁÊÀ
3693,2.42092e-322,0,30,1.6005e+08,4.94066e-323,6.95226e-310,ÎØÈÁÊÀ
3694,2.42092e-322,0,30,1.6005e+08,4.94066e-323,6.95226e-310,ÎØÈÁÊÀ
3695,2.42092e-322,0,30,1.6005e+08,4.94066e-323,6.95226e-310,ÎØÈÁÊÀ
3696,2.42092e-322,0,30,1.6005e+08,4.94066e-323,6.95226e-310,ÎØÈÁÊÀ
3697,2.42092e-322,0,30,1.6005e+08,4.94066e-323,6.95226e-310,ÎØÈÁÊÀ
3698,2.42092e-322,0,30,1.6005e+08,4.94066e-323,6.95226e-310,ÎØÈÁÊÀ
3699,2.42092e-322,0,30,1.6005e+08,4.94066e-323,6.95226e-310,ÎØÈÁÊÀ
3700,2.42092e-322,0,30,1.6005e+08,4.94066e-323,6.95226e-310,ÎØÈÁÊÀ
3701,2.42092e-322,0,30,1.6005e+08,4.94066e-323,6.95226e-310,ÎØÈÁÊÀ
3702,2.42092e-322,0,30,1.6005e+08,4.94066e-323,6.95226e-310,ÎØÈÁÊÀ
3703,2.42092e-322,0,30,1.6005e+08,4.94066e-323,6.95226e-310,ÎØÈÁÊÀ
3704,2.42092e-322,0,30,1.6005e+08,4.94066e-323,6.95226e-310,ÎØÈÁÊÀ
3705,2.42092e-322,0,30,1.6005e+08,4.94066e-323,6.95226e-310,ÎØÈÁÊÀ
3706,2.42092e-322,0,30,1.60064e+08,4.94066e-323,6.95226e-310,ÎØÈÁÊÀ
3707,2.42092e-322,0,30,1.60064e+08,4.94066e-323,6.95226e-310,ÎØÈÁÊÀ
3708,2.42092e-322,0,30,1.60064e+08,4.94066e-323,6.95226e-310,ÎØÈÁÊÀ
3709,2.42092e-322,0,30,1.60064e+08,4.94066e-323,6.95226e-310,ÎØÈÁÊÀ
3710,2.42092e-322,0,30,1.60064e+08,4.94066e-323,6.95226e-310,ÎØÈÁÊÀ
3711,2.42092e-322,0,30,1.60064e+08,4.94066e-323,6.95226e-310,ÎØÈÁÊÀ
3712,2.42092e-322,0,30,1.60064e+08,4.94066e-323,6.95226e-310,ÎØÈÁÊÀ
3713,2.42092e-322,0,30,1.60064e+08,4.94066e-323,6.95226e-310,ÎØÈÁÊÀ
3714,2.42092e-322,0,30,1.60064e+08,4.94066e-323,6.95226e-310,ÎØÈÁÊÀ
3715,2.42092e-322,0,30,1.60064e+08,4.94066e-323,6.95226e-310,ÎØÈÁÊÀ
3716,2.42092e-322,0,30,1.60064e+08,4.94066e-323,6.95226e-310,ÎØÈÁÊÀ
3717,2.42092e-322,0,30,1.60064e+08,4.94066e-323,6.95226e-310,ÎØÈÁÊÀ
3718,2.42092e-322,0,30,1.60064e+08,4.94066e-323,6.95226e-310,ÎØÈÁÊÀ
3719,2.42092e-322,0,30,1.60064e+08,4.94066e-323,6.95226e-310,ÎØÈÁÊÀ
3720,2.42092e-322,0,30,1.60064e+08,4.94066e-323,6.95226e-310,ÎØÈÁÊÀ
3721,2.42092e-322,0,30,1.60064e+08,4.94066e-323,6.95226e-310,ÎØÈÁÊÀ
3722,2.42092e-322,0,30,1.60064e+08,4.94066e-323,6.95226e-310,ÎØÈÁÊÀ
3723,2.42092e-322,0,30,1.60064e+08,4.94066e-323,6.95226e-310,ÎØÈÁÊÀ
3724,2.42092e-322,0,30,1.60064e+08,4.94066e-323,6.95226e-310,ÎØÈÁÊÀ
3725,2.42092e-322,0,30,1.60064e+08,4.94066e-323,6.95226e-310,ÎØÈÁÊÀ
3726,2.42092e-322,0,30,1.60064e+08,4.94066e-323,6.95226e-310,ÎØÈÁÊÀ
3727,2.42092e-322,0,30,1.60064e+08,4.94066e-323,6.95226e-310,ÎØÈÁÊÀ
3728,2.42092e-322,0,30,1.60064e+08,4.94066e-323,6.95226e-310,ÎØÈÁÊÀ
3729,2.42092e-322,0,30,1.60064e+08,4.94066e-323,6.95226e-310,ÎØÈÁÊÀ
3730,2.42092e-322,0,30,1.60064e+08,4.94066e-323,6.95226e-310,ÎØÈÁÊÀ
3731,2.42092e-322,0,30,1.60064e+08,4.94066e-323,6.95226e-310,ÎØÈÁÊÀ
3732,2.42092e-322,0,30,1.60064e+08,4.94066e-323,6.95226e-310,ÎØÈÁÊÀ
3733,2.42092e-322,0,30,1.60064e+08,4.94066e-323,6.95226e-310,ÎØÈÁÊÀ
3734,2.42092e-322,0,30,1.60064e+08,4.94066e-323,6.95226e-310,ÎØÈÁÊÀ
3735,2.42092e-322,0,30,1.60064e+08,4.94066e-323,6.95226e-310,ÎØÈÁÊÀ
3736,2.42092e-322,0,30,1.60064e+08,4.94066e-323,6.95226e-310,ÎØÈÁÊÀ
3737,2.42092e-322,0,30,1.60064e+08,4.94066e-323,6.95226e-310,ÎØÈÁÊÀ
3738,2.42092e-322,0,30,1.60064e+08,4.94066e-323,6.95226e-310,ÎØÈÁÊÀ
3739,2.42092e-322,0,30,1.60064e+08,4.94066e-323,6.95226e-310,ÎØÈÁÊÀ
3740,2.42092e-322,0,30,1.60064e+08,4.94066e-323,6.95226e-310,ÎØÈÁÊÀ
3741,2.42092e-322,0,30,1.60064e+08,4.94066e-323,6.95226e-310,ÎØÈÁÊÀ
3742,2.42092e-322,0,30,1.60064e+08,4.94066e-323,6.95226e-310,ÎØÈÁÊÀ
3743,2.42092e-322,0,30,1.60064e+08,4.94066e-323,6.95226e-310,ÎØÈÁÊÀ
3744,2.42092e-322,0,30,1.60064e+08,4.94066e-323,6.95226e-310,ÎØÈÁÊÀ
3745,2.42092e-322,0,30,1.60064e+08,4.94066e-323,6.95226e-310,ÎØÈÁÊÀ
3746,2.42092e-322,0,30,1.60064e+08,4.94066e-323,6.95226e-310,ÎØÈÁÊÀ
3747,2.42092e-322,0,30,1.60064e+08,4.94066e-323,6.95226e-310,ÎØÈÁÊÀ
3748,2.42092e-322,0,30,1.60064e+08,4.94066e-323,6.95226e-310,ÎØÈÁÊÀ
3749,2.42092e-322,0,30,1.60064e+08,4.94066e-323,6.95226e-310,ÎØÈÁÊÀ
3750,2.42092e-322,0,30,1.60064e+08,4.94066e-323,6.95226e-310,ÎØÈÁÊÀ
3751,2.42092e-322,0,30,1.60064e+08,4.94066e-323,6.95226e-310,ÎØÈÁÊÀ
3752,2.42092e-322,0,30,1.60064e+08,4.94066e-323,6.95226e-310,ÎØÈÁÊÀ
3753,2.42092e-322,0,30,1.60064e+08,4.94066e-323,6.95226e-310,ÎØÈÁÊÀ
3754,2.42092e-322,0,30,1.60064e+08,4.94066e-323,6.95226e-310,ÎØÈÁÊÀ
3755,2.42092e-322,0,30,1.60064e+08,4.94066e-323,6.95226e-310,ÎØÈÁÊÀ
3756,2.42092e-322,0,30,1.60064e+08,4.94066e-323,6.95226e-310,ÎØÈÁÊÀ
3757,2.42092e-322,0,30,1.60064e+08,4.94066e-323,6.95226e-310,ÎØÈÁÊÀ
3758,2.42092e-322,0,30,1.60064e+08,4.94066e-323,6.95226e-310,ÎØÈÁÊÀ
3759,2.42092e-322,0,30,1.60064e+08,4.94066e-323,6.95226e-310,ÎØÈÁÊÀ
3760,2.42092e-322,0,30,1.60064e+08,4.94066e-323,6.95226e-310,ÎØÈÁÊÀ
3761,2.42092e-322,0,30,1.60064e+08,4.94066e-323,6.95226e-310,ÎØÈÁÊÀ
3762,2.42092e-322,0,30,1.60064e+08,4.94066e-323,6.95226e-310,ÎØÈÁÊÀ
3763,2.42092e-322,0,30,1.60064e+08,4.94066e-323,6.95226e-310,ÎØÈÁÊÀ
3764,2.42092e-322,0,30,1.60064e+08,4.94066e-323,6.95226e-310,ÎØÈÁÊÀ
3765,2.42092e-322,0,30,1.60064e+08,4.94066e-323,6.95226e-310,ÎØÈÁÊÀ
3766,2.42092e-322,0,30,1.60064e+08,4.94066e-323,6.95226e-310,ÎØÈÁÊÀ
3767,2.42092e-322,0,30,1.60064e+08,4.94066e-323,6.95226e-310,ÎØÈÁÊÀ
3768,2.42092e-322,0,30,1.60064e+08,4.94066e-323,6.95226e-310,ÎØÈÁÊÀ
3769,2.42092e-322,0,30,1.60064e+08,4.94066e-323,6.95226e-310,ÎØÈÁÊÀ
3770,2.42092e-322,0,30,1.60064e+08,4.94066e-323,6.95226e-310,ÎØÈÁÊÀ
3771,2.42092e-322,0,30,1.60064e+08,4.94066e-323,6.95226e-310,ÎØÈÁÊÀ
3772,2.42092e-322,0,30,1.60064e+08,4.94066e-323,6.95226e-310,ÎØÈÁÊÀ
3773,2.42092e-322,0,30,1.60064e+08,4.94066e-323,6.95226e-310,ÎØÈÁÊÀ
3774,2.42092e-322,0,30,1.60064e+08,4.94066e-323,6.95226e-310,ÎØÈÁÊÀ
3775,2.42092e-322,0,30,1.60064e+08,4.94066e-323,6.95226e-310,ÎØÈÁÊÀ
3776,2.42092e-322,0,30,1.60064e+08,4.94066e-323,6.95226e-310,ÎØÈÁÊÀ
3777,2.42092e-322,0,30,1.60064e+08,4.94066e-323,6.95226e-310,ÎØÈÁÊÀ
3778,2.42092e-322,0,30,1.60064e+08,4.94066e-323,6.95226e-310,ÎØÈÁÊÀ
3779,2.42092e-322,0,30,1.60064e+08,4.94066e-323,6.95226e-310,ÎØÈÁÊÀ
3780,2.42092e-322,0,30,1.60064e+08,4.94066e-323,6.95226e-310,ÎØÈÁÊÀ
3781,2.42092e-322,0,30,1.60064e+08,4.94066e-323,6.95226e-310,ÎØÈÁÊÀ
3782,2.42092e-322,0,30,1.60064e+08,4.94066e-323,6.95226e-310,ÎØÈÁÊÀ
3783,2.42092e-322,0,30,1.60064e+08,4.94066e-323,6.95226e-310,ÎØÈÁÊÀ
3784,2.42092e-322,0,30,1.60064e+08,4.94066e-323,6.95226e-310,ÎØÈÁÊÀ
3785,2.42092e-322,0,30,1.60064e+08,4.94066e-323,6.95226e-310,ÎØÈÁÊÀ
3786,2.42092e-322,0,30,1.60064e+08,4.94066e-323,6.95226e-310,ÎØÈÁÊÀ
3787,2.42092e-322,0,30,1.60064e+08,4.94066e-323,6.95226e-310,ÎØÈÁÊÀ
3788,2.42092e-322,0,30,1.60064e+08,4.94066e-323,6.95226e-310,ÎØÈÁÊÀ
3789,2.42092e-322,0,30,1.60064e+08,4.94066e-323,6.95226e-310,ÎØÈÁÊÀ
3790,2.42092e-322,0,30,1.60064e+08,4.94066e-323,6.95226e-310,ÎØÈÁÊÀ
3791,2.42092e-322,0,30,1.60064e+08,4.94066e-323,6.95226e-310,ÎØÈÁÊÀ
3792,2.42092e-322,0,30,1.60064e+08,4.94066e-323,6.95226e-310,ÎØÈÁÊÀ
3793,2.42092e-322,0,30,1.60064e+08,4.94066e-323,6.95226e-310,ÎØÈÁÊÀ
3794,2.42092e-322,0,30,1.60064e+08,4.94066e-323,6.95226e-310,ÎØÈÁÊÀ
3795,2.42092e-322,0,30,1.60064e+08,4.94066e-323,6.95226e-310,ÎØÈÁÊÀ
3796,2.42092e-322,0,30,1.60064e+08,4.94066e-323,6.95226e-310,ÎØÈÁÊÀ
3797,2.42092e-322,0,30,1.60064e+08,4.94066e-323,6.95226e-310,ÎØÈÁÊÀ
3798,2.42092e-322,0,30,1.60064e+08,4.94066e-323,6.95226e-310,ÎØÈÁÊÀ
3799,2.42092e-322,0,30,1.60064e+08,4.94066e-323,6.95226e-310,ÎØÈÁÊÀ
3800,2.42092e-322,0,30,1.60064e+08,4.94066e-323,6.95226e-310,ÎØÈÁÊÀ
3801,2.42092e-322,0,30,1.60064e+08,4.94066e-323,6.95226e-310,ÎØÈÁÊÀ
3802,2.42092e-322,0,30,1.60064e+08,4.94066e-323,6.95226e-310,ÎØÈÁÊÀ
3803,2.42092e-322,0,30,1.60064e+08,4.94066e-323,6.95226e-310,ÎØÈÁÊÀ
3804,2.42092e-322,0,30,1.60064e+08,4.94066e-323,6.95226e-310,ÎØÈÁÊÀ
3805,2.42092e-322,0,30,1.60064e+08,4.94066e-323,6.95226e-310,ÎØÈÁÊÀ
3806,2.42092e-322,0,30,1.60064e+08,4.94066e-323,6.95226e-310,ÎØÈÁÊÀ
3807,2.42092e-322,0,30,1.60064e+08,4.94066e-323,6.95226e-310,ÎØÈÁÊÀ
3808,2.42092e-322,0,30,1.60064e+08,4.94066e-323,6.95226e-310,ÎØÈÁÊÀ
3809,2.42092e-322,0,30,1.60064e+08,4.94066e-323,6.95226e-310,ÎØÈÁÊÀ
3810,2.42092e-322,0,30,1.60064e+08,4.94066e-323,6.95226e-310,ÎØÈÁÊÀ
3811,2.42092e-322,0,30,1.60064e+08,4.94066e-323,6.95226e-310,ÎØÈÁÊÀ
3812,2.42092e-322,0,30,1.60064e+08,4.94066e-323,6.95226e-310,ÎØÈÁÊÀ
3813,2.42092e-322,0,30,1.60064e+08,4.94066e-323,6.95226e-310,ÎØÈÁÊÀ
3814,2.42092e-322,0,30,1.60064e+08,4.94066e-323,6.95226e-310,ÎØÈÁÊÀ
3815,2.42092e-322,0,30,1.60064e+08,4.94066e-323,6.95226e-310,ÎØÈÁÊÀ
3816,2.42092e-322,0,30,1.60064e+08,4.94066e-323,6.95226e-310,ÎØÈÁÊÀ
3817,2.42092e-322,0,30,1.60064e+08,4.94066e-323,6.95226e-310,ÎØÈÁÊÀ
3818,2.42092e-322,0,30,1.60064e+08,4.94066e-323,6.95226e-310,ÎØÈÁÊÀ
3819,2.42092e-322,0,30,1.60064e+08,4.94066e-323,6.95226e-310,ÎØÈÁÊÀ
3820,2.42092e-322,0,30,1.60064e+08,4.94066e-323,6.95226e-310,ÎØÈÁÊÀ
3821,2.42092e-322,0,30,1.60064e+08,4.94066e-323,6.95226e-310,ÎØÈÁÊÀ
3822,2.42092e-322,0,30,1.60064e+08,4.94066e-323,6.95226e-310,ÎØÈÁÊÀ
3823,2.42092e-322,0,30,1.60064e+08,4.94066e-323,6.95226e-310,ÎØÈÁÊÀ
3824,2.42092e-322,0,30,1.60064e+08,4.94066e-323,6.95226e-310,ÎØÈÁÊÀ
3825,2.42092e-322,0,30,1.60064e+08,4.94066e-323,6.95226e-310,ÎØÈÁÊÀ
3826,2.42092e-322,0,30,1.60064e+08,4.94066e-323,6.95226e-310,ÎØÈÁÊÀ
3827,2.42092e-322,0,30,1.60064e+08,4.94066e-323,6.95226e-310,ÎØÈÁÊÀ
3828,2.42092e-322,0,30,1.60064e+08,4.94066e-323,6.95226e-310,ÎØÈÁÊÀ
3829,2.42092e-322,0,30,1.60064e+08,4.94066e-323,6.95226e-310,ÎØÈÁÊÀ
3830,2.42092e-322,0,30,1.60064e+08,4.94066e-323,6.95226e-310,ÎØÈÁÊÀ
3831,2.42092e-322,0,30,1.60064e+08,4.94066e-323,6.95226e-310,ÎØÈÁÊÀ
3832,2.42092e-322,0,30,1.60064e+08,4.94066e-323,6.95226e-310,ÎØÈÁÊÀ
3833,2.42092e-322,0,30,1.60064e+08,4.94066e-323,6.95226e-310,ÎØÈÁÊÀ
3834,2.42092e-322,0,30,1.60064e+08,4.94066e-323,6.95226e-310,ÎØÈÁÊÀ
3835,2.42092e-322,0,30,1.60064e+08,4.94066e-323,6.95226e-310,ÎØÈÁÊÀ
3836,2.42092e-322,0,30,1.60064e+08,4.94066e-323,6.95226e-310,ÎØÈÁÊÀ
3837,2.42092e-322,0,30,1.60064e+08,4.94066e-323,6.95226e-310,ÎØÈÁÊÀ
3838,2.42092e-322,0,30,1.60064e+08,4.94066e-323,6.95226e-310,ÎØÈÁÊÀ
3839,2.42092e-322,0,30,1.60064e+08,4.94066e-323,6.95226e-310,ÎØÈÁÊÀ
3840,2.42092e-322,0,30,1.60064e+08,4.94066e-323,6.95226e-310,ÎØÈÁÊÀ
3841,2.42092e-322,0,30,1.60064e+08,4.94066e-323,6.95226e-310,ÎØÈÁÊÀ
3842,2.42092e-322,0,30,1.60064e+08,4.94066e-323,6.95226e-310,ÎØÈÁÊÀ
3843,2.42092e-322,0,30,1.60064e+08,4.94066e-323,6.95226e-310,ÎØÈÁÊÀ
3844,2.42092e-322,0,30,1.60064e+08,4.94066e-323,6.95226e-310,ÎØÈÁÊÀ
3845,2.42092e-322,0,30,1.60064e+08,4.94066e-323,6.95226e-310,ÎØÈÁÊÀ
3846,2.42092e-322,0,30,1.60064e+08,4.94066e-323,6.95226e-310,ÎØÈÁÊÀ
3847,2.42092e-322,0,30,1.60064e+08,4.94066e-323,6.95226e-310,ÎØÈÁÊÀ
3848,2.42092e-322,0,30,1.60064e+08,4.94066e-323,6.95226e-310,ÎØÈÁÊÀ
3849,2.42092e-322,0,30,1.60072e+08,4.94066e-323,6.95226e-310,ÎØÈÁÊÀ
3850,2.42092e-322,0,30,1.60072e+08,4.94066e-323,6.95226e-310,ÎØÈÁÊÀ
3851,2.42092e-322,0,30,1.60072e+08,4.94066e-323,6.95226e-310,ÎØÈÁÊÀ
3852,2.42092e-322,0,30,1.60072e+08,4.94066e-323,6.95226e-310,ÎØÈÁÊÀ
3853,2.42092e-322,0,30,1.60072e+08,4.94066e-323,6.95226e-310,ÎØÈÁÊÀ
3854,2.42092e-322,0,30,1.60072e+08,4.94066e-323,6.95226e-310,ÎØÈÁÊÀ
3855,2.42092e-322,0,30,1.60072e+08,4.94066e-323,6.95226e-310,ÎØÈÁÊÀ
3856,2.42092e-322,0,30,1.60072e+08,4.94066e-323,6.95226e-310,ÎØÈÁÊÀ
3857,2.42092e-322,0,30,1.60072e+08,4.94066e-323,6.95226e-310,ÎØÈÁÊÀ
3858,2.42092e-322,0,30,1.60072e+08,4.94066e-323,6.95226e-310,ÎØÈÁÊÀ
3859,2.42092e-322,0,30,1.60072e+08,4.94066e-323,6.95226e-310,ÎØÈÁÊÀ
3860,2.42092e-322,0,30,1.60072e+08,4.94066e-323,6.95226e-310,ÎØÈÁÊÀ
3861,2.42092e-322,0,30,1.60072e+08,4.94066e-323,6.95226e-310,ÎØÈÁÊÀ
3862,2.42092e-322,0,30,1.60072e+08,4.94066e-323,6.95226e-310,ÎØÈÁÊÀ
3863,2.42092e-322,0,30,1.60072e+08,4.94066e-323,6.95226e-310,ÎØÈÁÊÀ
3864,2.42092e-322,0,30,1.60072e+08,4.94066e-323,6.95226e-310,ÎØÈÁÊÀ
3865,2.42092e-322,0,30,1.60072e+08,4.94066e-323,6.95226e-310,ÎØÈÁÊÀ
3866,2.42092e-322,0,30,1.60072e+08,4.94066e-323,6.95226e-310,ÎØÈÁÊÀ
3867,2.42092e-322,0,30,1.60072e+08,4.94066e-323,6.95226e-310,ÎØÈÁÊÀ
3868,2.42092e-322,0,30,1.60072e+08,4.94066e-323,6.95226e-310,ÎØÈÁÊÀ
3869,2.42092e-322,0,30,1.60072e+08,4.94066e-323,6.95226e-310,ÎØÈÁÊÀ
3870,2.42092e-322,0,30,1.60072e+08,4.94066e-323,6.95226e-310,ÎØÈÁÊÀ
3871,2.42092e-322,0,30,1.60072e+08,4.94066e-323,6.95226e-310,ÎØÈÁÊÀ
3872,2.42092e-322,0,30,1.60072e+08,4.94066e-323,6.95226e-310,ÎØÈÁÊÀ
3873,2.42092e-322,0,30,1.60072e+08,4.94066e-323,6.95226e-310,ÎØÈÁÊÀ
3874,2.42092e-322,0,30,1.60072e+08,4.94066e-323,6.95226e-310,ÎØÈÁÊÀ
3875,2.42092e-322,0,30,1.60072e+08,4.94066e-323,6.95226e-310,ÎØÈÁÊÀ
3876,2.42092e-322,0,30,1.60072e+08,4.94066e-323,6.95226e-310,ÎØÈÁÊÀ
3877,2.42092e-322,0,30,1.60072e+08,4.94066e-323,6.95226e-310,ÎØÈÁÊÀ
3878,2.42092e-322,0,30,1.60072e+08,4.94066e-323,6.95226e-310,ÎØÈÁÊÀ
3879,2.42092e-322,0,30,1.60072e+08,4.94066e-323,6.95226e-310,ÎØÈÁÊÀ
3880,2.42092e-322,0,30,1.60072e+08,4.94066e-323,6.95226e-310,ÎØÈÁÊÀ
3881,2.42092e-322,0,30,1.60072e+08,4.94066e-323,6.95226e-310,ÎØÈÁÊÀ
3882,2.42092e-322,0,30,1.60072e+08,4.94066e-323,6.95226e-310,ÎØÈÁÊÀ
3883,2.42092e-322,0,30,1.60072e+08,4.94066e-323,6.95226e-310,ÎØÈÁÊÀ
3884,2.42092e-322,0,30,1.60072e+08,4.94066e-323,6.95226e-310,ÎØÈÁÊÀ
3885,2.42092e-322,0,30,1.60072e+08,4.94066e-323,6.95226e-310,ÎØÈÁÊÀ
3886,2.42092e-322,0,30,1.60072e+08,4.94066e-323,6.95226e-310,ÎØÈÁÊÀ
3887,2.42092e-322,0,30,1.60072e+08,4.94066e-323,6.95226e-310,ÎØÈÁÊÀ
3888,2.42092e-322,0,30,1.60072e+08,4.94066e-323,6.95226e-310,ÎØÈÁÊÀ
3889,2.42092e-322,0,30,1.60072e+08,4.94066e-323,6.95226e-310,ÎØÈÁÊÀ
3890,2.42092e-322,0,30,1.60072e+08,4.94066e-323,6.95226e-310,ÎØÈÁÊÀ
3891,2.42092e-322,0,30,1.60072e+08,4.94066e-323,6.95226e-310,ÎØÈÁÊÀ
3892,2.42092e-322,0,30,1.60072e+08,4.94066e-323,6.95226e-310,ÎØÈÁÊÀ
3893,2.42092e-322,0,30,1.60072e+08,4.94066e-323,6.95226e-310,ÎØÈÁÊÀ
3894,2.42092e-322,0,30,1.60072e+08,4.94066e-323,6.95226e-310,ÎØÈÁÊÀ
3895,2.42092e-322,0,30,1.60072e+08,4.94066e-323,6.95226e-310,ÎØÈÁÊÀ
3896,2.42092e-322,0,30,1.60072e+08,4.94066e-323,6.95226e-310,ÎØÈÁÊÀ
3897,2.42092e-322,0,30,1.60072e+08,4.94066e-323,6.95226e-310,ÎØÈÁÊÀ
3898,2.42092e-322,0,30,1.60072e+08,4.94066e-323,6.95226e-310,ÎØÈÁÊÀ
3899,2.42092e-322,0,30,1.60072e+08,4.94066e-323,6.95226e-310,ÎØÈÁÊÀ
3900,2.42092e-322,0,30,1.60072e+08,4.94066e-323,6.95226e-310,ÎØÈÁÊÀ
3901,2.42092e-322,0,30,1.60072e+08,4.94066e-323,6.95226e-310,ÎØÈÁÊÀ
3902,2.42092e-322,0,30,1.60072e+08,4.94066e-323,6.95226e-310,ÎØÈÁÊÀ
3903,2.42092e-322,0,30,1.60072e+08,4.94066e-323,6.95226e-310,ÎØÈÁÊÀ
3904,2.42092e-322,0,30,1.60072e+08,4.94066e-323,6.95226e-310,ÎØÈÁÊÀ
3905,2.42092e-322,0,30,1.60072e+08,4.94066e-323,6.95226e-310,ÎØÈÁÊÀ
3906,2.42092e-322,0,30,1.60072e+08,4.94066e-323,6.95226e-310,ÎØÈÁÊÀ
3907,2.42092e-322,0,30,1.60072e+08,4.94066e-323,6.95226e-310,ÎØÈÁÊÀ
3908,2.42092e-322,0,30,1.60072e+08,4.94066e-323,6.95226e-310,ÎØÈÁÊÀ
3909,2.42092e-322,0,30,1.60072e+08,4.94066e-323,6.95226e-310,ÎØÈÁÊÀ
3910,2.42092e-322,0,30,1.60072e+08,4.94066e-323,6.95226e-310,ÎØÈÁÊÀ
3911,2.42092e-322,0,30,1.60072e+08,4.94066e-323,6.95226e-310,ÎØÈÁÊÀ
3912,2.42092e-322,0,30,1.60072e+08,4.94066e-323,6.95226e-310,ÎØÈÁÊÀ
3913,2.42092e-322,0,30,1.60072e+08,4.94066e-323,6.95226e-310,ÎØÈÁÊÀ
3914,2.42092e-322,0,30,1.60072e+08,4.94066e-323,6.95226e-310,ÎØÈÁÊÀ
3915,2.42092e-322,0,30,1.60072e+08,4.94066e-323,6.95226e-310,ÎØÈÁÊÀ
3916,2.42092e-322,0,30,1.60072e+08,4.94066e-323,6.95226e-310,ÎØÈÁÊÀ
3917,2.42092e-322,0,30,1.60072e+08,4.94066e-323,6.95226e-310,ÎØÈÁÊÀ
3918,2.42092e-322,0,30,1.60072e+08,4.94066e-323,6.95226e-310,ÎØÈÁÊÀ
3919,2.42092e-322,0,30,1.60072e+08,4.94066e-323,6.95226e-310,ÎØÈÁÊÀ
3920,2.42092e-322,0,30,1.60072e+08,4.94066e-323,6.95226e-310,ÎØÈÁÊÀ
3921,2.42092e-322,0,30,1.60072e+08,4.94066e-323,6.95226e-310,ÎØÈÁÊÀ
3922,2.42092e-322,0,30,1.60072e+08,4.94066e-323,6.95226e-310,ÎØÈÁÊÀ
3923,2.42092e-322,0,30,1.60072e+08,4.94066e-323,6.95226e-310,ÎØÈÁÊÀ
3924,2.42092e-322,0,30,1.60072e+08,4.94066e-323,6.95226e-310,ÎØÈÁÊÀ
3925,2.42092e-322,0,30,1.60072e+08,4.94066e-323,6.95226e-310,ÎØÈÁÊÀ
3926,2.42092e-322,0,30,1.60072e+08,4.94066e-323,6.95226e-310,ÎØÈÁÊÀ
3927,2.42092e-322,0,30,1.60072e+08,4.94066e-323,6.95226e-310,ÎØÈÁÊÀ
3928,2.42092e-322,0,30,1.60072e+08,4.94066e-323,6.95226e-310,ÎØÈÁÊÀ
3929,2.42092e-322,0,30,1.60072e+08,4.94066e-323,6.95226e-310,ÎØÈÁÊÀ
3930,2.42092e-322,0,30,1.60072e+08,4.94066e-323,6.95226e-310,ÎØÈÁÊÀ
3931,2.42092e-322,0,30,1.60072e+08,4.94066e-323,6.95226e-310,ÎØÈÁÊÀ
3932,2.42092e-322,0,30,1.60072e+08,4.94066e-323,6.95226e-310,ÎØÈÁÊÀ
3933,2.42092e-322,0,30,1.60072e+08,4.94066e-323,6.95226e-310,ÎØÈÁÊÀ
3934,2.42092e-322,0,30,1.60072e+08,4.94066e-323,6.95226e-310,ÎØÈÁÊÀ
3935,2.42092e-322,0,30,1.60072e+08,4.94066e-323,6.95226e-310,ÎØÈÁÊÀ
3936,2.42092e-322,0,30,1.60072e+08,4.94066e-323,6.95226e-310,ÎØÈÁÊÀ
3937,2.42092e-322,0,30,1.60072e+08,4.94066e-323,6.95226e-310,ÎØÈÁÊÀ
3938,2.42092e-322,0,30,1.60072e+08,4.94066e-323,6.95226e-310,ÎØÈÁÊÀ
3939,2.42092e-322,0,30,1.60072e+08,4.94066e-323,6.95226e-310,ÎØÈÁÊÀ
3940,2.42092e-322,0,30,1.60072e+08,4.94066e-323,6.95226e-310,ÎØÈÁÊÀ
3941,2.42092e-322,0,30,1.60072e+08,4.94066e-323,6.95226e-310,ÎØÈÁÊÀ
3942,2.42092e-322,0,30,1.60072e+08,4.94066e-323,6.95226e-310,ÎØÈÁÊÀ
3943,2.42092e-322,0,30,1.60072e+08,4.94066e-323,6.95226e-310,ÎØÈÁÊÀ
3944,2.42092e-322,0,30,1.60072e+08,4.94066e-323,6.95226e-310,ÎØÈÁÊÀ
3945,2.42092e-322,0,30,1.60072e+08,4.94066e-323,6.95226e-310,ÎØÈÁÊÀ
3946,2.42092e-322,0,30,1.60072e+08,4.94066e-323,6.95226e-310,ÎØÈÁÊÀ
3947,2.42092e-322,0,30,1.60072e+08,4.94066e-323,6.95226e-310,ÎØÈÁÊÀ
3948,2.42092e-322,0,30,1.60072e+08,4.94066e-323,6.95226e-310,ÎØÈÁÊÀ
3949,2.42092e-322,0,30,1.60072e+08,4.94066e-323,6.95226e-310,ÎØÈÁÊÀ
3950,2.42092e-322,0,30,1.60072e+08,4.94066e-323,6.95226e-310,ÎØÈÁÊÀ
3951,2.42092e-322,0,30,1.60072e+08,4.94066e-323,6.95226e-310,ÎØÈÁÊÀ
3952,2.42092e-322,0,30,1.60072e+08,4.94066e-323,6.95226e-310,ÎØÈÁÊÀ
3953,2.42092e-322,0,30,1.60072e+08,4.94066e-323,6.95226e-310,ÎØÈÁÊÀ
3954,2.42092e-322,0,30,1.60072e+08,4.94066e-323,6.95226e-310,ÎØÈÁÊÀ
3955,2.42092e-322,0,30,1.60072e+08,4.94066e-323,6.95226e-310,ÎØÈÁÊÀ
3956,2.42092e-322,0,30,1.60072e+08,4.94066e-323,6.95226e-310,ÎØÈÁÊÀ
3957,2.42092e-322,0,30,1.60072e+08,4.94066e-323,6.95226e-310,ÎØÈÁÊÀ
3958,2.42092e-322,0,30,1.60072e+08,4.94066e-323,6.95226e-310,ÎØÈÁÊÀ
3959,2.42092e-322,0,30,1.60072e+08,4.94066e-323,6.95226e-310,ÎØÈÁÊÀ
3960,2.42092e-322,0,30,1.60072e+08,4.94066e-323,6.95226e-310,ÎØÈÁÊÀ
3961,2.42092e-322,0,30,1.60072e+08,4.94066e-323,6.95226e-310,ÎØÈÁÊÀ
3962,2.42092e-322,0,30,1.60072e+08,4.94066e-323,6.95226e-310,ÎØÈÁÊÀ
3963,2.42092e-322,0,30,1.60072e+08,4.94066e-323,6.95226e-310,ÎØÈÁÊÀ
3964,2.42092e-322,0,30,1.60072e+08,4.94066e-323,6.95226e-310,ÎØÈÁÊÀ
3965,2.42092e-322,0,30,1.60072e+08,4.94066e-323,6.95226e-310,ÎØÈÁÊÀ
3966,2.42092e-322,0,30,1.60072e+08,4.94066e-323,6.95226e-310,ÎØÈÁÊÀ
3967,2.42092e-322,0,30,1.60072e+08,4.94066e-323,6.95226e-310,ÎØÈÁÊÀ
3968,2.42092e-322,0,30,1.60072e+08,4.94066e-323,6.95226e-310,ÎØÈÁÊÀ
3969,2.42092e-322,0,30,1.60081e+08,4.94066e-323,6.95226e-310,ÎØÈÁÊÀ
3970,2.42092e-322,0,30,1.60081e+08,4.94066e-323,6.95226e-310,ÎØÈÁÊÀ
3971,2.42092e-322,0,30,1.60081e+08,4.94066e-323,6.95226e-310,ÎØÈÁÊÀ
3972,2.42092e-322,0,30,1.60081e+08,4.94066e-323,6.95226e-310,ÎØÈÁÊÀ
3973,2.42092e-322,0,30,1.60081e+08,4.94066e-323,6.95226e-310,ÎØÈÁÊÀ
3974,2.42092e-322,0,30,1.60081e+08,4.94066e-323,6.95226e-310,ÎØÈÁÊÀ
3975,2.42092e-322,0,30,1.60081e+08,4.94066e-323,6.95226e-310,ÎØÈÁÊÀ
3976,2.42092e-322,0,30,1.60081e+08,4.94066e-323,6.95226e-310,ÎØÈÁÊÀ
3977,2.42092e-322,0,30,1.60081e+08,4.94066e-323,6.95226e-310,ÎØÈÁÊÀ
3978,2.42092e-322,0,30,1.60081e+08,4.94066e-323,6.95226e-310,ÎØÈÁÊÀ
3979,2.42092e-322,0,30,1.60081e+08,4.94066e-323,6.95226e-310,ÎØÈÁÊÀ
3980,2.42092e-322,0,30,1.60081e+08,4.94066e-323,6.95226e-310,ÎØÈÁÊÀ
3981,2.42092e-322,0,30,1.60081e+08,4.94066e-323,6.95226e-310,ÎØÈÁÊÀ
3982,2.42092e-322,0,30,1.60081e+08,4.94066e-323,6.95226e-310,ÎØÈÁÊÀ
3983,2.42092e-322,0,30,1.60081e+08,4.94066e-323,6.95226e-310,ÎØÈÁÊÀ
3984,2.42092e-322,0,30,1.60081e+08,4.94066e-323,6.95226e-310,ÎØÈÁÊÀ
3985,2.42092e-322,0,30,1.60081e+08,4.94066e-323,6.95226e-310,ÎØÈÁÊÀ
3986,2.42092e-322,0,30,1.60081e+08,4.94066e-323,6.95226e-310,ÎØÈÁÊÀ
3987,2.42092e-322,0,30,1.60081e+08,4.94066e-323,6.95226e-310,ÎØÈÁÊÀ
3988,2.42092e-322,0,30,1.60081e+08,4.94066e-323,6.95226e-310,ÎØÈÁÊÀ
3989,2.42092e-322,0,30,1.60081e+08,4.94066e-323,6.95226e-310,ÎØÈÁÊÀ
3990,2.42092e-322,0,30,1.60081e+08,4.94066e-323,6.95226e-310,ÎØÈÁÊÀ
3991,2.42092e-322,0,30,1.60081e+08,4.94066e-323,6.95226e-310,ÎØÈÁÊÀ
3992,2.42092e-322,0,30,1.60081e+08,4.94066e-323,6.95226e-310,ÎØÈÁÊÀ
3993,2.42092e-322,0,30,1.60081e+08,4.94066e-323,6.95226e-310,ÎØÈÁÊÀ
3994,2.42092e-322,0,30,1.60081e+08,4.94066e-323,6.95226e-310,ÎØÈÁÊÀ
3995,2.42092e-322,0,30,1.60081e+08,4.94066e-323,6.95226e-310,ÎØÈÁÊÀ
3996,2.42092e-322,0,30,1.60081e+08,4.94066e-323,6.95226e-310,ÎØÈÁÊÀ
3997,2.42092e-322,0,30,1.60081e+08,4.94066e-323,6.95226e-310,ÎØÈÁÊÀ
3998,2.42092e-322,0,30,1.60081e+08,4.94066e-323,6.95226e-310,ÎØÈÁÊÀ
3999,2.42092e-322,0,30,1.60081e+08,4.94066e-323,6.95226e-310,ÎØÈÁÊÀ
4000,2.42092e-322,0,30,1.60081e+08,4.94066e-323,6.95226e-310,ÎØÈÁÊÀ
4001,2.42092e-322,0,30,1.60081e+08,4.94066e-323,6.95226e-310,ÎØÈÁÊÀ
4002,2.42092e-322,0,30,1.60081e+08,4.94066e-323,6.95226e-310,ÎØÈÁÊÀ
4003,2.42092e-322,0,30,1.60081e+08,4.94066e-323,6.95226e-310,ÎØÈÁÊÀ
4004,2.42092e-322,0,30,1.60081e+08,4.94066e-323,6.95226e-310,ÎØÈÁÊÀ
4005,2.42092e-322,0,30,1.60081e+08,4.94066e-323,6.95226e-310,ÎØÈÁÊÀ
4006,2.42092e-322,0,30,1.60081e+08,4.94066e-323,6.95226e-310,ÎØÈÁÊÀ
4007,2.42092e-322,0,30,1.60081e+08,4.94066e-323,6.95226e-310,ÎØÈÁÊÀ
4008,2.42092e-322,0,30,1.60081e+08,4.94066e-323,6.95226e-310,ÎØÈÁÊÀ
4009,2.42092e-322,0,30,1.60081e+08,4.94066e-323,6.95226e-310,ÎØÈÁÊÀ
4010,2.42092e-322,0,30,1.60081e+08,4.94066e-323,6.95226e-310,ÎØÈÁÊÀ
4011,2.42092e-322,0,30,1.60081e+08,4.94066e-323,6.95226e-310,ÎØÈÁÊÀ
4012,2.42092e-322,0,30,1.60081e+08,4.94066e-323,6.95226e-310,ÎØÈÁÊÀ
4013,2.42092e-322,0,30,1.60081e+08,4.94066e-323,6.95226e-310,ÎØÈÁÊÀ
4014,2.42092e-322,0,30,1.60081e+08,4.94066e-323,6.95226e-310,ÎØÈÁÊÀ
4015,2.42092e-322,0,30,1.60081e+08,4.94066e-323,6.95226e-310,ÎØÈÁÊÀ
4016,2.42092e-322,0,30,1.60081e+08,4.94066e-323,6.95226e-310,ÎØÈÁÊÀ
4017,2.42092e-322,0,30,1.60081e+08,4.94066e-323,6.95226e-310,ÎØÈÁÊÀ
4018,2.42092e-322,0,30,1.60081e+08,4.94066e-323,6.95226e-310,ÎØÈÁÊÀ
4019,2.42092e-322,0,30,1.60081e+08,4.94066e-323,6.95226e-310,ÎØÈÁÊÀ
4020,2.42092e-322,0,30,1.60081e+08,4.94066e-323,6.95226e-310,ÎØÈÁÊÀ
4021,2.42092e-322,0,30,1.60081e+08,4.94066e-323,6.95226e-310,ÎØÈÁÊÀ
4022,2.42092e-322,0,30,1.60081e+08,4.94066e-323,6.95226e-310,ÎØÈÁÊÀ
4023,2.42092e-322,0,30,1.60081e+08,4.94066e-323,6.95226e-310,ÎØÈÁÊÀ
4024,2.42092e-322,0,30,1.60081e+08,4.94066e-323,6.95226e-310,ÎØÈÁÊÀ
4025,2.42092e-322,0,30,1.60081e+08,4.94066e-323,6.95226e-310,ÎØÈÁÊÀ
4026,2.42092e-322,0,30,1.60081e+08,4.94066e-323,6.95226e-310,ÎØÈÁÊÀ
4027,2.42092e-322,0,30,1.60081e+08,4.94066e-323,6.95226e-310,ÎØÈÁÊÀ
4028,2.42092e-322,0,30,1.60081e+08,4.94066e-323,6.95226e-310,ÎØÈÁÊÀ
4029,2.42092e-322,0,30,1.60081e+08,4.94066e-323,6.95226e-310,ÎØÈÁÊÀ
4030,2.42092e-322,0,30,1.60081e+08,4.94066e-323,6.95226e-310,ÎØÈÁÊÀ
4031,2.42092e-322,0,30,1.60081e+08,4.94066e-323,6.95226e-310,ÎØÈÁÊÀ
4032,2.42092e-322,0,30,1.60081e+08,4.94066e-323,6.95226e-310,ÎØÈÁÊÀ
4033,2.42092e-322,0,30,1.60081e+08,4.94066e-323,6.95226e-310,ÎØÈÁÊÀ
4034,2.42092e-322,0,30,1.60081e+08,4.94066e-323,6.95226e-310,ÎØÈÁÊÀ
4035,2.42092e-322,0,30,1.60081e+08,4.94066e-323,6.95226e-310,ÎØÈÁÊÀ
4036,2.42092e-322,0,30,1.60081e+08,4.94066e-323,6.95226e-310,ÎØÈÁÊÀ
4037,2.42092e-322,0,30,1.60081e+08,4.94066e-323,6.95226e-310,ÎØÈÁÊÀ
4038,2.42092e-322,0,30,1.60081e+08,4.94066e-323,6.95226e-310,ÎØÈÁÊÀ
4039,2.42092e-322,0,30,1.60081e+08,4.94066e-323,6.95226e-310,ÎØÈÁÊÀ
4040,2.42092e-322,0,30,1.60081e+08,4.94066e-323,6.95226e-310,ÎØÈÁÊÀ
4041,2.42092e-322,0,30,1.60081e+08,4.94066e-323,6.95226e-310,ÎØÈÁÊÀ
4042,2.42092e-322,0,30,1.60081e+08,4.94066e-323,6.95226e-310,ÎØÈÁÊÀ
4043,2.42092e-322,0,30,1.60081e+08,4.94066e-323,6.95226e-310,ÎØÈÁÊÀ
4044,2.42092e-322,0,30,1.60081e+08,4.94066e-323,6.95226e-310,ÎØÈÁÊÀ
4045,2.42092e-322,0,30,1.60081e+08,4.94066e-323,6.95226e-310,ÎØÈÁÊÀ
4046,2.42092e-322,0,30,1.60081e+08,4.94066e-323,6.95226e-310,ÎØÈÁÊÀ
4047,2.42092e-322,0,30,1.60081e+08,4.94066e-323,6.95226e-310,ÎØÈÁÊÀ
4048,2.42092e-322,0,30,1.60081e+08,4.94066e-323,6.95226e-310,ÎØÈÁÊÀ
4049,2.42092e-322,0,30,1.60081e+08,4.94066e-323,6.95226e-310,ÎØÈÁÊÀ
4050,2.42092e-322,0,30,1.60081e+08,4.94066e-323,6.95226e-310,ÎØÈÁÊÀ
4051,2.42092e-322,0,30,1.60081e+08,4.94066e-323,6.95226e-310,ÎØÈÁÊÀ
4052,2.42092e-322,0,30,1.60081e+08,4.94066e-323,6.95226e-310,ÎØÈÁÊÀ
4053,2.42092e-322,0,30,1.60081e+08,4.94066e-323,6.95226e-310,ÎØÈÁÊÀ
4054,2.42092e-322,0,30,1.60081e+08,4.94066e-323,6.95226e-310,ÎØÈÁÊÀ
4055,2.42092e-322,0,30,1.60081e+08,4.94066e-323,6.95226e-310,ÎØÈÁÊÀ
4056,2.42092e-322,0,30,1.60081e+08,4.94066e-323,6.95226e-310,ÎØÈÁÊÀ
4057,2.42092e-322,0,30,1.60081e+08,4.94066e-323,6.95226e-310,ÎØÈÁÊÀ
4058,2.42092e-322,0,30,1.60081e+08,4.94066e-323,6.95226e-310,ÎØÈÁÊÀ
4059,2.42092e-322,0,30,1.60081e+08,4.94066e-323,6.95226e-310,ÎØÈÁÊÀ
4060,2.42092e-322,0,30,1.60081e+08,4.94066e-323,6.95226e-310,ÎØÈÁÊÀ
4061,2.42092e-322,0,30,1.60081e+08,4.94066e-323,6.95226e-310,ÎØÈÁÊÀ
4062,2.42092e-322,0,30,1.60081e+08,4.94066e-323,6.95226e-310,ÎØÈÁÊÀ
4063,2.42092e-322,0,30,1.60081e+08,4.94066e-323,6.95226e-310,ÎØÈÁÊÀ
4064,2.42092e-322,0,30,1.60081e+08,4.94066e-323,6.95226e-310,ÎØÈÁÊÀ
4065,2.42092e-322,0,30,1.60081e+08,4.94066e-323,6.95226e-310,ÎØÈÁÊÀ
4066,2.42092e-322,0,30,1.60081e+08,4.94066e-323,6.95226e-310,ÎØÈÁÊÀ
4067,2.42092e-322,0,30,1.60081e+08,4.94066e-323,6.95226e-310,ÎØÈÁÊÀ
4068,2.42092e-322,0,30,1.60081e+08,4.94066e-323,6.95226e-310,ÎØÈÁÊÀ
4069,2.42092e-322,0,30,1.60081e+08,4.94066e-323,6.95226e-310,ÎØÈÁÊÀ
4070,2.42092e-322,0,30,1.60081e+08,4.94066e-323,6.95226e-310,ÎØÈÁÊÀ
4071,2.42092e-322,0,30,1.60081e+08,4.94066e-323,6.95226e-310,ÎØÈÁÊÀ
4072,2.42092e-322,0,30,1.60081e+08,4.94066e-323,6.95226e-310,ÎØÈÁÊÀ
4073,2.42092e-322,0,30,1.60081e+08,4.94066e-323,6.95226e-310,ÎØÈÁÊÀ
4074,2.42092e-322,0,30,1.60081e+08,4.94066e-323,6.95226e-310,ÎØÈÁÊÀ
4075,2.42092e-322,0,30,1.60081e+08,4.94066e-323,6.95226e-310,ÎØÈÁÊÀ
4076,2.42092e-322,0,30,1.60081e+08,4.94066e-323,6.95226e-310,ÎØÈÁÊÀ
4077,2.42092e-322,0,30,1.60081e+08,4.94066e-323,6.95226e-310,ÎØÈÁÊÀ
4078,2.42092e-322,0,30,1.60081e+08,4.94066e-323,6.95226e-310,ÎØÈÁÊÀ
4079,2.42092e-322,0,30,1.60081e+08,4.94066e-323,6.95226e-310,ÎØÈÁÊÀ
4080,2.42092e-322,0,30,1.60081e+08,4.94066e-323,6.95226e-310,ÎØÈÁÊÀ
4081,2.42092e-322,0,30,1.60081e+08,4.94066e-323,6.95226e-310,ÎØÈÁÊÀ
4082,2.42092e-322,0,30,1.60081e+08,4.94066e-323,6.95226e-310,ÎØÈÁÊÀ
4083,2.42092e-322,0,30,1.60081e+08,4.94066e-323,6.95226e-310,ÎØÈÁÊÀ
4084,2.42092e-322,0,30,1.60081e+08,4.94066e-323,6.95226e-310,ÎØÈÁÊÀ
4085,2.42092e-322,0,30,1.60081e+08,4.94066e-323,6.95226e-310,ÎØÈÁÊÀ
4086,2.42092e-322,0,30,1.60081e+08,4.94066e-323,6.95226e-310,ÎØÈÁÊÀ
4087,2.42092e-322,0,30,1.60081e+08,4.94066e-323,6.95226e-310,ÎØÈÁÊÀ
4088,2.42092e-322,0,30,1.60081e+08,4.94066e-323,6.95226e-310,ÎØÈÁÊÀ
4089,2.42092e-322,0,30,1.60081e+08,4.94066e-323,6.95226e-310,ÎØÈÁÊÀ
4090,2.42092e-322,0,30,1.60081e+08,4.94066e-323,6.95226e-310,ÎØÈÁÊÀ
4091,2.42092e-322,0,30,1.60081e+08,4.94066e-323,6.95226e-310,ÎØÈÁÊÀ
4092,2.42092e-322,0,30,1.60081e+08,4.94066e-323,6.95226e-310,ÎØÈÁÊÀ
4093,2.42092e-322,0,30,1.60081e+08,4.94066e-323,6.95226e-310,ÎØÈÁÊÀ
4094,2.42092e-322,0,30,1.60081e+08,4.94066e-323,6.95226e-310,ÎØÈÁÊÀ
4095,2.42092e-322,0,30,1.60081e+08,4.94066e-323,6.95226e-310,ÎØÈÁÊÀ
4096,2.42092e-322,0,30,1.60081e+08,4.94066e-323,6.95226e-310,ÎØÈÁÊÀ
4097,2.42092e-322,0,30,1.60081e+08,4.94066e-323,6.95226e-310,ÎØÈÁÊÀ
4098,2.42092e-322,0,30,1.60081e+08,4.94066e-323,6.95226e-310,ÎØÈÁÊÀ
4099,2.42092e-322,0,30,1.60081e+08,4.94066e-323,6.95226e-310,ÎØÈÁÊÀ
4100,2.42092e-322,0,30,1.60081e+08,4.94066e-323,6.95226e-310,ÎØÈÁÊÀ
4101,2.42092e-322,0,30,1.60081e+08,4.94066e-323,6.95226e-310,ÎØÈÁÊÀ
4102,2.42092e-322,0,30,1.60081e+08,4.94066e-323,6.95226e-310,ÎØÈÁÊÀ
4103,2.42092e-322,0,30,1.60081e+08,4.94066e-323,6.95226e-310,ÎØÈÁÊÀ
4104,2.42092e-322,0,30,1.60081e+08,4.94066e-323,6.95226e-310,ÎØÈÁÊÀ
4105,2.42092e-322,0,30,1.60081e+08,4.94066e-323,6.95226e-310,ÎØÈÁÊÀ
4106,2.42092e-322,0,30,1.60081e+08,4.94066e-323,6.95226e-310,ÎØÈÁÊÀ
4107,2.42092e-322,0,30,1.60081e+08,4.94066e-323,6.95226e-310,ÎØÈÁÊÀ
4108,2.42092e-322,0,30,1.60081e+08,4.94066e-323,6.95226e-310,ÎØÈÁÊÀ
4109,2.42092e-322,0,30,1.60081e+08,4.94066e-323,6.95226e-310,ÎØÈÁÊÀ
4110,2.42092e-322,0,30,1.60081e+08,4.94066e-323,6.95226e-310,ÎØÈÁÊÀ
4111,2.42092e-322,0,30,1.60081e+08,4.94066e-323,6.95226e-310,ÎØÈÁÊÀ
4112,2.42092e-322,0,30,1.60081e+08,4.94066e-323,6.95226e-310,ÎØÈÁÊÀ
4113,2.42092e-322,0,30,1.60081e+08,4.94066e-323,6.95226e-310,ÎØÈÁÊÀ
4114,2.42092e-322,0,30,1.60081e+08,4.94066e-323,6.95226e-310,ÎØÈÁÊÀ
4115,2.42092e-322,0,30,1.601e+09,4.94066e-323,6.95226e-310,ÎØÈÁÊÀ
4116,2.42092e-322,0,30,1.601e+09,4.94066e-323,6.95226e-310,ÎØÈÁÊÀ
4117,2.42092e-322,0,30,1.601e+09,4.94066e-323,6.95226e-310,ÎØÈÁÊÀ
4118,2.42092e-322,0,30,1.601e+09,4.94066e-323,6.95226e-310,ÎØÈÁÊÀ
4119,2.42092e-322,0,30,1.601e+09,4.94066e-323,6.95226e-310,ÎØÈÁÊÀ
4120,2.42092e-322,0,30,1.601e+09,4.94066e-323,6.95226e-310,ÎØÈÁÊÀ
4121,2.42092e-322,0,30,1.601e+09,4.94066e-323,6.95226e-310,ÎØÈÁÊÀ
4122,2.42092e-322,0,30,1.601e+09,4.94066e-323,6.95226e-310,ÎØÈÁÊÀ
4123,2.42092e-322,0,30,1.601e+09,4.94066e-323,6.95226e-310,ÎØÈÁÊÀ
4124,2.42092e-322,0,30,1.601e+09,4.94066e-323,6.95226e-310,ÎØÈÁÊÀ
4125,2.42092e-322,0,30,1.601e+09,4.94066e-323,6.95226e-310,ÎØÈÁÊÀ
4126,2.42092e-322,0,30,1.601e+09,4.94066e-323,6.95226e-310,ÎØÈÁÊÀ
4127,2.42092e-322,0,30,1.601e+09,4.94066e-323,6.95226e-310,ÎØÈÁÊÀ
4128,2.42092e-322,0,30,1.601e+09,4.94066e-323,6.95226e-310,ÎØÈÁÊÀ
4129,2.42092e-322,0,30,1.601e+09,4.94066e-323,6.95226e-310,ÎØÈÁÊÀ
4130,2.42092e-322,0,30,1.601e+09,4.94066e-323,6.95226e-310,ÎØÈÁÊÀ
4131,2.42092e-322,0,30,1.601e+09,4.94066e-323,6.95226e-310,ÎØÈÁÊÀ
4132,2.42092e-322,0,30,1.601e+09,4.94066e-323,6.95226e-310,ÎØÈÁÊÀ
4133,2.42092e-322,0,30,1.601e+09,4.94066e-323,6.95226e-310,ÎØÈÁÊÀ
4134,2.42092e-322,0,30,1.601e+09,4.94066e-323,6.95226e-310,ÎØÈÁÊÀ
4135,2.42092e-322,0,30,1.601e+09,4.94066e-323,6.95226e-310,ÎØÈÁÊÀ
4136,2.42092e-322,0,30,1.601e+09,4.94066e-323,6.95226e-310,ÎØÈÁÊÀ
4137,2.42092e-322,0,30,1.601e+09,4.94066e-323,6.95226e-310,ÎØÈÁÊÀ
4138,2.42092e-322,0,30,1.601e+09,4.94066e-323,6.95226e-310,ÎØÈÁÊÀ
4139,2.42092e-322,0,30,1.601e+09,4.94066e-323,6.95226e-310,ÎØÈÁÊÀ
4140,2.42092e-322,0,30,1.601e+09,4.94066e-323,6.95226e-310,ÎØÈÁÊÀ
4141,2.42092e-322,0,30,1.601e+09,4.94066e-323,6.95226e-310,ÎØÈÁÊÀ
4142,2.42092e-322,0,30,1.601e+09,4.94066e-323,6.95226e-310,ÎØÈÁÊÀ
4143,2.42092e-322,0,30,1.601e+09,4.94066e-323,6.95226e-310,ÎØÈÁÊÀ
4144,2.42092e-322,0,30,1.601e+09,4.94066e-323,6.95226e-310,ÎØÈÁÊÀ
4145,2.42092e-322,0,30,1.601e+09,4.94066e-323,6.95226e-310,ÎØÈÁÊÀ
4146,2.42092e-322,0,30,1.601e+09,4.94066e-323,6.95226e-310,ÎØÈÁÊÀ
4147,2.42092e-322,0,30,1.601e+09,4.94066e-323,6.95226e-310,ÎØÈÁÊÀ
4148,2.42092e-322,0,30,1.601e+09,4.94066e-323,6.95226e-310,ÎØÈÁÊÀ
4149,2.42092e-322,0,30,1.601e+09,4.94066e-323,6.95226e-310,ÎØÈÁÊÀ
4150,2.42092e-322,0,30,1.601e+09,4.94066e-323,6.95226e-310,ÎØÈÁÊÀ
4151,2.42092e-322,0,30,1.601e+09,4.94066e-323,6.95226e-310,ÎØÈÁÊÀ
4152,2.42092e-322,0,30,1.601e+09,4.94066e-323,6.95226e-310,ÎØÈÁÊÀ
4153,2.42092e-322,0,30,1.601e+09,4.94066e-323,6.95226e-310,ÎØÈÁÊÀ
4154,2.42092e-322,0,30,1.601e+09,4.94066e-323,6.95226e-310,ÎØÈÁÊÀ
4155,2.42092e-322,0,30,1.601e+09,4.94066e-323,6.95226e-310,ÎØÈÁÊÀ
4156,2.42092e-322,0,30,1.601e+09,4.94066e-323,6.95226e-310,ÎØÈÁÊÀ
4157,2.42092e-322,0,30,1.601e+09,4.94066e-323,6.95226e-310,ÎØÈÁÊÀ
4158,2.42092e-322,0,30,1.601e+09,4.94066e-323,6.95226e-310,ÎØÈÁÊÀ
4159,2.42092e-322,0,30,1.601e+09,4.94066e-323,6.95226e-310,ÎØÈÁÊÀ
4160,2.42092e-322,0,30,1.601e+09,4.94066e-323,6.95226e-310,ÎØÈÁÊÀ
4161,2.42092e-322,0,30,1.601e+09,4.94066e-323,6.95226e-310,ÎØÈÁÊÀ
4162,2.42092e-322,0,30,1.601e+09,4.94066e-323,6.95226e-310,ÎØÈÁÊÀ
4163,2.42092e-322,0,30,1.601e+09,4.94066e-323,6.95226e-310,ÎØÈÁÊÀ
4164,2.42092e-322,0,30,1.601e+09,4.94066e-323,6.95226e-310,ÎØÈÁÊÀ
4165,2.42092e-322,0,30,1.601e+09,4.94066e-323,6.95226e-310,ÎØÈÁÊÀ
4166,2.42092e-322,0,30,1.601e+09,4.94066e-323,6.95226e-310,ÎØÈÁÊÀ
4167,2.42092e-322,0,30,1.601e+09,4.94066e-323,6.95226e-310,ÎØÈÁÊÀ
4168,2.42092e-322,0,30,1.601e+09,4.94066e-323,6.95226e-310,ÎØÈÁÊÀ
4169,2.42092e-322,0,30,1.601e+09,4.94066e-323,6.95226e-310,ÎØÈÁÊÀ
4170,2.42092e-322,0,30,1.601e+09,4.94066e-323,6.95226e-310,ÎØÈÁÊÀ
4171,2.42092e-322,0,30,1.601e+09,4.94066e-323,6.95226e-310,ÎØÈÁÊÀ
4172,2.42092e-322,0,30,1.601e+09,4.94066e-323,6.95226e-310,ÎØÈÁÊÀ
4173,2.42092e-322,0,30,1.601e+09,4.94066e-323,6.95226e-310,ÎØÈÁÊÀ
4174,2.42092e-322,0,30,1.601e+09,4.94066e-323,6.95226e-310,ÎØÈÁÊÀ
4175,2.42092e-322,0,30,1.601e+09,4.94066e-323,6.95226e-310,ÎØÈÁÊÀ
4176,2.42092e-322,0,30,1.601e+09,4.94066e-323,6.95226e-310,ÎØÈÁÊÀ
4177,2.42092e-322,0,30,1.601e+09,4.94066e-323,6.95226e-310,ÎØÈÁÊÀ
4178,2.42092e-322,0,30,1.601e+09,4.94066e-323,6.95226e-310,ÎØÈÁÊÀ
4179,2.42092e-322,0,30,1.601e+09,4.94066e-323,6.95226e-310,ÎØÈÁÊÀ
4180,2.42092e-322,0,30,1.601e+09,4.94066e-323,6.95226e-310,ÎØÈÁÊÀ
4181,2.42092e-322,0,30,1.601e+09,4.94066e-323,6.95226e-310,ÎØÈÁÊÀ
4182,2.42092e-322,0,30,1.601e+09,4.94066e-323,6.95226e-310,ÎØÈÁÊÀ
4183,2.42092e-322,0,30,1.601e+09,4.94066e-323,6.95226e-310,ÎØÈÁÊÀ
4184,2.42092e-322,0,30,1.601e+09,4.94066e-323,6.95226e-310,ÎØÈÁÊÀ
4185,2.42092e-322,0,30,1.601e+09,4.94066e-323,6.95226e-310,ÎØÈÁÊÀ
4186,2.42092e-322,0,30,1.601e+09,4.94066e-323,6.95226e-310,ÎØÈÁÊÀ
4187,2.42092e-322,0,30,1.601e+09,4.94066e-323,6.95226e-310,ÎØÈÁÊÀ
4188,2.42092e-322,0,30,1.601e+09,4.94066e-323,6.95226e-310,ÎØÈÁÊÀ
4189,2.42092e-322,0,30,1.601e+09,4.94066e-323,6.95226e-310,ÎØÈÁÊÀ
4190,2.42092e-322,0,30,1.601e+09,4.94066e-323,6.95226e-310,ÎØÈÁÊÀ
4191,2.42092e-322,0,30,1.601e+09,4.94066e-323,6.95226e-310,ÎØÈÁÊÀ
4192,2.42092e-322,0,30,1.601e+09,4.94066e-323,6.95226e-310,ÎØÈÁÊÀ
4193,2.42092e-322,0,30,1.601e+09,4.94066e-323,6.95226e-310,ÎØÈÁÊÀ
4194,2.42092e-322,0,30,1.601e+09,4.94066e-323,6.95226e-310,ÎØÈÁÊÀ
4195,2.42092e-322,0,30,1.601e+09,4.94066e-323,6.95226e-310,ÎØÈÁÊÀ
4196,2.42092e-322,0,30,1.601e+09,4.94066e-323,6.95226e-310,ÎØÈÁÊÀ
4197,2.42092e-322,0,30,1.601e+09,4.94066e-323,6.95226e-310,ÎØÈÁÊÀ
4198,2.42092e-322,0,30,1.601e+09,4.94066e-323,6.95226e-310,ÎØÈÁÊÀ
4199,2.42092e-322,0,30,1.601e+09,4.94066e-323,6.95226e-310,ÎØÈÁÊÀ
4200,2.42092e-322,0,30,1.601e+09,4.94066e-323,6.95226e-310,ÎØÈÁÊÀ
4201,2.42092e-322,0,30,1.601e+09,4.94066e-323,6.95226e-310,ÎØÈÁÊÀ
4202,2.42092e-322,0,30,1.601e+09,4.94066e-323,6.95226e-310,ÎØÈÁÊÀ
4203,2.42092e-322,0,30,1.601e+09,4.94066e-323,6.95226e-310,ÎØÈÁÊÀ
4204,2.42092e-322,0,30,1.601e+09,4.94066e-323,6.95226e-310,ÎØÈÁÊÀ
4205,2.42092e-322,0,30,1.601e+09,4.94066e-323,6.95226e-310,ÎØÈÁÊÀ
4206,2.42092e-322,0,30,1.601e+09,4.94066e-323,6.95226e-310,ÎØÈÁÊÀ
4207,2.42092e-322,0,30,1.601e+09,4.94066e-323,6.95226e-310,ÎØÈÁÊÀ
4208,2.42092e-322,0,30,1.601e+09,4.94066e-323,6.95226e-310,ÎØÈÁÊÀ
4209,2.42092e-322,0,30,1.601e+09,4.94066e-323,6.95226e-310,ÎØÈÁÊÀ
4210,2.42092e-322,0,30,1.601e+09,4.94066e-323,6.95226e-310,ÎØÈÁÊÀ
4211,2.42092e-322,0,30,1.601e+09,4.94066e-323,6.95226e-310,ÎØÈÁÊÀ
4212,2.42092e-322,0,30,1.601e+09,4.94066e-323,6.95226e-310,ÎØÈÁÊÀ
4213,2.42092e-322,0,30,1.601e+09,4.94066e-323,6.95226e-310,ÎØÈÁÊÀ
4214,2.42092e-322,0,30,1.601e+09,4.94066e-323,6.95226e-310,ÎØÈÁÊÀ
4215,2.42092e-322,0,30,1.601e+09,4.94066e-323,6.95226e-310,ÎØÈÁÊÀ
4216,2.42092e-322,0,30,1.601e+09,4.94066e-323,6.95226e-310,ÎØÈÁÊÀ
4217,2.42092e-322,0,30,1.601e+09,4.94066e-323,6.95226e-310,ÎØÈÁÊÀ
4218,2.42092e-322,0,30,1.601e+09,4.94066e-323,6.95226e-310,ÎØÈÁÊÀ
4219,2.42092e-322,0,30,1.601e+09,4.94066e-323,6.95226e-310,ÎØÈÁÊÀ
4220,2.42092e-322,0,30,1.601e+09,4.94066e-323,6.95226e-310,ÎØÈÁÊÀ
4221,2.42092e-322,0,30,1.601e+09,4.94066e-323,6.95226e-310,ÎØÈÁÊÀ
4222,2.42092e-322,0,30,1.601e+09,4.94066e-323,6.95226e-310,ÎØÈÁÊÀ
4223,2.42092e-322,0,30,1.601e+09,4.94066e-323,6.95226e-310,ÎØÈÁÊÀ
4224,2.42092e-322,0,30,1.601e+09,4.94066e-323,6.95226e-310,ÎØÈÁÊÀ
4225,2.42092e-322,0,30,1.601e+09,4.94066e-323,6.95226e-310,ÎØÈÁÊÀ
4226,2.42092e-322,0,30,1.601e+09,4.94066e-323,6.95226e-310,ÎØÈÁÊÀ
4227,2.42092e-322,0,30,1.601e+09,4.94066e-323,6.95226e-310,ÎØÈÁÊÀ
4228,2.42092e-322,0,30,1.601e+09,4.94066e-323,6.95226e-310,ÎØÈÁÊÀ
4229,2.42092e-322,0,30,1.601e+09,4.94066e-323,6.95226e-310,ÎØÈÁÊÀ
4230,2.42092e-322,0,30,1.601e+09,4.94066e-323,6.95226e-310,ÎØÈÁÊÀ
4231,2.42092e-322,0,30,1.601e+09,4.94066e-323,6.95226e-310,ÎØÈÁÊÀ
4232,2.42092e-322,0,30,1.601e+09,4.94066e-323,6.95226e-310,ÎØÈÁÊÀ
4233,2.42092e-322,0,30,1.601e+09,4.94066e-323,6.95226e-310,ÎØÈÁÊÀ
4234,2.42092e-322,0,30,1.601e+09,4.94066e-323,6.95226e-310,ÎØÈÁÊÀ
4235,2.42092e-322,0,30,1.601e+09,4.94066e-323,6.95226e-310,ÎØÈÁÊÀ
4236,2.42092e-322,0,30,1.601e+09,4.94066e-323,6.95226e-310,ÎØÈÁÊÀ
4237,2.42092e-322,0,30,1.601e+09,4.94066e-323,6.95226e-310,ÎØÈÁÊÀ
4238,2.42092e-322,0,30,1.601e+09,4.94066e-323,6.95226e-310,ÎØÈÁÊÀ
4239,2.42092e-322,0,30,1.601e+09,4.94066e-323,6.95226e-310,ÎØÈÁÊÀ
4240,2.42092e-322,0,30,1.601e+09,4.94066e-323,6.95226e-310,ÎØÈÁÊÀ
4241,2.42092e-322,0,30,1.601e+09,4.94066e-323,6.95226e-310,ÎØÈÁÊÀ
4242,2.42092e-322,0,30,1.601e+09,4.94066e-323,6.95226e-310,ÎØÈÁÊÀ
4243,2.42092e-322,0,30,1.601e+09,4.94066e-323,6.95226e-310,ÎØÈÁÊÀ
4244,2.42092e-322,0,30,1.601e+09,4.94066e-323,6.95226e-310,ÎØÈÁÊÀ
4245,2.42092e-322,0,30,1.601e+09,4.94066e-323,6.95226e-310,ÎØÈÁÊÀ
4246,2.42092e-322,0,30,1.601e+09,4.94066e-323,6.95226e-310,ÎØÈÁÊÀ
4247,2.42092e-322,0,30,1.60125e+09,4.94066e-323,6.95226e-310,ÎØÈÁÊÀ
4248,2.42092e-322,0,30,1.60125e+09,4.94066e-323,6.95226e-310,ÎØÈÁÊÀ
4249,2.42092e-322,0,30,1.60125e+09,4.94066e-323,6.95226e-310,ÎØÈÁÊÀ
4250,2.42092e-322,0,30,1.60125e+09,4.94066e-323,6.95226e-310,ÎØÈÁÊÀ
4251,2.42092e-322,0,30,1.60125e+09,4.94066e-323,6.95226e-310,ÎØÈÁÊÀ
4252,2.42092e-322,0,30,1.60125e+09,4.94066e-323,6.95226e-310,ÎØÈÁÊÀ
4253,2.42092e-322,0,30,1.60125e+09,4.94066e-323,6.95226e-310,ÎØÈÁÊÀ
4254,2.42092e-322,0,30,1.60125e+09,4.94066e-323,6.95226e-310,ÎØÈÁÊÀ
4255,2.42092e-322,0,30,1.60125e+09,4.94066e-323,6.95226e-310,ÎØÈÁÊÀ
4256,2.42092e-322,0,30,1.60125e+09,4.94066e-323,6.95226e-310,ÎØÈÁÊÀ
4257,2.42092e-322,0,30,1.60125e+09,4.94066e-323,6.95226e-310,ÎØÈÁÊÀ
4258,2.42092e-322,0,30,1.60125e+09,4.94066e-323,6.95226e-310,ÎØÈÁÊÀ
4259,2.42092e-322,0,30,1.60125e+09,4.94066e-323,6.95226e-310,ÎØÈÁÊÀ
4260,2.42092e-322,0,30,1.60125e+09,4.94066e-323,6.95226e-310,ÎØÈÁÊÀ
4261,2.42092e-322,0,30,1.60125e+09,4.94066e-323,6.95226e-310,ÎØÈÁÊÀ
4262,2.42092e-322,0,30,1.60125e+09,4.94066e-323,6.95226e-310,ÎØÈÁÊÀ
4263,2.42092e-322,0,30,1.60125e+09,4.94066e-323,6.95226e-310,ÎØÈÁÊÀ
4264,2.42092e-322,0,30,1.60125e+09,4.94066e-323,6.95226e-310,ÎØÈÁÊÀ
4265,2.42092e-322,0,30,1.60125e+09,4.94066e-323,6.95226e-310,ÎØÈÁÊÀ
4266,2.42092e-322,0,30,1.60125e+09,4.94066e-323,6.95226e-310,ÎØÈÁÊÀ
4267,2.42092e-322,0,30,1.60125e+09,4.94066e-323,6.95226e-310,ÎØÈÁÊÀ
4268,2.42092e-322,0,30,1.60125e+09,4.94066e-323,6.95226e-310,ÎØÈÁÊÀ
4269,2.42092e-322,0,30,1.60125e+09,4.94066e-323,6.95226e-310,ÎØÈÁÊÀ
4270,2.42092e-322,0,30,1.60125e+09,4.94066e-323,6.95226e-310,ÎØÈÁÊÀ
4271,2.42092e-322,0,30,1.60125e+09,4.94066e-323,6.95226e-310,ÎØÈÁÊÀ
4272,2.42092e-322,0,30,1.60125e+09,4.94066e-323,6.95226e-310,ÎØÈÁÊÀ
4273,2.42092e-322,0,30,1.60125e+09,4.94066e-323,6.95226e-310,ÎØÈÁÊÀ
4274,2.42092e-322,0,30,1.60125e+09,4.94066e-323,6.95226e-310,ÎØÈÁÊÀ
4275,2.42092e-322,0,30,1.60125e+09,4.94066e-323,6.95226e-310,ÎØÈÁÊÀ
4276,2.42092e-322,0,30,1.60125e+09,4.94066e-323,6.95226e-310,ÎØÈÁÊÀ
4277,2.42092e-322,0,30,1.60125e+09,4.94066e-323,6.95226e-310,ÎØÈÁÊÀ
4278,2.42092e-322,0,30,1.60125e+09,4.94066e-323,6.95226e-310,ÎØÈÁÊÀ
4279,2.42092e-322,0,30,1.60125e+09,4.94066e-323,6.95226e-310,ÎØÈÁÊÀ
4280,2.42092e-322,0,30,1.60125e+09,4.94066e-323,6.95226e-310,ÎØÈÁÊÀ
4281,2.42092e-322,0,30,1.60125e+09,4.94066e-323,6.95226e-310,ÎØÈÁÊÀ
4282,2.42092e-322,0,30,1.60125e+09,4.94066e-323,6.95226e-310,ÎØÈÁÊÀ
4283,2.42092e-322,0,30,1.60125e+09,4.94066e-323,6.95226e-310,ÎØÈÁÊÀ
4284,2.42092e-322,0,30,1.60125e+09,4.94066e-323,6.95226e-310,ÎØÈÁÊÀ
4285,2.42092e-322,0,30,1.60125e+09,4.94066e-323,6.95226e-310,ÎØÈÁÊÀ
4286,2.42092e-322,0,30,1.60125e+09,4.94066e-323,6.95226e-310,ÎØÈÁÊÀ
4287,2.42092e-322,0,30,1.60125e+09,4.94066e-323,6.95226e-310,ÎØÈÁÊÀ
4288,2.42092e-322,0,30,1.60125e+09,4.94066e-323,6.95226e-310,ÎØÈÁÊÀ
4289,2.42092e-322,0,30,1.60125e+09,4.94066e-323,6.95226e-310,ÎØÈÁÊÀ
4290,2.42092e-322,0,30,1.60125e+09,4.94066e-323,6.95226e-310,ÎØÈÁÊÀ
4291,2.42092e-322,0,30,1.60125e+09,4.94066e-323,6.95226e-310,ÎØÈÁÊÀ
4292,2.42092e-322,0,30,1.60125e+09,4.94066e-323,6.95226e-310,ÎØÈÁÊÀ
4293,2.42092e-322,0,30,1.60125e+09,4.94066e-323,6.95226e-310,ÎØÈÁÊÀ
4294,2.42092e-322,0,30,1.60125e+09,4.94066e-323,6.95226e-310,ÎØÈÁÊÀ
4295,2.42092e-322,0,30,1.60125e+09,4.94066e-323,6.95226e-310,ÎØÈÁÊÀ
4296,2.42092e-322,0,30,1.60125e+09,4.94066e-323,6.95226e-310,ÎØÈÁÊÀ
4297,2.42092e-322,0,30,1.60125e+09,4.94066e-323,6.95226e-310,ÎØÈÁÊÀ
4298,2.42092e-322,0,30,1.60125e+09,4.94066e-323,6.95226e-310,ÎØÈÁÊÀ
4299,2.42092e-322,0,30,1.60125e+09,4.94066e-323,6.95226e-310,ÎØÈÁÊÀ
4300,2.42092e-322,0,30,1.60125e+09,4.94066e-323,6.95226e-310,ÎØÈÁÊÀ
4301,2.42092e-322,0,30,1.60125e+09,4.94066e-323,6.95226e-310,ÎØÈÁÊÀ
4302,2.42092e-322,0,30,1.60125e+09,4.94066e-323,6.95226e-310,ÎØÈÁÊÀ
4303,2.42092e-322,0,30,1.60125e+09,4.94066e-323,6.95226e-310,ÎØÈÁÊÀ
4304,2.42092e-322,0,30,1.60125e+09,4.94066e-323,6.95226e-310,ÎØÈÁÊÀ
4305,2.42092e-322,0,30,1.60125e+09,4.94066e-323,6.95226e-310,ÎØÈÁÊÀ
4306,2.42092e-322,0,30,1.60125e+09,4.94066e-323,6.95226e-310,ÎØÈÁÊÀ
4307,2.42092e-322,0,30,1.60125e+09,4.94066e-323,6.95226e-310,ÎØÈÁÊÀ
4308,2.42092e-322,0,30,1.60125e+09,4.94066e-323,6.95226e-310,ÎØÈÁÊÀ
4309,2.42092e-322,0,30,1.60125e+09,4.94066e-323,6.95226e-310,ÎØÈÁÊÀ
4310,2.42092e-322,0,30,1.60125e+09,4.94066e-323,6.95226e-310,ÎØÈÁÊÀ
4311,2.42092e-322,0,30,1.60125e+09,4.94066e-323,6.95226e-310,ÎØÈÁÊÀ
4312,2.42092e-322,0,30,1.60125e+09,4.94066e-323,6.95226e-310,ÎØÈÁÊÀ
4313,2.42092e-322,0,30,1.60125e+09,4.94066e-323,6.95226e-310,ÎØÈÁÊÀ
4314,2.42092e-322,0,30,1.60125e+09,4.94066e-323,6.95226e-310,ÎØÈÁÊÀ
4315,2.42092e-322,0,30,1.60125e+09,4.94066e-323,6.95226e-310,ÎØÈÁÊÀ
4316,2.42092e-322,0,30,1.60125e+09,4.94066e-323,6.95226e-310,ÎØÈÁÊÀ
4317,2.42092e-322,0,30,1.60125e+09,4.94066e-323,6.95226e-310,ÎØÈÁÊÀ
4318,2.42092e-322,0,30,1.60125e+09,4.94066e-323,6.95226e-310,ÎØÈÁÊÀ
4319,2.42092e-322,0,30,1.60125e+09,4.94066e-323,6.95226e-310,ÎØÈÁÊÀ
4320,2.42092e-322,0,30,1.60125e+09,4.94066e-323,6.95226e-310,ÎØÈÁÊÀ
4321,2.42092e-322,0,30,1.60125e+09,4.94066e-323,6.95226e-310,ÎØÈÁÊÀ
4322,2.42092e-322,0,30,1.60125e+09,4.94066e-323,6.95226e-310,ÎØÈÁÊÀ
4323,2.42092e-322,0,30,1.60125e+09,4.94066e-323,6.95226e-310,ÎØÈÁÊÀ
4324,2.42092e-322,0,30,1.60125e+09,4.94066e-323,6.95226e-310,ÎØÈÁÊÀ
4325,2.42092e-322,0,30,1.60125e+09,4.94066e-323,6.95226e-310,ÎØÈÁÊÀ
4326,2.42092e-322,0,30,1.60125e+09,4.94066e-323,6.95226e-310,ÎØÈÁÊÀ
4327,2.42092e-322,0,30,1.60125e+09,4.94066e-323,6.95226e-310,ÎØÈÁÊÀ
4328,2.42092e-322,0,30,1.60125e+09,4.94066e-323,6.95226e-310,ÎØÈÁÊÀ
4329,2.42092e-322,0,30,1.60125e+09,4.94066e-323,6.95226e-310,ÎØÈÁÊÀ
4330,2.42092e-322,0,30,1.60125e+09,4.94066e-323,6.95226e-310,ÎØÈÁÊÀ
4331,2.42092e-322,0,30,1.60125e+09,4.94066e-323,6.95226e-310,ÎØÈÁÊÀ
4332,2.42092e-322,0,30,1.60125e+09,4.94066e-323,6.95226e-310,ÎØÈÁÊÀ
4333,2.42092e-322,0,30,1.60125e+09,4.94066e-323,6.95226e-310,ÎØÈÁÊÀ
4334,2.42092e-322,0,30,1.60125e+09,4.94066e-323,6.95226e-310,ÎØÈÁÊÀ
4335,2.42092e-322,0,30,1.60125e+09,4.94066e-323,6.95226e-310,ÎØÈÁÊÀ
4336,2.42092e-322,0,30,1.60125e+09,4.94066e-323,6.95226e-310,ÎØÈÁÊÀ
4337,2.42092e-322,0,30,1.60125e+09,4.94066e-323,6.95226e-310,ÎØÈÁÊÀ
4338,2.42092e-322,0,30,1.60125e+09,4.94066e-323,6.95226e-310,ÎØÈÁÊÀ
4339,2.42092e-322,0,30,1.60125e+09,4.94066e-323,6.95226e-310,ÎØÈÁÊÀ
4340,2.42092e-322,0,30,1.60125e+09,4.94066e-323,6.95226e-310,ÎØÈÁÊÀ
4341,2.42092e-322,0,30,1.60125e+09,4.94066e-323,6.95226e-310,ÎØÈÁÊÀ
4342,2.42092e-322,0,30,1.60125e+09,4.94066e-323,6.95226e-310,ÎØÈÁÊÀ
4343,2.42092e-322,0,30,1.60125e+09,4.94066e-323,6.95226e-310,ÎØÈÁÊÀ
4344,2.42092e-322,0,30,1.60125e+09,4.94066e-323,6.95226e-310,ÎØÈÁÊÀ
4345,2.42092e-322,0,30,1.60125e+09,4.94066e-323,6.95226e-310,ÎØÈÁÊÀ
4346,2.42092e-322,0,30,1.60125e+09,4.94066e-323,6.95226e-310,ÎØÈÁÊÀ
4347,2.42092e-322,0,30,1.60125e+09,4.94066e-323,6.95226e-310,ÎØÈÁÊÀ
4348,2.42092e-322,0,30,1.60125e+09,4.94066e-323,6.95226e-310,ÎØÈÁÊÀ
4349,2.42092e-322,0,30,1.60125e+09,4.94066e-323,6.95226e-310,ÎØÈÁÊÀ
4350,2.42092e-322,0,30,1.60125e+09,4.94066e-323,6.95226e-310,ÎØÈÁÊÀ
4351,2.42092e-322,0,30,1.60125e+09,4.94066e-323,6.95226e-310,ÎØÈÁÊÀ
4352,2.42092e-322,0,30,1.60125e+09,4.94066e-323,6.95226e-310,ÎØÈÁÊÀ
4353,2.42092e-322,0,30,1.60125e+09,4.94066e-323,6.95226e-310,ÎØÈÁÊÀ
4354,2.42092e-322,0,30,1.60125e+09,4.94066e-323,6.95226e-310,ÎØÈÁÊÀ
4355,2.42092e-322,0,30,1.60125e+09,4.94066e-323,6.95226e-310,ÎØÈÁÊÀ
4356,2.42092e-322,0,30,1.60125e+09,4.94066e-323,6.95226e-310,ÎØÈÁÊÀ
4357,2.42092e-322,0,30,1.60125e+09,4.94066e-323,6.95226e-310,ÎØÈÁÊÀ
4358,2.42092e-322,0,30,1.60125e+09,4.94066e-323,6.95226e-310,ÎØÈÁÊÀ
4359,2.42092e-322,0,30,1.60125e+09,4.94066e-323,6.95226e-310,ÎØÈÁÊÀ
4360,2.42092e-322,0,30,1.60125e+09,4.94066e-323,6.95226e-310,ÎØÈÁÊÀ
4361,2.42092e-322,0,30,1.60125e+09,4.94066e-323,6.95226e-310,ÎØÈÁÊÀ
4362,2.42092e-322,0,30,1.60125e+09,4.94066e-323,6.95226e-310,ÎØÈÁÊÀ
4363,2.42092e-322,0,30,1.60125e+09,4.94066e-323,6.95226e-310,ÎØÈÁÊÀ
4364,2.42092e-322,0,30,1.60125e+09,4.94066e-323,6.95226e-310,ÎØÈÁÊÀ
4365,2.42092e-322,0,30,1.60125e+09,4.94066e-323,6.95226e-310,ÎØÈÁÊÀ
4366,2.42092e-322,0,30,1.60125e+09,4.94066e-323,6.95226e-310,ÎØÈÁÊÀ
4367,2.42092e-322,0,30,1.60125e+09,4.94066e-323,6.95226e-310,ÎØÈÁÊÀ
4368,2.42092e-322,0,30,1.60125e+09,4.94066e-323,6.95226e-310,ÎØÈÁÊÀ
4369,2.42092e-322,0,30,1.60125e+09,4.94066e-323,6.95226e-310,ÎØÈÁÊÀ
4370,2.42092e-322,0,30,1.60125e+09,4.94066e-323,6.95226e-310,ÎØÈÁÊÀ
4371,2.42092e-322,0,30,1.60125e+09,4.94066e-323,6.95226e-310,ÎØÈÁÊÀ
4372,2.42092e-322,0,30,1.60016e+08,4.94066e-323,6.95226e-310,ÎØÈÁÊÀ
4373,2.42092e-322,0,30,1.60016e+08,4.94066e-323,6.95226e-310,ÎØÈÁÊÀ
4374,2.42092e-322,0,30,1.60016e+08,4.94066e-323,6.95226e-310,ÎØÈÁÊÀ
4375,2.42092e-322,0,30,1.60016e+08,4.94066e-323,6.95226e-310,ÎØÈÁÊÀ
4376,2.42092e-322,0,30,1.60016e+08,4.94066e-323,6.95226e-310,ÎØÈÁÊÀ
4377,2.42092e-322,0,30,1.60016e+08,4.94066e-323,6.95226e-310,ÎØÈÁÊÀ
4378,2.42092e-322,0,30,1.60016e+08,4.94066e-323,6.95226e-310,ÎØÈÁÊÀ
4379,2.42092e-322,0,30,1.60016e+08,4.94066e-323,6.95226e-310,ÎØÈÁÊÀ
4380,2.42092e-322,0,30,1.60016e+08,4.94066e-323,6.95226e-310,ÎØÈÁÊÀ
4381,2.42092e-322,0,30,1.60016e+08,4.94066e-323,6.95226e-310,ÎØÈÁÊÀ
4382,2.42092e-322,0,30,1.60016e+08,4.94066e-323,6.95226e-310,ÎØÈÁÊÀ
4383,2.42092e-322,0,30,1.60016e+08,4.94066e-323,6.95226e-310,ÎØÈÁÊÀ
4384,2.42092e-322,0,30,1.60016e+08,4.94066e-323,6.95226e-310,ÎØÈÁÊÀ
4385,2.42092e-322,0,30,1.60016e+08,4.94066e-323,6.95226e-310,ÎØÈÁÊÀ
4386,2.42092e-322,0,30,1.60016e+08,4.94066e-323,6.95226e-310,ÎØÈÁÊÀ
4387,2.42092e-322,0,30,1.60016e+08,4.94066e-323,6.95226e-310,ÎØÈÁÊÀ
4388,2.42092e-322,0,30,1.60016e+08,4.94066e-323,6.95226e-310,ÎØÈÁÊÀ
4389,2.42092e-322,0,30,1.60016e+08,4.94066e-323,6.95226e-310,ÎØÈÁÊÀ
4390,2.42092e-322,0,30,1.60016e+08,4.94066e-323,6.95226e-310,ÎØÈÁÊÀ
4391,2.42092e-322,0,30,1.60016e+08,4.94066e-323,6.95226e-310,ÎØÈÁÊÀ
4392,2.42092e-322,0,30,1.60016e+08,4.94066e-323,6.95226e-310,ÎØÈÁÊÀ
4393,2.42092e-322,0,30,1.60016e+08,4.94066e-323,6.95226e-310,ÎØÈÁÊÀ
4394,2.42092e-322,0,30,1.60016e+08,4.94066e-323,6.95226e-310,ÎØÈÁÊÀ
4395,2.42092e-322,0,30,1.60016e+08,4.94066e-323,6.95226e-310,ÎØÈÁÊÀ
4396,2.42092e-322,0,30,1.60016e+08,4.94066e-323,6.95226e-310,ÎØÈÁÊÀ
4397,2.42092e-322,0,30,1.60016e+08,4.94066e-323,6.95226e-310,ÎØÈÁÊÀ
4398,2.42092e-322,0,30,1.60016e+08,4.94066e-323,6.95226e-310,ÎØÈÁÊÀ
4399,2.42092e-322,0,30,1.60016e+08,4.94066e-323,6.95226e-310,ÎØÈÁÊÀ
4400,2.42092e-322,0,30,1.60016e+08,4.94066e-323,6.95226e-310,ÎØÈÁÊÀ
4401,2.42092e-322,0,30,1.60016e+08,4.94066e-323,6.95226e-310,ÎØÈÁÊÀ
4402,2.42092e-322,0,30,1.60016e+08,4.94066e-323,6.95226e-310,ÎØÈÁÊÀ
4403,2.42092e-322,0,30,1.60016e+08,4.94066e-323,6.95226e-310,ÎØÈÁÊÀ
4404,2.42092e-322,0,30,1.60016e+08,4.94066e-323,6.95226e-310,ÎØÈÁÊÀ
4405,2.42092e-322,0,30,1.60016e+08,4.94066e-323,6.95226e-310,ÎØÈÁÊÀ
4406,2.42092e-322,0,30,1.60016e+08,4.94066e-323,6.95226e-310,ÎØÈÁÊÀ
4407,2.42092e-322,0,30,1.60016e+08,4.94066e-323,6.95226e-310,ÎØÈÁÊÀ
4408,2.42092e-322,0,30,1.60016e+08,4.94066e-323,6.95226e-310,ÎØÈÁÊÀ
4409,2.42092e-322,0,30,1.60016e+08,4.94066e-323,6.95226e-310,ÎØÈÁÊÀ
4410,2.42092e-322,0,30,1.60016e+08,4.94066e-323,6.95226e-310,ÎØÈÁÊÀ
4411,2.42092e-322,0,30,1.60016e+08,4.94066e-323,6.95226e-310,ÎØÈÁÊÀ
4412,2.42092e-322,0,30,1.60016e+08,4.94066e-323,6.95226e-310,ÎØÈÁÊÀ
4413,2.42092e-322,0,30,1.60016e+08,4.94066e-323,6.95226e-310,ÎØÈÁÊÀ
4414,2.42092e-322,0,30,1.60016e+08,4.94066e-323,6.95226e-310,ÎØÈÁÊÀ
4415,2.42092e-322,0,30,1.60016e+08,4.94066e-323,6.95226e-310,ÎØÈÁÊÀ
4416,2.42092e-322,0,30,1.60016e+08,4.94066e-323,6.95226e-310,ÎØÈÁÊÀ
4417,2.42092e-322,0,30,1.60016e+08,4.94066e-323,6.95226e-310,ÎØÈÁÊÀ
4418,2.42092e-322,0,30,1.60016e+08,4.94066e-323,6.95226e-310,ÎØÈÁÊÀ
4419,2.42092e-322,0,30,1.60016e+08,4.94066e-323,6.95226e-310,ÎØÈÁÊÀ
4420,2.42092e-322,0,30,1.60016e+08,4.94066e-323,6.95226e-310,ÎØÈÁÊÀ
4421,2.42092e-322,0,30,1.60016e+08,4.94066e-323,6.95226e-310,ÎØÈÁÊÀ
4422,2.42092e-322,0,30,1.60016e+08,4.94066e-323,6.95226e-310,ÎØÈÁÊÀ
4423,2.42092e-322,0,30,1.60016e+08,4.94066e-323,6.95226e-310,ÎØÈÁÊÀ
4424,2.42092e-322,0,30,1.60016e+08,4.94066e-323,6.95226e-310,ÎØÈÁÊÀ
4425,2.42092e-322,0,30,1.60016e+08,4.94066e-323,6.95226e-310,ÎØÈÁÊÀ
4426,2.42092e-322,0,30,1.60016e+08,4.94066e-323,6.95226e-310,ÎØÈÁÊÀ
4427,2.42092e-322,0,30,1.60016e+08,4.94066e-323,6.95226e-310,ÎØÈÁÊÀ
4428,2.42092e-322,0,30,1.60016e+08,4.94066e-323,6.95226e-310,ÎØÈÁÊÀ
4429,2.42092e-322,0,30,1.60016e+08,4.94066e-323,6.95226e-310,ÎØÈÁÊÀ
4430,2.42092e-322,0,30,1.60016e+08,4.94066e-323,6.95226e-310,ÎØÈÁÊÀ
4431,2.42092e-322,0,30,1.60016e+08,4.94066e-323,6.95226e-310,ÎØÈÁÊÀ
4432,2.42092e-322,0,30,1.60016e+08,4.94066e-323,6.95226e-310,ÎØÈÁÊÀ
4433,2.42092e-322,0,30,1.60016e+08,4.94066e-323,6.95226e-310,ÎØÈÁÊÀ
4434,2.42092e-322,0,30,1.60016e+08,4.94066e-323,6.95226e-310,ÎØÈÁÊÀ
4435,2.42092e-322,0,30,1.60016e+08,4.94066e-323,6.95226e-310,ÎØÈÁÊÀ
4436,2.42092e-322,0,30,1.60016e+08,4.94066e-323,6.95226e-310,ÎØÈÁÊÀ
4437,2.42092e-322,0,30,1.60016e+08,4.94066e-323,6.95226e-310,ÎØÈÁÊÀ
4438,2.42092e-322,0,30,1.60016e+08,4.94066e-323,6.95226e-310,ÎØÈÁÊÀ
4439,2.42092e-322,0,30,1.60016e+08,4.94066e-323,6.95226e-310,ÎØÈÁÊÀ
4440,2.42092e-322,0,30,1.60016e+08,4.94066e-323,6.95226e-310,ÎØÈÁÊÀ
4441,2.42092e-322,0,30,1.60016e+08,4.94066e-323,6.95226e-310,ÎØÈÁÊÀ
4442,2.42092e-322,0,30,1.60016e+08,4.94066e-323,6.95226e-310,ÎØÈÁÊÀ
4443,2.42092e-322,0,30,1.60016e+08,4.94066e-323,6.95226e-310,ÎØÈÁÊÀ
4444,2.42092e-322,0,30,1.60016e+08,4.94066e-323,6.95226e-310,ÎØÈÁÊÀ
4445,2.42092e-322,0,30,1.60016e+08,4.94066e-323,6.95226e-310,ÎØÈÁÊÀ
4446,2.42092e-322,0,30,1.60016e+08,4.94066e-323,6.95226e-310,ÎØÈÁÊÀ
4447,2.42092e-322,0,30,1.60016e+08,4.94066e-323,6.95226e-310,ÎØÈÁÊÀ
4448,2.42092e-322,0,30,1.60016e+08,4.94066e-323,6.95226e-310,ÎØÈÁÊÀ
4449,2.42092e-322,0,30,1.60016e+08,4.94066e-323,6.95226e-310,ÎØÈÁÊÀ
4450,2.42092e-322,0,30,1.60016e+08,4.94066e-323,6.95226e-310,ÎØÈÁÊÀ
4451,2.42092e-322,0,30,1.60016e+08,4.94066e-323,6.95226e-310,ÎØÈÁÊÀ
4452,2.42092e-322,0,30,1.60016e+08,4.94066e-323,6.95226e-310,ÎØÈÁÊÀ
4453,2.42092e-322,0,30,1.60016e+08,4.94066e-323,6.95226e-310,ÎØÈÁÊÀ
4454,2.42092e-322,0,30,1.60016e+08,4.94066e-323,6.95226e-310,ÎØÈÁÊÀ
4455,2.42092e-322,0,30,1.60016e+08,4.94066e-323,6.95226e-310,ÎØÈÁÊÀ
4456,2.42092e-322,0,30,1.60016e+08,4.94066e-323,6.95226e-310,ÎØÈÁÊÀ
4457,2.42092e-322,0,30,1.60016e+08,4.94066e-323,6.95226e-310,ÎØÈÁÊÀ
4458,2.42092e-322,0,30,1.60016e+08,4.94066e-323,6.95226e-310,ÎØÈÁÊÀ
4459,2.42092e-322,0,30,1.60016e+08,4.94066e-323,6.95226e-310,ÎØÈÁÊÀ
4460,2.42092e-322,0,30,1.60016e+08,4.94066e-323,6.95226e-310,ÎØÈÁÊÀ
4461,2.42092e-322,0,30,1.60016e+08,4.94066e-323,6.95226e-310,ÎØÈÁÊÀ
4462,2.42092e-322,0,30,1.60016e+08,4.94066e-323,6.95226e-310,ÎØÈÁÊÀ
4463,2.42092e-322,0,30,1.60016e+08,4.94066e-323,6.95226e-310,ÎØÈÁÊÀ
4464,2.42092e-322,0,30,1.60016e+08,4.94066e-323,6.95226e-310,ÎØÈÁÊÀ
4465,2.42092e-322,0,30,1.60016e+08,4.94066e-323,6.95226e-310,ÎØÈÁÊÀ
4466,2.42092e-322,0,30,1.60016e+08,4.94066e-323,6.95226e-310,ÎØÈÁÊÀ
4467,2.42092e-322,0,30,1.60016e+08,4.94066e-323,6.95226e-310,ÎØÈÁÊÀ
4468,2.42092e-322,0,30,1.60016e+08,4.94066e-323,6.95226e-310,ÎØÈÁÊÀ
4469,2.42092e-322,0,30,1.60016e+08,4.94066e-323,6.95226e-310,ÎØÈÁÊÀ
4470,2.42092e-322,0,30,1.60016e+08,4.94066e-323,6.95226e-310,ÎØÈÁÊÀ
4471,2.42092e-322,0,30,1.60016e+08,4.94066e-323,6.95226e-310,ÎØÈÁÊÀ
4472,2.42092e-322,0,30,1.60016e+08,4.94066e-323,6.95226e-310,ÎØÈÁÊÀ
4473,2.42092e-322,0,30,1.60016e+08,4.94066e-323,6.95226e-310,ÎØÈÁÊÀ
4474,2.42092e-322,0,30,1.60016e+08,4.94066e-323,6.95226e-310,ÎØÈÁÊÀ
4475,2.42092e-322,0,30,1.60016e+08,4.94066e-323,6.95226e-310,ÎØÈÁÊÀ
4476,2.42092e-322,0,30,1.60016e+08,4.94066e-323,6.95226e-310,ÎØÈÁÊÀ
4477,2.42092e-322,0,30,1.60016e+08,4.94066e-323,6.95226e-310,ÎØÈÁÊÀ
4478,2.42092e-322,0,30,1.60016e+08,4.94066e-323,6.95226e-310,ÎØÈÁÊÀ
4479,2.42092e-322,0,30,1.60016e+08,4.94066e-323,6.95226e-310,ÎØÈÁÊÀ
4480,2.42092e-322,0,30,1.60016e+08,4.94066e-323,6.95226e-310,ÎØÈÁÊÀ
4481,2.42092e-322,0,30,1.60016e+08,4.94066e-323,6.95226e-310,ÎØÈÁÊÀ
4482,2.42092e-322,0,30,1.60016e+08,4.94066e-323,6.95226e-310,ÎØÈÁÊÀ
4483,2.42092e-322,0,30,1.60016e+08,4.94066e-323,6.95226e-310,ÎØÈÁÊÀ
4484,2.42092e-322,0,30,1.60016e+08,4.94066e-323,6.95226e-310,ÎØÈÁÊÀ
4485,2.42092e-322,0,30,1.60016e+08,4.94066e-323,6.95226e-310,ÎØÈÁÊÀ
4486,2.42092e-322,0,30,1.60016e+08,4.94066e-323,6.95226e-310,ÎØÈÁÊÀ
4487,2.42092e-322,0,30,1.60016e+08,4.94066e-323,6.95226e-310,ÎØÈÁÊÀ
4488,2.42092e-322,0,30,1.60016e+08,4.94066e-323,6.95226e-310,ÎØÈÁÊÀ
4489,2.42092e-322,0,30,1.60016e+08,4.94066e-323,6.95226e-310,ÎØÈÁÊÀ
4490,2.42092e-322,0,30,1.60016e+08,4.94066e-323,6.95226e-310,ÎØÈÁÊÀ
4491,2.42092e-322,0,30,1.60016e+08,4.94066e-323,6.95226e-310,ÎØÈÁÊÀ
4492,2.42092e-322,0,30,1.60016e+08,4.94066e-323,6.95226e-310,ÎØÈÁÊÀ
4493,2.42092e-322,0,30,1.60016e+08,4.94066e-323,6.95226e-310,ÎØÈÁÊÀ
4494,2.42092e-322,0,30,1.60016e+08,4.94066e-323,6.95226e-310,ÎØÈÁÊÀ
4495,2.42092e-322,0,30,1.60016e+08,4.94066e-323,6.95226e-310,ÎØÈÁÊÀ
4496,2.42092e-322,0,30,1.60016e+08,4.94066e-323,6.95226e-310,ÎØÈÁÊÀ
4497,2.42092e-322,0,30,1.60016e+08,4.94066e-323,6.95226e-310,ÎØÈÁÊÀ
4498,2.42092e-322,0,30,1.60016e+08,4.94066e-323,6.95226e-310,ÎØÈÁÊÀ
4499,2.42092e-322,0,30,1.60016e+08,4.94066e-323,6.95226e-310,ÎØÈÁÊÀ
4500,2.42092e-322,0,30,1.6002e+08,4.94066e-323,6.95226e-310,ÎØÈÁÊÀ
4501,2.42092e-322,0,30,1.6002e+08,4.94066e-323,6.95226e-310,ÎØÈÁÊÀ
4502,2.42092e-322,0,30,1.6002e+08,4.94066e-323,6.95226e-310,ÎØÈÁÊÀ
4503,2.42092e-322,0,30,1.6002e+08,4.94066e-323,6.95226e-310,ÎØÈÁÊÀ
4504,2.42092e-322,0,30,1.6002e+08,4.94066e-323,6.95226e-310,ÎØÈÁÊÀ
4505,2.42092e-322,0,30,1.6002e+08,4.94066e-323,6.95226e-310,ÎØÈÁÊÀ
4506,2.42092e-322,0,30,1.6002e+08,4.94066e-323,6.95226e-310,ÎØÈÁÊÀ
4507,2.42092e-322,0,30,1.6002e+08,4.94066e-323,6.95226e-310,ÎØÈÁÊÀ
4508,2.42092e-322,0,30,1.6002e+08,4.94066e-323,6.95226e-310,ÎØÈÁÊÀ
4509,2.42092e-322,0,30,1.6002e+08,4.94066e-323,6.95226e-310,ÎØÈÁÊÀ
4510,2.42092e-322,0,30,1.6002e+08,4.94066e-323,6.95226e-310,ÎØÈÁÊÀ
4511,2.42092e-322,0,30,1.6002e+08,4.94066e-323,6.95226e-310,ÎØÈÁÊÀ
4512,2.42092e-322,0,30,1.6002e+08,4.94066e-323,6.95226e-310,ÎØÈÁÊÀ
4513,2.42092e-322,0,30,1.6002e+08,4.94066e-323,6.95226e-310,ÎØÈÁÊÀ
4514,2.42092e-322,0,30,1.6002e+08,4.94066e-323,6.95226e-310,ÎØÈÁÊÀ
4515,2.42092e-322,0,30,1.6002e+08,4.94066e-323,6.95226e-310,ÎØÈÁÊÀ
4516,2.42092e-322,0,30,1.6002e+08,4.94066e-323,6.95226e-310,ÎØÈÁÊÀ
4517,2.42092e-322,0,30,1.6002e+08,4.94066e-323,6.95226e-310,ÎØÈÁÊÀ
4518,2.42092e-322,0,30,1.6002e+08,4.94066e-323,6.95226e-310,ÎØÈÁÊÀ
4519,2.42092e-322,0,30,1.6002e+08,4.94066e-323,6.95226e-310,ÎØÈÁÊÀ
4520,2.42092e-322,0,30,1.6002e+08,4.94066e-323,6.95226e-310,ÎØÈÁÊÀ
4521,2.42092e-322,0,30,1.6002e+08,4.94066e-323,6.95226e-310,ÎØÈÁÊÀ
4522,2.42092e-322,0,30,1.6002e+08,4.94066e-323,6.95226e-310,ÎØÈÁÊÀ
4523,2.42092e-322,0,30,1.6002e+08,4.94066e-323,6.95226e-310,ÎØÈÁÊÀ
4524,2.42092e-322,0,30,1.6002e+08,4.94066e-323,6.95226e-310,ÎØÈÁÊÀ
4525,2.42092e-322,0,30,1.6002e+08,4.94066e-323,6.95226e-310,ÎØÈÁÊÀ
4526,2.42092e-322,0,30,1.6002e+08,4.94066e-323,6.95226e-310,ÎØÈÁÊÀ
4527,2.42092e-322,0,30,1.6002e+08,4.94066e-323,6.95226e-310,ÎØÈÁÊÀ
4528,2.42092e-322,0,30,1.6002e+08,4.94066e-323,6.95226e-310,ÎØÈÁÊÀ
4529,2.42092e-322,0,30,1.6002e+08,4.94066e-323,6.95226e-310,ÎØÈÁÊÀ
4530,2.42092e-322,0,30,1.6002e+08,4.94066e-323,6.95226e-310,ÎØÈÁÊÀ
4531,2.42092e-322,0,30,1.6002e+08,4.94066e-323,6.95226e-310,ÎØÈÁÊÀ
4532,2.42092e-322,0,30,1.6002e+08,4.94066e-323,6.95226e-310,ÎØÈÁÊÀ
4533,2.42092e-322,0,30,1.6002e+08,4.94066e-323,6.95226e-310,ÎØÈÁÊÀ
4534,2.42092e-322,0,30,1.6002e+08,4.94066e-323,6.95226e-310,ÎØÈÁÊÀ
4535,2.42092e-322,0,30,1.6002e+08,4.94066e-323,6.95226e-310,ÎØÈÁÊÀ
4536,2.42092e-322,0,30,1.6002e+08,4.94066e-323,6.95226e-310,ÎØÈÁÊÀ
4537,2.42092e-322,0,30,1.6002e+08,4.94066e-323,6.95226e-310,ÎØÈÁÊÀ
4538,2.42092e-322,0,30,1.6002e+08,4.94066e-323,6.95226e-310,ÎØÈÁÊÀ
4539,2.42092e-322,0,30,1.6002e+08,4.94066e-323,6.95226e-310,ÎØÈÁÊÀ
4540,2.42092e-322,0,30,1.6002e+08,4.94066e-323,6.95226e-310,ÎØÈÁÊÀ
4541,2.42092e-322,0,30,1.6002e+08,4.94066e-323,6.95226e-310,ÎØÈÁÊÀ
4542,2.42092e-322,0,30,1.6002e+08,4.94066e-323,6.95226e-310,ÎØÈÁÊÀ
4543,2.42092e-322,0,30,1.6002e+08,4.94066e-323,6.95226e-310,ÎØÈÁÊÀ
4544,2.42092e-322,0,30,1.6002e+08,4.94066e-323,6.95226e-310,ÎØÈÁÊÀ
4545,2.42092e-322,0,30,1.6002e+08,4.94066e-323,6.95226e-310,ÎØÈÁÊÀ
4546,2.42092e-322,0,30,1.6002e+08,4.94066e-323,6.95226e-310,ÎØÈÁÊÀ
4547,2.42092e-322,0,30,1.6002e+08,4.94066e-323,6.95226e-310,ÎØÈÁÊÀ
4548,2.42092e-322,0,30,1.6002e+08,4.94066e-323,6.95226e-310,ÎØÈÁÊÀ
4549,2.42092e-322,0,30,1.6002e+08,4.94066e-323,6.95226e-310,ÎØÈÁÊÀ
4550,2.42092e-322,0,30,1.6002e+08,4.94066e-323,6.95226e-310,ÎØÈÁÊÀ
4551,2.42092e-322,0,30,1.6002e+08,4.94066e-323,6.95226e-310,ÎØÈÁÊÀ
4552,2.42092e-322,0,30,1.6002e+08,4.94066e-323,6.95226e-310,ÎØÈÁÊÀ
4553,2.42092e-322,0,30,1.6002e+08,4.94066e-323,6.95226e-310,ÎØÈÁÊÀ
4554,2.42092e-322,0,30,1.6002e+08,4.94066e-323,6.95226e-310,ÎØÈÁÊÀ
4555,2.42092e-322,0,30,1.6002e+08,4.94066e-323,6.95226e-310,ÎØÈÁÊÀ
4556,2.42092e-322,0,30,1.6002e+08,4.94066e-323,6.95226e-310,ÎØÈÁÊÀ
4557,2.42092e-322,0,30,1.6002e+08,4.94066e-323,6.95226e-310,ÎØÈÁÊÀ
4558,2.42092e-322,0,30,1.6002e+08,4.94066e-323,6.95226e-310,ÎØÈÁÊÀ
4559,2.42092e-322,0,30,1.6002e+08,4.94066e-323,6.95226e-310,ÎØÈÁÊÀ
4560,2.42092e-322,0,30,1.6002e+08,4.94066e-323,6.95226e-310,ÎØÈÁÊÀ
4561,2.42092e-322,0,30,1.6002e+08,4.94066e-323,6.95226e-310,ÎØÈÁÊÀ
4562,2.42092e-322,0,30,1.6002e+08,4.94066e-323,6.95226e-310,ÎØÈÁÊÀ
4563,2.42092e-322,0,30,1.6002e+08,4.94066e-323,6.95226e-310,ÎØÈÁÊÀ
4564,2.42092e-322,0,30,1.6002e+08,4.94066e-323,6.95226e-310,ÎØÈÁÊÀ
4565,2.42092e-322,0,30,1.6002e+08,4.94066e-323,6.95226e-310,ÎØÈÁÊÀ
4566,2.42092e-322,0,30,1.6002e+08,4.94066e-323,6.95226e-310,ÎØÈÁÊÀ
4567,2.42092e-322,0,30,1.6002e+08,4.94066e-323,6.95226e-310,ÎØÈÁÊÀ
4568,2.42092e-322,0,30,1.6002e+08,4.94066e-323,6.95226e-310,ÎØÈÁÊÀ
4569,2.42092e-322,0,30,1.6002e+08,4.94066e-323,6.95226e-310,ÎØÈÁÊÀ
4570,2.42092e-322,0,30,1.6002e+08,4.94066e-323,6.95226e-310,ÎØÈÁÊÀ
4571,2.42092e-322,0,30,1.6002e+08,4.94066e-323,6.95226e-310,ÎØÈÁÊÀ
4572,2.42092e-322,0,30,1.6002e+08,4.94066e-323,6.95226e-310,ÎØÈÁÊÀ
4573,2.42092e-322,0,30,1.6002e+08,4.94066e-323,6.95226e-310,ÎØÈÁÊÀ
4574,2.42092e-322,0,30,1.6002e+08,4.94066e-323,6.95226e-310,ÎØÈÁÊÀ
4575,2.42092e-322,0,30,1.6002e+08,4.94066e-323,6.95226e-310,ÎØÈÁÊÀ
4576,2.42092e-322,0,30,1.6002e+08,4.94066e-323,6.95226e-310,ÎØÈÁÊÀ
4577,2.42092e-322,0,30,1.6002e+08,4.94066e-323,6.95226e-310,ÎØÈÁÊÀ
4578,2.42092e-322,0,30,1.6002e+08,4.94066e-323,6.95226e-310,ÎØÈÁÊÀ
4579,2.42092e-322,0,30,1.6002e+08,4.94066e-323,6.95226e-310,ÎØÈÁÊÀ
4580,2.42092e-322,0,30,1.6002e+08,4.94066e-323,6.95226e-310,ÎØÈÁÊÀ
4581,2.42092e-322,0,30,1.6002e+08,4.94066e-323,6.95226e-310,ÎØÈÁÊÀ
4582,2.42092e-322,0,30,1.6002e+08,4.94066e-323,6.95226e-310,ÎØÈÁÊÀ
4583,2.42092e-322,0,30,1.6002e+08,4.94066e-323,6.95226e-310,ÎØÈÁÊÀ
4584,2.42092e-322,0,30,1.6002e+08,4.94066e-323,6.95226e-310,ÎØÈÁÊÀ
4585,2.42092e-322,0,30,1.6002e+08,4.94066e-323,6.95226e-310,ÎØÈÁÊÀ
4586,2.42092e-322,0,30,1.6002e+08,4.94066e-323,6.95226e-310,ÎØÈÁÊÀ
4587,2.42092e-322,0,30,1.6002e+08,4.94066e-323,6.95226e-310,ÎØÈÁÊÀ
4588,2.42092e-322,0,30,1.6002e+08,4.94066e-323,6.95226e-310,ÎØÈÁÊÀ
4589,2.42092e-322,0,30,1.6002e+08,4.94066e-323,6.95226e-310,ÎØÈÁÊÀ
4590,2.42092e-322,0,30,1.6002e+08,4.94066e-323,6.95226e-310,ÎØÈÁÊÀ
4591,2.42092e-322,0,30,1.6002e+08,4.94066e-323,6.95226e-310,ÎØÈÁÊÀ
4592,2.42092e-322,0,30,1.6002e+08,4.94066e-323,6.95226e-310,ÎØÈÁÊÀ
4593,2.42092e-322,0,30,1.6002e+08,4.94066e-323,6.95226e-310,ÎØÈÁÊÀ
4594,2.42092e-322,0,30,1.6002e+08,4.94066e-323,6.95226e-310,ÎØÈÁÊÀ
4595,2.42092e-322,0,30,1.6002e+08,4.94066e-323,6.95226e-310,ÎØÈÁÊÀ
4596,2.42092e-322,0,30,1.6002e+08,4.94066e-323,6.95226e-310,ÎØÈÁÊÀ
4597,2.42092e-322,0,30,1.6002e+08,4.94066e-323,6.95226e-310,ÎØÈÁÊÀ
4598,2.42092e-322,0,30,1.6002e+08,4.94066e-323,6.95226e-310,ÎØÈÁÊÀ
4599,2.42092e-322,0,30,1.6002e+08,4.94066e-323,6.95226e-310,ÎØÈÁÊÀ
4600,2.42092e-322,0,30,1.6002e+08,4.94066e-323,6.95226e-310,ÎØÈÁÊÀ
4601,2.42092e-322,0,30,1.6002e+08,4.94066e-323,6.95226e-310,ÎØÈÁÊÀ
4602,2.42092e-322,0,30,1.6002e+08,4.94066e-323,6.95226e-310,ÎØÈÁÊÀ
4603,2.42092e-322,0,30,1.6002e+08,4.94066e-323,6.95226e-310,ÎØÈÁÊÀ
4604,2.42092e-322,0,30,1.6002e+08,4.94066e-323,6.95226e-310,ÎØÈÁÊÀ
4605,2.42092e-322,0,30,1.6002e+08,4.94066e-323,6.95226e-310,ÎØÈÁÊÀ
4606,2.42092e-322,0,30,1.6002e+08,4.94066e-323,6.95226e-310,ÎØÈÁÊÀ
4607,2.42092e-322,0,30,1.6002e+08,4.94066e-323,6.95226e-310,ÎØÈÁÊÀ
4608,2.42092e-322,0,30,1.6002e+08,4.94066e-323,6.95226e-310,ÎØÈÁÊÀ
4609,2.42092e-322,0,30,1.6002e+08,4.94066e-323,6.95226e-310,ÎØÈÁÊÀ
4610,2.42092e-322,0,30,1.6002e+08,4.94066e-323,6.95226e-310,ÎØÈÁÊÀ
4611,2.42092e-322,0,30,1.6002e+08,4.94066e-323,6.95226e-310,ÎØÈÁÊÀ
4612,2.42092e-322,0,30,1.6002e+08,4.94066e-323,6.95226e-310,ÎØÈÁÊÀ
4613,2.42092e-322,0,30,1.6002e+08,4.94066e-323,6.95226e-310,ÎØÈÁÊÀ
4614,2.42092e-322,0,30,1.6002e+08,4.94066e-323,6.95226e-310,ÎØÈÁÊÀ
4615,2.42092e-322,0,30,1.6002e+08,4.94066e-323,6.95226e-310,ÎØÈÁÊÀ
4616,2.42092e-322,0,30,1.6002e+08,4.94066e-323,6.95226e-310,ÎØÈÁÊÀ
4617,2.42092e-322,0,30,1.6002e+08,4.94066e-323,6.95226e-310,ÎØÈÁÊÀ
4618,2.42092e-322,0,30,1.6002e+08,4.94066e-323,6.95226e-310,ÎØÈÁÊÀ
4619,2.42092e-322,0,30,1.6002e+08,4.94066e-323,6.95226e-310,ÎØÈÁÊÀ
4620,2.42092e-322,0,30,1.6002e+08,4.94066e-323,6.95226e-310,ÎØÈÁÊÀ
4621,2.42092e-322,0,30,1.6002e+08,4.94066e-323,6.95226e-310,ÎØÈÁÊÀ
4622,2.42092e-322,0,30,1.6002e+08,4.94066e-323,6.95226e-310,ÎØÈÁÊÀ
4623,2.42092e-322,0,30,1.6002e+08,4.94066e-323,6.95226e-310,ÎØÈÁÊÀ
4624,2.42092e-322,0,30,1.6002e+08,4.94066e-323,6.95226e-310,ÎØÈÁÊÀ
4625,2.42092e-322,0,30,1.6002e+08,4.94066e-323,6.95226e-310,ÎØÈÁÊÀ
4626,2.42092e-322,0,30,1.6002e+08,4.94066e-323,6.95226e-310,ÎØÈÁÊÀ
4627,2.42092e-322,0,30,1.6002e+08,4.94066e-323,6.95226e-310,ÎØÈÁÊÀ
4628,2.42092e-322,0,30,1.6002e+08,4.94066e-323,6.95226e-310,ÎØÈÁÊÀ
4629,2.42092e-322,0,30,1.6002e+08,4.94066e-323,6.95226e-310,ÎØÈÁÊÀ
4630,2.42092e-322,0,30,1.6002e+08,4.94066e-323,6.95226e-310,ÎØÈÁÊÀ
4631,2.42092e-322,0,30,1.6002e+08,4.94066e-323,6.95226e-310,ÎØÈÁÊÀ
4632,2.42092e-322,0,30,1.6002e+08,4.94066e-323,6.95226e-310,ÎØÈÁÊÀ
4633,2.42092e-322,0,30,1.6002e+08,4.94066e-323,6.95226e-310,ÎØÈÁÊÀ
4634,2.42092e-322,0,30,1.60025e+08,4.94066e-323,6.95226e-310,ÎØÈÁÊÀ
4635,2.42092e-322,0,30,1.60025e+08,4.94066e-323,6.95226e-310,ÎØÈÁÊÀ
4636,2.42092e-322,0,30,1.60025e+08,4.94066e-323,6.95226e-310,ÎØÈÁÊÀ
4637,2.42092e-322,0,30,1.60025e+08,4.94066e-323,6.95226e-310,ÎØÈÁÊÀ
4638,2.42092e-322,0,30,1.60025e+08,4.94066e-323,6.95226e-310,ÎØÈÁÊÀ
4639,2.42092e-322,0,30,1.60025e+08,4.94066e-323,6.95226e-310,ÎØÈÁÊÀ
4640,2.42092e-322,0,30,1.60025e+08,4.94066e-323,6.95226e-310,ÎØÈÁÊÀ
4641,2.42092e-322,0,30,1.60025e+08,4.94066e-323,6.95226e-310,ÎØÈÁÊÀ
4642,2.42092e-322,0,30,1.60025e+08,4.94066e-323,6.95226e-310,ÎØÈÁÊÀ
4643,2.42092e-322,0,30,1.60025e+08,4.94066e-323,6.95226e-310,ÎØÈÁÊÀ
4644,2.42092e-322,0,30,1.60025e+08,4.94066e-323,6.95226e-310,ÎØÈÁÊÀ
4645,2.42092e-322,0,30,1.60025e+08,4.94066e-323,6.95226e-310,ÎØÈÁÊÀ
4646,2.42092e-322,0,30,1.60025e+08,4.94066e-323,6.95226e-310,ÎØÈÁÊÀ
4647,2.42092e-322,0,30,1.60025e+08,4.94066e-323,6.95226e-310,ÎØÈÁÊÀ
4648,2.42092e-322,0,30,1.60025e+08,4.94066e-323,6.95226e-310,ÎØÈÁÊÀ
4649,2.42092e-322,0,30,1.60025e+08,4.94066e-323,6.95226e-310,ÎØÈÁÊÀ
4650,2.42092e-322,0,30,1.60025e+08,4.94066e-323,6.95226e-310,ÎØÈÁÊÀ
4651,2.42092e-322,0,30,1.60025e+08,4.94066e-323,6.95226e-310,ÎØÈÁÊÀ
4652,2.42092e-322,0,30,1.60025e+08,4.94066e-323,6.95226e-310,ÎØÈÁÊÀ
4653,2.42092e-322,0,30,1.60025e+08,4.94066e-323,6.95226e-310,ÎØÈÁÊÀ
4654,2.42092e-322,0,30,1.60025e+08,4.94066e-323,6.95226e-310,ÎØÈÁÊÀ
4655,2.42092e-322,0,30,1.60025e+08,4.94066e-323,6.95226e-310,ÎØÈÁÊÀ
4656,2.42092e-322,0,30,1.60025e+08,4.94066e-323,6.95226e-310,ÎØÈÁÊÀ
4657,2.42092e-322,0,30,1.60025e+08,4.94066e-323,6.95226e-310,ÎØÈÁÊÀ
4658,2.42092e-322,0,30,1.60025e+08,4.94066e-323,6.95226e-310,ÎØÈÁÊÀ
4659,2.42092e-322,0,30,1.60025e+08,4.94066e-323,6.95226e-310,ÎØÈÁÊÀ
4660,2.42092e-322,0,30,1.60025e+08,4.94066e-323,6.95226e-310,ÎØÈÁÊÀ
4661,2.42092e-322,0,30,1.60025e+08,4.94066e-323,6.95226e-310,ÎØÈÁÊÀ
4662,2.42092e-322,0,30,1.60025e+08,4.94066e-323,6.95226e-310,ÎØÈÁÊÀ
4663,2.42092e-322,0,30,1.60025e+08,4.94066e-323,6.95226e-310,ÎØÈÁÊÀ
4664,2.42092e-322,0,30,1.60025e+08,4.94066e-323,6.95226e-310,ÎØÈÁÊÀ
4665,2.42092e-322,0,30,1.60025e+08,4.94066e-323,6.95226e-310,ÎØÈÁÊÀ
4666,2.42092e-322,0,30,1.60025e+08,4.94066e-323,6.95226e-310,ÎØÈÁÊÀ
4667,2.42092e-322,0,30,1.60025e+08,4.94066e-323,6.95226e-310,ÎØÈÁÊÀ
4668,2.42092e-322,0,30,1.60025e+08,4.94066e-323,6.95226e-310,ÎØÈÁÊÀ
4669,2.42092e-322,0,30,1.60025e+08,4.94066e-323,6.95226e-310,ÎØÈÁÊÀ
4670,2.42092e-322,0,30,1.60025e+08,4.94066e-323,6.95226e-310,ÎØÈÁÊÀ
4671,2.42092e-322,0,30,1.60025e+08,4.94066e-323,6.95226e-310,ÎØÈÁÊÀ
4672,2.42092e-322,0,30,1.60025e+08,4.94066e-323,6.95226e-310,ÎØÈÁÊÀ
4673,2.42092e-322,0,30,1.60025e+08,4.94066e-323,6.95226e-310,ÎØÈÁÊÀ
4674,2.42092e-322,0,30,1.60025e+08,4.94066e-323,6.95226e-310,ÎØÈÁÊÀ
4675,2.42092e-322,0,30,1.60025e+08,4.94066e-323,6.95226e-310,ÎØÈÁÊÀ
4676,2.42092e-322,0,30,1.60025e+08,4.94066e-323,6.95226e-310,ÎØÈÁÊÀ
4677,2.42092e-322,0,30,1.60025e+08,4.94066e-323,6.95226e-310,ÎØÈÁÊÀ
4678,2.42092e-322,0,30,1.60025e+08,4.94066e-323,6.95226e-310,ÎØÈÁÊÀ
4679,2.42092e-322,0,30,1.60025e+08,4.94066e-323,6.95226e-310,ÎØÈÁÊÀ
4680,2.42092e-322,0,30,1.60025e+08,4.94066e-323,6.95226e-310,ÎØÈÁÊÀ
4681,2.42092e-322,0,30,1.60025e+08,4.94066e-323,6.95226e-310,ÎØÈÁÊÀ
4682,2.42092e-322,0,30,1.60025e+08,4.94066e-323,6.95226e-310,ÎØÈÁÊÀ
4683,2.42092e-322,0,30,1.60025e+08,4.94066e-323,6.95226e-310,ÎØÈÁÊÀ
4684,2.42092e-322,0,30,1.60025e+08,4.94066e-323,6.95226e-310,ÎØÈÁÊÀ
4685,2.42092e-322,0,30,1.60025e+08,4.94066e-323,6.95226e-310,ÎØÈÁÊÀ
4686,2.42092e-322,0,30,1.60025e+08,4.94066e-323,6.95226e-310,ÎØÈÁÊÀ
4687,2.42092e-322,0,30,1.60025e+08,4.94066e-323,6.95226e-310,ÎØÈÁÊÀ
4688,2.42092e-322,0,30,1.60025e+08,4.94066e-323,6.95226e-310,ÎØÈÁÊÀ
4689,2.42092e-322,0,30,1.60025e+08,4.94066e-323,6.95226e-310,ÎØÈÁÊÀ
4690,2.42092e-322,0,30,1.60025e+08,4.94066e-323,6.95226e-310,ÎØÈÁÊÀ
4691,2.42092e-322,0,30,1.60025e+08,4.94066e-323,6.95226e-310,ÎØÈÁÊÀ
4692,2.42092e-322,0,30,1.60025e+08,4.94066e-323,6.95226e-310,ÎØÈÁÊÀ
4693,2.42092e-322,0,30,1.60025e+08,4.94066e-323,6.95226e-310,ÎØÈÁÊÀ
4694,2.42092e-322,0,30,1.60025e+08,4.94066e-323,6.95226e-310,ÎØÈÁÊÀ
4695,2.42092e-322,0,30,1.60025e+08,4.94066e-323,6.95226e-310,ÎØÈÁÊÀ
4696,2.42092e-322,0,30,1.60025e+08,4.94066e-323,6.95226e-310,ÎØÈÁÊÀ
4697,2.42092e-322,0,30,1.60025e+08,4.94066e-323,6.95226e-310,ÎØÈÁÊÀ
4698,2.42092e-322,0,30,1.60025e+08,4.94066e-323,6.95226e-310,ÎØÈÁÊÀ
4699,2.42092e-322,0,30,1.60025e+08,4.94066e-323,6.95226e-310,ÎØÈÁÊÀ
4700,2.42092e-322,0,30,1.60025e+08,4.94066e-323,6.95226e-310,ÎØÈÁÊÀ
4701,2.42092e-322,0,30,1.60025e+08,4.94066e-323,6.95226e-310,ÎØÈÁÊÀ
4702,2.42092e-322,0,30,1.60025e+08,4.94066e-323,6.95226e-310,ÎØÈÁÊÀ
4703,2.42092e-322,0,30,1.60025e+08,4.94066e-323,6.95226e-310,ÎØÈÁÊÀ
4704,2.42092e-322,0,30,1.60025e+08,4.94066e-323,6.95226e-310,ÎØÈÁÊÀ
4705,2.42092e-322,0,30,1.60025e+08,4.94066e-323,6.95226e-310,ÎØÈÁÊÀ
4706,2.42092e-322,0,30,1.60025e+08,4.94066e-323,6.95226e-310,ÎØÈÁÊÀ
4707,2.42092e-322,0,30,1.60025e+08,4.94066e-323,6.95226e-310,ÎØÈÁÊÀ
4708,2.42092e-322,0,30,1.60025e+08,4.94066e-323,6.95226e-310,ÎØÈÁÊÀ
4709,2.42092e-322,0,30,1.60025e+08,4.94066e-323,6.95226e-310,ÎØÈÁÊÀ
4710,2.42092e-322,0,30,1.60025e+08,4.94066e-323,6.95226e-310,ÎØÈÁÊÀ
4711,2.42092e-322,0,30,1.60025e+08,4.94066e-323,6.95226e-310,ÎØÈÁÊÀ
4712,2.42092e-322,0,30,1.60025e+08,4.94066e-323,6.95226e-310,ÎØÈÁÊÀ
4713,2.42092e-322,0,30,1.60025e+08,4.94066e-323,6.95226e-310,ÎØÈÁÊÀ
4714,2.42092e-322,0,30,1.60025e+08,4.94066e-323,6.95226e-310,ÎØÈÁÊÀ
4715,2.42092e-322,0,30,1.60025e+08,4.94066e-323,6.95226e-310,ÎØÈÁÊÀ
4716,2.42092e-322,0,30,1.60025e+08,4.94066e-323,6.95226e-310,ÎØÈÁÊÀ
4717,2.42092e-322,0,30,1.60025e+08,4.94066e-323,6.95226e-310,ÎØÈÁÊÀ
4718,2.42092e-322,0,30,1.60025e+08,4.94066e-323,6.95226e-310,ÎØÈÁÊÀ
4719,2.42092e-322,0,30,1.60025e+08,4.94066e-323,6.95226e-310,ÎØÈÁÊÀ
4720,2.42092e-322,0,30,1.60025e+08,4.94066e-323,6.95226e-310,ÎØÈÁÊÀ
4721,2.42092e-322,0,30,1.60025e+08,4.94066e-323,6.95226e-310,ÎØÈÁÊÀ
4722,2.42092e-322,0,30,1.60025e+08,4.94066e-323,6.95226e-310,ÎØÈÁÊÀ
4723,2.42092e-322,0,30,1.60025e+08,4.94066e-323,6.95226e-310,ÎØÈÁÊÀ
4724,2.42092e-322,0,30,1.60025e+08,4.94066e-323,6.95226e-310,ÎØÈÁÊÀ
4725,2.42092e-322,0,30,1.60025e+08,4.94066e-323,6.95226e-310,ÎØÈÁÊÀ
4726,2.42092e-322,0,30,1.60025e+08,4.94066e-323,6.95226e-310,ÎØÈÁÊÀ
4727,2.42092e-322,0,30,1.60025e+08,4.94066e-323,6.95226e-310,ÎØÈÁÊÀ
4728,2.42092e-322,0,30,1.60025e+08,4.94066e-323,6.95226e-310,ÎØÈÁÊÀ
4729,2.42092e-322,0,30,1.60025e+08,4.94066e-323,6.95226e-310,ÎØÈÁÊÀ
4730,2.42092e-322,0,30,1.60025e+08,4.94066e-323,6.95226e-310,ÎØÈÁÊÀ
4731,2.42092e-322,0,30,1.60025e+08,4.94066e-323,6.95226e-310,ÎØÈÁÊÀ
4732,2.42092e-322,0,30,1.60025e+08,4.94066e-323,6.95226e-310,ÎØÈÁÊÀ
4733,2.42092e-322,0,30,1.60025e+08,4.94066e-323,6.95226e-310,ÎØÈÁÊÀ
4734,2.42092e-322,0,30,1.60025e+08,4.94066e-323,6.95226e-310,ÎØÈÁÊÀ
4735,2.42092e-322,0,30,1.60025e+08,4.94066e-323,6.95226e-310,ÎØÈÁÊÀ
4736,2.42092e-322,0,30,1.60025e+08,4.94066e-323,6.95226e-310,ÎØÈÁÊÀ
4737,2.42092e-322,0,30,1.60025e+08,4.94066e-323,6.95226e-310,ÎØÈÁÊÀ
4738,2.42092e-322,0,30,1.60025e+08,4.94066e-323,6.95226e-310,ÎØÈÁÊÀ
4739,2.42092e-322,0,30,1.60025e+08,4.94066e-323,6.95226e-310,ÎØÈÁÊÀ
4740,2.42092e-322,0,30,1.60025e+08,4.94066e-323,6.95226e-310,ÎØÈÁÊÀ
4741,2.42092e-322,0,30,1.60025e+08,4.94066e-323,6.95226e-310,ÎØÈÁÊÀ
4742,2.42092e-322,0,30,1.60025e+08,4.94066e-323,6.95226e-310,ÎØÈÁÊÀ
4743,2.42092e-322,0,30,1.60025e+08,4.94066e-323,6.95226e-310,ÎØÈÁÊÀ
4744,2.42092e-322,0,30,1.60025e+08,4.94066e-323,6.95226e-310,ÎØÈÁÊÀ
4745,2.42092e-322,0,30,1.60025e+08,4.94066e-323,6.95226e-310,ÎØÈÁÊÀ
4746,2.42092e-322,0,30,1.60031e+08,4.94066e-323,6.95226e-310,ÎØÈÁÊÀ
4747,2.42092e-322,0,30,1.60031e+08,4.94066e-323,6.95226e-310,ÎØÈÁÊÀ
4748,2.42092e-322,0,30,1.60031e+08,4.94066e-323,6.95226e-310,ÎØÈÁÊÀ
4749,2.42092e-322,0,30,1.60031e+08,4.94066e-323,6.95226e-310,ÎØÈÁÊÀ
4750,2.42092e-322,0,30,1.60031e+08,4.94066e-323,6.95226e-310,ÎØÈÁÊÀ
4751,2.42092e-322,0,30,1.60031e+08,4.94066e-323,6.95226e-310,ÎØÈÁÊÀ
4752,2.42092e-322,0,30,1.60031e+08,4.94066e-323,6.95226e-310,ÎØÈÁÊÀ
4753,2.42092e-322,0,30,1.60031e+08,4.94066e-323,6.95226e-310,ÎØÈÁÊÀ
4754,2.42092e-322,0,30,1.60031e+08,4.94066e-323,6.95226e-310,ÎØÈÁÊÀ
4755,2.42092e-322,0,30,1.60031e+08,4.94066e-323,6.95226e-310,ÎØÈÁÊÀ
4756,2.42092e-322,0,30,1.60031e+08,4.94066e-323,6.95226e-310,ÎØÈÁÊÀ
4757,2.42092e-322,0,30,1.60031e+08,4.94066e-323,6.95226e-310,ÎØÈÁÊÀ
4758,2.42092e-322,0,30,1.60031e+08,4.94066e-323,6.95226e-310,ÎØÈÁÊÀ
4759,2.42092e-322,0,30,1.60031e+08,4.94066e-323,6.95226e-310,ÎØÈÁÊÀ
4760,2.42092e-322,0,30,1.60031e+08,4.94066e-323,6.95226e-310,ÎØÈÁÊÀ
4761,2.42092e-322,0,30,1.60031e+08,4.94066e-323,6.95226e-310,ÎØÈÁÊÀ
4762,2.42092e-322,0,30,1.60031e+08,4.94066e-323,6.95226e-310,ÎØÈÁÊÀ
4763,2.42092e-322,0,30,1.60031e+08,4.94066e-323,6.95226e-310,ÎØÈÁÊÀ
4764,2.42092e-322,0,30,1.60031e+08,4.94066e-323,6.95226e-310,ÎØÈÁÊÀ
4765,2.42092e-322,0,30,1.60031e+08,4.94066e-323,6.95226e-310,ÎØÈÁÊÀ
4766,2.42092e-322,0,30,1.60031e+08,4.94066e-323,6.95226e-310,ÎØÈÁÊÀ
4767,2.42092e-322,0,30,1.60031e+08,4.94066e-323,6.95226e-310,ÎØÈÁÊÀ
4768,2.42092e-322,0,30,1.60031e+08,4.94066e-323,6.95226e-310,ÎØÈÁÊÀ
4769,2.42092e-322,0,30,1.60031e+08,4.94066e-323,6.95226e-310,ÎØÈÁÊÀ
4770,2.42092e-322,0,30,1.60031e+08,4.94066e-323,6.95226e-310,ÎØÈÁÊÀ
4771,2.42092e-322,0,30,1.60031e+08,4.94066e-323,6.95226e-310,ÎØÈÁÊÀ
4772,2.42092e-322,0,30,1.60031e+08,4.94066e-323,6.95226e-310,ÎØÈÁÊÀ
4773,2.42092e-322,0,30,1.60031e+08,4.94066e-323,6.95226e-310,ÎØÈÁÊÀ
4774,2.42092e-322,0,30,1.60031e+08,4.94066e-323,6.95226e-310,ÎØÈÁÊÀ
4775,2.42092e-322,0,30,1.60031e+08,4.94066e-323,6.95226e-310,ÎØÈÁÊÀ
4776,2.42092e-322,0,30,1.60031e+08,4.94066e-323,6.95226e-310,ÎØÈÁÊÀ
4777,2.42092e-322,0,30,1.60031e+08,4.94066e-323,6.95226e-310,ÎØÈÁÊÀ
4778,2.42092e-322,0,30,1.60031e+08,4.94066e-323,6.95226e-310,ÎØÈÁÊÀ
4779,2.42092e-322,0,30,1.60031e+08,4.94066e-323,6.95226e-310,ÎØÈÁÊÀ
4780,2.42092e-322,0,30,1.60031e+08,4.94066e-323,6.95226e-310,ÎØÈÁÊÀ
4781,2.42092e-322,0,30,1.60031e+08,4.94066e-323,6.95226e-310,ÎØÈÁÊÀ
4782,2.42092e-322,0,30,1.60031e+08,4.94066e-323,6.95226e-310,ÎØÈÁÊÀ
4783,2.42092e-322,0,30,1.60031e+08,4.94066e-323,6.95226e-310,ÎØÈÁÊÀ
4784,2.42092e-322,0,30,1.60031e+08,4.94066e-323,6.95226e-310,ÎØÈÁÊÀ
4785,2.42092e-322,0,30,1.60031e+08,4.94066e-323,6.95226e-310,ÎØÈÁÊÀ
4786,2.42092e-322,0,30,1.60031e+08,4.94066e-323,6.95226e-310,ÎØÈÁÊÀ
4787,2.42092e-322,0,30,1.60031e+08,4.94066e-323,6.95226e-310,ÎØÈÁÊÀ
4788,2.42092e-322,0,30,1.60031e+08,4.94066e-323,6.95226e-310,ÎØÈÁÊÀ
4789,2.42092e-322,0,30,1.60031e+08,4.94066e-323,6.95226e-310,ÎØÈÁÊÀ
4790,2.42092e-322,0,30,1.60031e+08,4.94066e-323,6.95226e-310,ÎØÈÁÊÀ
4791,2.42092e-322,0,30,1.60031e+08,4.94066e-323,6.95226e-310,ÎØÈÁÊÀ
4792,2.42092e-322,0,30,1.60031e+08,4.94066e-323,6.95226e-310,ÎØÈÁÊÀ
4793,2.42092e-322,0,30,1.60031e+08,4.94066e-323,6.95226e-310,ÎØÈÁÊÀ
4794,2.42092e-322,0,30,1.60031e+08,4.94066e-323,6.95226e-310,ÎØÈÁÊÀ
4795,2.42092e-322,0,30,1.60031e+08,4.94066e-323,6.95226e-310,ÎØÈÁÊÀ
4796,2.42092e-322,0,30,1.60031e+08,4.94066e-323,6.95226e-310,ÎØÈÁÊÀ
4797,2.42092e-322,0,30,1.60031e+08,4.94066e-323,6.95226e-310,ÎØÈÁÊÀ
4798,2.42092e-322,0,30,1.60031e+08,4.94066e-323,6.95226e-310,ÎØÈÁÊÀ
4799,2.42092e-322,0,30,1.60031e+08,4.94066e-323,6.95226e-310,ÎØÈÁÊÀ
4800,2.42092e-322,0,30,1.60031e+08,4.94066e-323,6.95226e-310,ÎØÈÁÊÀ
4801,2.42092e-322,0,30,1.60031e+08,4.94066e-323,6.95226e-310,ÎØÈÁÊÀ
4802,2.42092e-322,0,30,1.60031e+08,4.94066e-323,6.95226e-310,ÎØÈÁÊÀ
4803,2.42092e-322,0,30,1.60031e+08,4.94066e-323,6.95226e-310,ÎØÈÁÊÀ
4804,2.42092e-322,0,30,1.60031e+08,4.94066e-323,6.95226e-310,ÎØÈÁÊÀ
4805,2.42092e-322,0,30,1.60031e+08,4.94066e-323,6.95226e-310,ÎØÈÁÊÀ
4806,2.42092e-322,0,30,1.60031e+08,4.94066e-323,6.95226e-310,ÎØÈÁÊÀ
4807,2.42092e-322,0,30,1.60031e+08,4.94066e-323,6.95226e-310,ÎØÈÁÊÀ
4808,2.42092e-322,0,30,1.60031e+08,4.94066e-323,6.95226e-310,ÎØÈÁÊÀ
4809,2.42092e-322,0,30,1.60031e+08,4.94066e-323,6.95226e-310,ÎØÈÁÊÀ
4810,2.42092e-322,0,30,1.60031e+08,4.94066e-323,6.95226e-310,ÎØÈÁÊÀ
4811,2.42092e-322,0,30,1.60031e+08,4.94066e-323,6.95226e-310,ÎØÈÁÊÀ
4812,2.42092e-322,0,30,1.60031e+08,4.94066e-323,6.95226e-310,ÎØÈÁÊÀ
4813,2.42092e-322,0,30,1.60031e+08,4.94066e-323,6.95226e-310,ÎØÈÁÊÀ
4814,2.42092e-322,0,30,1.60031e+08,4.94066e-323,6.95226e-310,ÎØÈÁÊÀ
4815,2.42092e-322,0,30,1.60031e+08,4.94066e-323,6.95226e-310,ÎØÈÁÊÀ
4816,2.42092e-322,0,30,1.60031e+08,4.94066e-323,6.95226e-310,ÎØÈÁÊÀ
4817,2.42092e-322,0,30,1.60031e+08,4.94066e-323,6.95226e-310,ÎØÈÁÊÀ
4818,2.42092e-322,0,30,1.60031e+08,4.94066e-323,6.95226e-310,ÎØÈÁÊÀ
4819,2.42092e-322,0,30,1.60031e+08,4.94066e-323,6.95226e-310,ÎØÈÁÊÀ
4820,2.42092e-322,0,30,1.60031e+08,4.94066e-323,6.95226e-310,ÎØÈÁÊÀ
4821,2.42092e-322,0,30,1.60031e+08,4.94066e-323,6.95226e-310,ÎØÈÁÊÀ
4822,2.42092e-322,0,30,1.60031e+08,4.94066e-323,6.95226e-310,ÎØÈÁÊÀ
4823,2.42092e-322,0,30,1.60031e+08,4.94066e-323,6.95226e-310,ÎØÈÁÊÀ
4824,2.42092e-322,0,30,1.60031e+08,4.94066e-323,6.95226e-310,ÎØÈÁÊÀ
4825,2.42092e-322,0,30,1.60031e+08,4.94066e-323,6.95226e-310,ÎØÈÁÊÀ
4826,2.42092e-322,0,30,1.60031e+08,4.94066e-323,6.95226e-310,ÎØÈÁÊÀ
4827,2.42092e-322,0,30,1.60031e+08,4.94066e-323,6.95226e-310,ÎØÈÁÊÀ
4828,2.42092e-322,0,30,1.60031e+08,4.94066e-323,6.95226e-310,ÎØÈÁÊÀ
4829,2.42092e-322,0,30,1.60031e+08,4.94066e-323,6.95226e-310,ÎØÈÁÊÀ
4830,2.42092e-322,0,30,1.60031e+08,4.94066e-323,6.95226e-310,ÎØÈÁÊÀ
4831,2.42092e-322,0,30,1.60031e+08,4.94066e-323,6.95226e-310,ÎØÈÁÊÀ
4832,2.42092e-322,0,30,1.60031e+08,4.94066e-323,6.95226e-310,ÎØÈÁÊÀ
4833,2.42092e-322,0,30,1.60031e+08,4.94066e-323,6.95226e-310,ÎØÈÁÊÀ
4834,2.42092e-322,0,30,1.60031e+08,4.94066e-323,6.95226e-310,ÎØÈÁÊÀ
4835,2.42092e-322,0,30,1.60031e+08,4.94066e-323,6.95226e-310,ÎØÈÁÊÀ
4836,2.42092e-322,0,30,1.60031e+08,4.94066e-323,6.95226e-310,ÎØÈÁÊÀ
4837,2.42092e-322,0,30,1.60031e+08,4.94066e-323,6.95226e-310,ÎØÈÁÊÀ
4838,2.42092e-322,0,30,1.60031e+08,4.94066e-323,6.95226e-310,ÎØÈÁÊÀ
4839,2.42092e-322,0,30,1.60031e+08,4.94066e-323,6.95226e-310,ÎØÈÁÊÀ
4840,2.42092e-322,0,30,1.60031e+08,4.94066e-323,6.95226e-310,ÎØÈÁÊÀ
4841,2.42092e-322,0,30,1.60031e+08,4.94066e-323,6.95226e-310,ÎØÈÁÊÀ
4842,2.42092e-322,0,30,1.60031e+08,4.94066e-323,6.95226e-310,ÎØÈÁÊÀ
4843,2.42092e-322,0,30,1.60031e+08,4.94066e-323,6.95226e-310,ÎØÈÁÊÀ
4844,2.42092e-322,0,30,1.60031e+08,4.94066e-323,6.95226e-310,ÎØÈÁÊÀ
4845,2.42092e-322,0,30,1.60031e+08,4.94066e-323,6.95226e-310,ÎØÈÁÊÀ
4846,2.42092e-322,0,30,1.60031e+08,4.94066e-323,6.95226e-310,ÎØÈÁÊÀ
4847,2.42092e-322,0,30,1.60031e+08,4.94066e-323,6.95226e-310,ÎØÈÁÊÀ
4848,2.42092e-322,0,30,1.60031e+08,4.94066e-323,6.95226e-310,ÎØÈÁÊÀ
4849,2.42092e-322,0,30,1.60031e+08,4.94066e-323,6.95226e-310,ÎØÈÁÊÀ
4850,2.42092e-322,0,30,1.60031e+08,4.94066e-323,6.95226e-310,ÎØÈÁÊÀ
4851,2.42092e-322,0,30,1.60031e+08,4.94066e-323,6.95226e-310,ÎØÈÁÊÀ
4852,2.42092e-322,0,30,1.60031e+08,4.94066e-323,6.95226e-310,ÎØÈÁÊÀ
4853,2.42092e-322,0,30,1.60031e+08,4.94066e-323,6.95226e-310,ÎØÈÁÊÀ
4854,2.42092e-322,0,30,1.60031e+08,4.94066e-323,6.95226e-310,ÎØÈÁÊÀ
4855,2.42092e-322,0,30,1.60031e+08,4.94066e-323,6.95226e-310,ÎØÈÁÊÀ
4856,2.42092e-322,0,30,1.60031e+08,4.94066e-323,6.95226e-310,ÎØÈÁÊÀ
4857,2.42092e-322,0,30,1.60031e+08,4.94066e-323,6.95226e-310,ÎØÈÁÊÀ
4858,2.42092e-322,0,30,1.60031e+08,4.94066e-323,6.95226e-310,ÎØÈÁÊÀ
4859,2.42092e-322,0,30,1.60031e+08,4.94066e-323,6.95226e-310,ÎØÈÁÊÀ
4860,2.42092e-322,0,30,1.60031e+08,4.94066e-323,6.95226e-310,ÎØÈÁÊÀ
4861,2.42092e-322,0,30,1.60031e+08,4.94066e-323,6.95226e-310,ÎØÈÁÊÀ
4862,2.42092e-322,0,30,1.6004e+08,4.94066e-323,6.95226e-310,ÎØÈÁÊÀ
4863,2.42092e-322,0,30,1.6004e+08,4.94066e-323,6.95226e-310,ÎØÈÁÊÀ
4864,2.42092e-322,0,30,1.6004e+08,4.94066e-323,6.95226e-310,ÎØÈÁÊÀ
4865,2.42092e-322,0,30,1.6004e+08,4.94066e-323,6.95226e-310,ÎØÈÁÊÀ
4866,2.42092e-322,0,30,1.6004e+08,4.94066e-323,6.95226e-310,ÎØÈÁÊÀ
4867,2.42092e-322,0,30,1.6004e+08,4.94066e-323,6.95226e-310,ÎØÈÁÊÀ
4868,2.42092e-322,0,30,1.6004e+08,4.94066e-323,6.95226e-310,ÎØÈÁÊÀ
4869,2.42092e-322,0,30,1.6004e+08,4.94066e-323,6.95226e-310,ÎØÈÁÊÀ
4870,2.42092e-322,0,30,1.6004e+08,4.94066e-323,6.95226e-310,ÎØÈÁÊÀ
4871,2.42092e-322,0,30,1.6004e+08,4.94066e-323,6.95226e-310,ÎØÈÁÊÀ
4872,2.42092e-322,0,30,1.6004e+08,4.94066e-323,6.95226e-310,ÎØÈÁÊÀ
4873,2.42092e-322,0,30,1.6004e+08,4.94066e-323,6.95226e-310,ÎØÈÁÊÀ
4874,2.42092e-322,0,30,1.6004e+08,4.94066e-323,6.95226e-310,ÎØÈÁÊÀ
4875,2.42092e-322,0,30,1.6004e+08,4.94066e-323,6.95226e-310,ÎØÈÁÊÀ
4876,2.42092e-322,0,30,1.6004e+08,4.94066e-323,6.95226e-310,ÎØÈÁÊÀ
4877,2.42092e-322,0,30,1.6004e+08,4.94066e-323,6.95226e-310,ÎØÈÁÊÀ
4878,2.42092e-322,0,30,1.6004e+08,4.94066e-323,6.95226e-310,ÎØÈÁÊÀ
4879,2.42092e-322,0,30,1.6004e+08,4.94066e-323,6.95226e-310,ÎØÈÁÊÀ
4880,2.42092e-322,0,30,1.6004e+08,4.94066e-323,6.95226e-310,ÎØÈÁÊÀ
4881,2.42092e-322,0,30,1.6004e+08,4.94066e-323,6.95226e-310,ÎØÈÁÊÀ
4882,2.42092e-322,0,30,1.6004e+08,4.94066e-323,6.95226e-310,ÎØÈÁÊÀ
4883,2.42092e-322,0,30,1.6004e+08,4.94066e-323,6.95226e-310,ÎØÈÁÊÀ
4884,2.42092e-322,0,30,1.6004e+08,4.94066e-323,6.95226e-310,ÎØÈÁÊÀ
4885,2.42092e-322,0,30,1.6004e+08,4.94066e-323,6.95226e-310,ÎØÈÁÊÀ
4886,2.42092e-322,0,30,1.6004e+08,4.94066e-323,6.95226e-310,ÎØÈÁÊÀ
4887,2.42092e-322,0,30,1.6004e+08,4.94066e-323,6.95226e-310,ÎØÈÁÊÀ
4888,2.42092e-322,0,30,1.6004e+08,4.94066e-323,6.95226e-310,ÎØÈÁÊÀ
4889,2.42092e-322,0,30,1.6004e+08,4.94066e-323,6.95226e-310,ÎØÈÁÊÀ
4890,2.42092e-322,0,30,1.6004e+08,4.94066e-323,6.95226e-310,ÎØÈÁÊÀ
4891,2.42092e-322,0,30,1.6004e+08,4.94066e-323,6.95226e-310,ÎØÈÁÊÀ
4892,2.42092e-322,0,30,1.6004e+08,4.94066e-323,6.95226e-310,ÎØÈÁÊÀ
4893,2.42092e-322,0,30,1.6004e+08,4.94066e-323,6.95226e-310,ÎØÈÁÊÀ
4894,2.42092e-322,0,30,1.6004e+08,4.94066e-323,6.95226e-310,ÎØÈÁÊÀ
4895,2.42092e-322,0,30,1.6004e+08,4.94066e-323,6.95226e-310,ÎØÈÁÊÀ
4896,2.42092e-322,0,30,1.6004e+08,4.94066e-323,6.95226e-310,ÎØÈÁÊÀ
4897,2.42092e-322,0,30,1.6004e+08,4.94066e-323,6.95226e-310,ÎØÈÁÊÀ
4898,2.42092e-322,0,30,1.6004e+08,4.94066e-323,6.95226e-310,ÎØÈÁÊÀ
4899,2.42092e-322,0,30,1.6004e+08,4.94066e-323,6.95226e-310,ÎØÈÁÊÀ
4900,2.42092e-322,0,30,1.6004e+08,4.94066e-323,6.95226e-310,ÎØÈÁÊÀ
4901,2.42092e-322,0,30,1.6004e+08,4.94066e-323,6.95226e-310,ÎØÈÁÊÀ
4902,2.42092e-322,0,30,1.6004e+08,4.94066e-323,6.95226e-310,ÎØÈÁÊÀ
4903,2.42092e-322,0,30,1.6004e+08,4.94066e-323,6.95226e-310,ÎØÈÁÊÀ
4904,2.42092e-322,0,30,1.6004e+08,4.94066e-323,6.95226e-310,ÎØÈÁÊÀ
4905,2.42092e-322,0,30,1.6004e+08,4.94066e-323,6.95226e-310,ÎØÈÁÊÀ
4906,2.42092e-322,0,30,1.6004e+08,4.94066e-323,6.95226e-310,ÎØÈÁÊÀ
4907,2.42092e-322,0,30,1.6004e+08,4.94066e-323,6.95226e-310,ÎØÈÁÊÀ
4908,2.42092e-322,0,30,1.6004e+08,4.94066e-323,6.95226e-310,ÎØÈÁÊÀ
4909,2.42092e-322,0,30,1.6004e+08,4.94066e-323,6.95226e-310,ÎØÈÁÊÀ
4910,2.42092e-322,0,30,1.6004e+08,4.94066e-323,6.95226e-310,ÎØÈÁÊÀ
4911,2.42092e-322,0,30,1.6004e+08,4.94066e-323,6.95226e-310,ÎØÈÁÊÀ
4912,2.42092e-322,0,30,1.6004e+08,4.94066e-323,6.95226e-310,ÎØÈÁÊÀ
4913,2.42092e-322,0,30,1.6004e+08,4.94066e-323,6.95226e-310,ÎØÈÁÊÀ
4914,2.42092e-322,0,30,1.6004e+08,4.94066e-323,6.95226e-310,ÎØÈÁÊÀ
4915,2.42092e-322,0,30,1.6004e+08,4.94066e-323,6.95226e-310,ÎØÈÁÊÀ
4916,2.42092e-322,0,30,1.6004e+08,4.94066e-323,6.95226e-310,ÎØÈÁÊÀ
4917,2.42092e-322,0,30,1.6004e+08,4.94066e-323,6.95226e-310,ÎØÈÁÊÀ
4918,2.42092e-322,0,30,1.6004e+08,4.94066e-323,6.95226e-310,ÎØÈÁÊÀ
4919,2.42092e-322,0,30,1.6004e+08,4.94066e-323,6.95226e-310,ÎØÈÁÊÀ
4920,2.42092e-322,0,30,1.6004e+08,4.94066e-323,6.95226e-310,ÎØÈÁÊÀ
4921,2.42092e-322,0,30,1.6004e+08,4.94066e-323,6.95226e-310,ÎØÈÁÊÀ
4922,2.42092e-322,0,30,1.6004e+08,4.94066e-323,6.95226e-310,ÎØÈÁÊÀ
4923,2.42092e-322,0,30,1.6004e+08,4.94066e-323,6.95226e-310,ÎØÈÁÊÀ
4924,2.42092e-322,0,30,1.6004e+08,4.94066e-323,6.95226e-310,ÎØÈÁÊÀ
4925,2.42092e-322,0,30,1.6004e+08,4.94066e-323,6.95226e-310,ÎØÈÁÊÀ
4926,2.42092e-322,0,30,1.6004e+08,4.94066e-323,6.95226e-310,ÎØÈÁÊÀ
4927,2.42092e-322,0,30,1.6004e+08,4.94066e-323,6.95226e-310,ÎØÈÁÊÀ
4928,2.42092e-322,0,30,1.6004e+08,4.94066e-323,6.95226e-310,ÎØÈÁÊÀ
4929,2.42092e-322,0,30,1.6004e+08,4.94066e-323,6.95226e-310,ÎØÈÁÊÀ
4930,2.42092e-322,0,30,1.6004e+08,4.94066e-323,6.95226e-310,ÎØÈÁÊÀ
4931,2.42092e-322,0,30,1.6004e+08,4.94066e-323,6.95226e-310,ÎØÈÁÊÀ
4932,2.42092e-322,0,30,1.6004e+08,4.94066e-323,6.95226e-310,ÎØÈÁÊÀ
4933,2.42092e-322,0,30,1.6004e+08,4.94066e-323,6.95226e-310,ÎØÈÁÊÀ
4934,2.42092e-322,0,30,1.6004e+08,4.94066e-323,6.95226e-310,ÎØÈÁÊÀ
4935,2.42092e-322,0,30,1.6004e+08,4.94066e-323,6.95226e-310,ÎØÈÁÊÀ
4936,2.42092e-322,0,30,1.6004e+08,4.94066e-323,6.95226e-310,ÎØÈÁÊÀ
4937,2.42092e-322,0,30,1.6004e+08,4.94066e-323,6.95226e-310,ÎØÈÁÊÀ
4938,2.42092e-322,0,30,1.6004e+08,4.94066e-323,6.95226e-310,ÎØÈÁÊÀ
4939,2.42092e-322,0,30,1.6004e+08,4.94066e-323,6.95226e-310,ÎØÈÁÊÀ
4940,2.42092e-322,0,30,1.6004e+08,4.94066e-323,6.95226e-310,ÎØÈÁÊÀ
4941,2.42092e-322,0,30,1.6004e+08,4.94066e-323,6.95226e-310,ÎØÈÁÊÀ
4942,2.42092e-322,0,30,1.6004e+08,4.94066e-323,6.95226e-310,ÎØÈÁÊÀ
4943,2.42092e-322,0,30,1.6004e+08,4.94066e-323,6.95226e-310,ÎØÈÁÊÀ
4944,2.42092e-322,0,30,1.6004e+08,4.94066e-323,6.95226e-310,ÎØÈÁÊÀ
4945,2.42092e-322,0,30,1.6004e+08,4.94066e-323,6.95226e-310,ÎØÈÁÊÀ
4946,2.42092e-322,0,30,1.6004e+08,4.94066e-323,6.95226e-310,ÎØÈÁÊÀ
4947,2.42092e-322,0,30,1.6004e+08,4.94066e-323,6.95226e-310,ÎØÈÁÊÀ
4948,2.42092e-322,0,30,1.6004e+08,4.94066e-323,6.95226e-310,ÎØÈÁÊÀ
4949,2.42092e-322,0,30,1.6004e+08,4.94066e-323,6.95226e-310,ÎØÈÁÊÀ
4950,2.42092e-322,0,30,1.6004e+08,4.94066e-323,6.95226e-310,ÎØÈÁÊÀ
4951,2.42092e-322,0,30,1.6004e+08,4.94066e-323,6.95226e-310,ÎØÈÁÊÀ
4952,2.42092e-322,0,30,1.6004e+08,4.94066e-323,6.95226e-310,ÎØÈÁÊÀ
4953,2.42092e-322,0,30,1.6004e+08,4.94066e-323,6.95226e-310,ÎØÈÁÊÀ
4954,2.42092e-322,0,30,1.6004e+08,4.94066e-323,6.95226e-310,ÎØÈÁÊÀ
4955,2.42092e-322,0,30,1.6004e+08,4.94066e-323,6.95226e-310,ÎØÈÁÊÀ
4956,2.42092e-322,0,30,1.6004e+08,4.94066e-323,6.95226e-310,ÎØÈÁÊÀ
4957,2.42092e-322,0,30,1.6004e+08,4.94066e-323,6.95226e-310,ÎØÈÁÊÀ
4958,2.42092e-322,0,30,1.6004e+08,4.94066e-323,6.95226e-310,ÎØÈÁÊÀ
4959,2.42092e-322,0,30,1.6004e+08,4.94066e-323,6.95226e-310,ÎØÈÁÊÀ
4960,2.42092e-322,0,30,1.6004e+08,4.94066e-323,6.95226e-310,ÎØÈÁÊÀ
4961,2.42092e-322,0,30,1.6004e+08,4.94066e-323,6.95226e-310,ÎØÈÁÊÀ
4962,2.42092e-322,0,30,1.6004e+08,4.94066e-323,6.95226e-310,ÎØÈÁÊÀ
4963,2.42092e-322,0,30,1.6004e+08,4.94066e-323,6.95226e-310,ÎØÈÁÊÀ
4964,2.42092e-322,0,30,1.6004e+08,4.94066e-323,6.95226e-310,ÎØÈÁÊÀ
4965,2.42092e-322,0,30,1.6004e+08,4.94066e-323,6.95226e-310,ÎØÈÁÊÀ
4966,2.42092e-322,0,30,1.6004e+08,4.94066e-323,6.95226e-310,ÎØÈÁÊÀ
4967,2.42092e-322,0,30,1.6004e+08,4.94066e-323,6.95226e-310,ÎØÈÁÊÀ
4968,2.42092e-322,0,30,1.6004e+08,4.94066e-323,6.95226e-310,ÎØÈÁÊÀ
4969,2.42092e-322,0,30,1.6004e+08,4.94066e-323,6.95226e-310,ÎØÈÁÊÀ
4970,2.42092e-322,0,30,1.6004e+08,4.94066e-323,6.95226e-310,ÎØÈÁÊÀ
4971,2.42092e-322,0,30,1.6004e+08,4.94066e-323,6.95226e-310,ÎØÈÁÊÀ
4972,2.42092e-322,0,30,1.6004e+08,4.94066e-323,6.95226e-310,ÎØÈÁÊÀ
4973,2.42092e-322,0,30,1.6004e+08,4.94066e-323,6.95226e-310,ÎØÈÁÊÀ
4974,2.42092e-322,0,30,1.6004e+08,4.94066e-323,6.95226e-310,ÎØÈÁÊÀ
4975,2.42092e-322,0,30,1.6004e+08,4.94066e-323,6.95226e-310,ÎØÈÁÊÀ
4976,2.42092e-322,0,30,1.6004e+08,4.94066e-323,6.95226e-310,ÎØÈÁÊÀ
4977,2.42092e-322,0,30,1.6004e+08,4.94066e-323,6.95226e-310,ÎØÈÁÊÀ
4978,2.42092e-322,0,30,1.6004e+08,4.94066e-323,6.95226e-310,ÎØÈÁÊÀ
4979,2.42092e-322,0,30,1.6004e+08,4.94066e-323,6.95226e-310,ÎØÈÁÊÀ
4980,2.42092e-322,0,30,1.6004e+08,4.94066e-323,6.95226e-310,ÎØÈÁÊÀ
4981,2.42092e-322,0,30,1.6004e+08,4.94066e-323,6.95226e-310,ÎØÈÁÊÀ
4982,2.42092e-322,0,30,1.6004e+08,4.94066e-323,6.95226e-310,ÎØÈÁÊÀ
4983,2.42092e-322,0,30,1.6004e+08,4.94066e-323,6.95226e-310,ÎØÈÁÊÀ
4984,2.42092e-322,0,30,1.6004e+08,4.94066e-323,6.95226e-310,ÎØÈÁÊÀ
4985,2.42092e-322,0,30,1.6004e+08,4.94066e-323,6.95226e-310,ÎØÈÁÊÀ
4986,2.42092e-322,0,30,1.6004e+08,4.94066e-323,6.95226e-310,ÎØÈÁÊÀ
4987,2.42092e-322,0,30,1.6004e+08,4.94066e-323,6.95226e-310,ÎØÈÁÊÀ
4988,2.42092e-322,0,30,1.6004e+08,4.94066e-323,6.95226e-310,ÎØÈÁÊÀ
4989,2.42092e-322,0,30,1.6004e+08,4.94066e-323,6.95226e-310,ÎØÈÁÊÀ
4990,2.42092e-322,0,30,1.6004e+08,4.94066e-323,6.95226e-310,ÎØÈÁÊÀ
4991,2.42092e-322,0,30,1.6004e+08,4.94066e-323,6.95226e-310,ÎØÈÁÊÀ
4992,2.42092e-322,0,30,1.6004e+08,4.94066e-323,6.95226e-310,ÎØÈÁÊÀ
4993,2.42092e-322,0,30,1.6004e+08,4.94066e-323,6.95226e-310,ÎØÈÁÊÀ
4994,2.42092e-322,0,30,1.6004e+08,4.94066e-323,6.95226e-310,ÎØÈÁÊÀ
4995,2.42092e-322,0,30,1.6004e+08,4.94066e-323,6.95226e-310,ÎØÈÁÊÀ
4996,2.42092e-322,0,30,1.6004e+08,4.94066e-323,6.95226e-310,ÎØÈÁÊÀ
4997,2.42092e-322,0,30,1.6004e+08,4.94066e-323,6.95226e-310,ÎØÈÁÊÀ
4998,2.42092e-322,0,30,1.6004e+08,4.94066e-323,6.95226e-310,ÎØÈÁÊÀ
4999,2.42092e-322,0,30,1.6004e+08,4.94066e-323,6.95226e-310,ÎØÈÁÊÀ
5000,2.42092e-322,0,30,1.6004e+08,4.94066e-323,6.95226e-310,ÎØÈÁÊÀ
