Номер,Тип,Модель,Типоразмер,Диаметр ММ,Производительность м3/ч,Давление(па),Мощность(ВТ),Уровень шума,Цена в рублях
1,ВО,ВО 30-160-040-1,ВО 30-160-040,400,900 - 3600,30 - 170,180,82,18 500
2,ВО,ВО 30-160-040-2,ВО 30-160-040,400,1200 - 4800,40 - 220,180,87,19 200
3,ВО,ВО 30-160-040-3,ВО 30-160-040,400,1800 - 7200,50 - 300,250,88,22 800
4,ВО,ВО 30-160-040-4,ВО 30-160-040,400,2400 - 9600,60 - 350,370,91,28 400
5,ВО,ВО 30-160-040-5,ВО 30-160-040,400,3600 - 14400,120 - 500,1100,94,75 600
6,ВО,ВО 30-160-050-1,ВО 30-160-050,500,1800 - 7200,40 - 220,370,86,35 100
7,ВО,ВО 30-160-050-2,ВО 30-160-050,500,2400 - 9600,60 - 300,550,91,42 300
8,ВО,ВО 30-160-050-3,ВО 30-160-050,500,3000 - 12000,80 - 350,750,92,51 700
9,ВО,ВО 30-160-050-4,ВО 30-160-050,500,3600 - 14400,100 - 400,1100,95,68 900
10,ВО,ВО 30-160-050-5,ВО 30-160-050,500,5400 - 21600,180 - 600,3000,98,185 000
11,ВО,ВО 30-160-063-1,ВО 30-160-063,630,3600 - 14400,100 - 400,1100,92,55 200
12,ВО,ВО 30-160-063-2,ВО 30-160-063,630,4800 - 19200,150 - 500,2200,95,82 500
13,ВО,ВО 30-160-063-3,ВО 30-160-063,630,4800 - 19200,150 - 500,2200,96,88 100
14,ВО,ВО 30-160-063-4,ВО 30-160-063,630,6000 - 24000,200 - 600,3000,99,112 700
15,ВО,ВО 30-160-071-1,ВО 30-160-071,710,6000 - 24000,150 - 500,2200,96,98 300
16,ВО,ВО 30-160-071-2,ВО 30-160-071,710,7200 - 28800,200 - 600,3000,99,124 600
17,ВО,ВО 30-160-071-3,ВО 30-160-071,710,8400 - 33600,300 - 800,5500,101,156 400
18,ВО,ВО 30-160-071-4,ВО 30-160-071,710,9000 - 36000,400 - 1000,7500,104,189 200
19,ВО,ВО 30-160-080-1,ВО 30-160-080,800,8400 - 33600,200 - 600,4000,100,115 800
20,ВО,ВО 30-160-080-2,ВО 30-160-080,800,9600 - 38400,300 - 800,5500,103,147 500
21,ВО,ВО 30-160-080-3,ВО 30-160-080,800,12000 - 48000,500 - 1200,11000,104,215 300
22,ВО,ВО 30-160-080-4,ВО 30-160-080,800,12000 - 48000,500 - 1200,11000,107,242 100
23,ВО,ВО 30-160-090-1,ВО 30-160-090,900,10800 - 43200,100 - 300,2200,93,128 900
24,ВО,ВО 30-160-090-2,ВО 30-160-090,900,12000 - 48000,150 - 400,3000,97,154 200
25,ВО,ВО 30-160-090-3,ВО 30-160-090,900,14400 - 57600,200 - 500,5500,100,198 700
26,ВО,ВО 30-160-090-4,ВО 30-160-090,900,16800 - 67200,300 - 600,7500,103,235 400
27,ВО,ВО 30-160-090-5,ВО 30-160-090,900,18000 - 72000,400 - 800,7500,105,278 900
28,ВО,ВО 30-160-090-6,ВО 30-160-090,900,20400 - 81600,500 - 1000,11000,108,315 600
29,ВО,ВО 30-160-090-7,ВО 30-160-090,900,24000 - 96000,700 - 1200,15000,109,142 300
30,ВО,ВО 30-160-090-8,ВО 30-160-090,900,26400 - 105600,800 - 1400,22000,110,173 800
31,ВО,ВО 30-160-100-1,ВО 30-160-100,1000,16800 - 67200,150 - 400,4000,97,218 500
32,ВО,ВО 30-160-100-2,ВО 30-160-100,1000,19200 - 76800,200 - 500,5500,100,267 900
33,ВО,ВО 30-160-100-3,ВО 30-160-100,1000,21600 - 86400,300 - 600,7500,102,302 400
34,ВО,ВО 30-160-100-4,ВО 30-160-100,1000,24000 - 96000,400 - 800,11000,105,389 700
35,ВО,ВО 30-160-100-5,ВО 30-160-100,1000,25200 - 100800,500 - 1000,11000,107,478 200
36,ВО,ВО 30-160-100-6,ВО 30-160-100,1000,28800 - 115200,700 - 1200,18500,110,158 600
37,ВО,ВО 30-160-100-7,ВО 30-160-100,1000,32400 - 129600,900 - 1500,30000,111,189 400
38,ВО,ВО 30-160-112-1,ВО 30-160-112,1120,20400 - 81600,200 - 500,5500,101,241 800
39,ВО,ВО 30-160-112-2,ВО 30-160-112,1120,24000 - 96000,300 - 600,11000,104,296 500
40,ВО,ВО 30-160-112-3,ВО 30-160-112,1120,27600 - 110400,400 - 800,15000,106,332 100
41,ВО,ВО 30-160-112-4,ВО 30-160-112,1120,30000 - 120000,500 - 1000,18500,109,425 300
42,ВО,ВО 30-160-125-1,ВО 30-160-125,1250,27600 - 110400,300 - 600,11000,105,521 700
43,ВО,ВО 30-160-125-2,ВО 30-160-125,1250,30000 - 120000,400 - 800,15000,108,187 900
44,ВО,ВО 30-160-125-3,ВО 30-160-125,1250,33600 - 134400,500 - 1000,22000,109,224 600
45,ВО,ВО 30-160-125-4,ВО 30-160-125,1250,37200 - 148800,600 - 1200,37000,112,273 800
46,УВОП,УВОП-А-5-2,УВОП-А-5-2,508,10800 - 39600,460 - 95,1100,99,319 400
47,УВОП,УВОП-Б-5-2,УВОП-Б-5-2,508,13320 - 39600,580 - 95,1500,100,385 200
48,УВОП,УВОП-В-5-2,УВОП-В-5-2,508,19800 - 54000,700 - 175,2200,98,472 800
49,УВОП,УВОП-Г-5-2,УВОП-Г-5-2,508,19800 - 64800,770 - 245,3000,98,589 100
50,УВОП,УВОП-Д-5-2,УВОП-Д-5-2,508,34560 - 79200,800 - 370,4000,97,654 300
51,УВОП,"УВОП-А-6,3-2","УВОП-А-6,3-2",638,35640 - 79200,875 - 150,4000,108,205 500
52,УВОП,"УВОП-Б-6,3-2","УВОП-Б-6,3-2",638,35640 - 79200,875 - 150,5500,107,253 700
53,УВОП,"УВОП-В-6,3-2","УВОП-В-6,3-2",638,35640 - 79200,875 - 150,5500,102,308 900
54,УВОП,"УВОП-Г-6,3-2","УВОП-Г-6,3-2",638,35640 - 79200,875 - 150,7500,106,367 200
55,УВОП,"УВОП-Д-6,3-2","УВОП-Д-6,3-2",638,35640 - 79200,875 - 150,11000,105,428 500
56,УВОП,УВОП-А-8-4,УВОП-А-8-4,816,41400 - 133200,510 - 155,4000,94,535 600
57,УВОП,УВОП-Б-8-4,УВОП-Б-8-4,816,54720 - 147600,520 - 190,5500,93,682 400
58,УВОП,УВОП-В-8-4,УВОП-В-8-4,816,69120 - 165600,530 - 250,5500,92,795 800
59,УВОП,УВОП-Г-8-4,УВОП-Г-8-4,816,86400 - 176400,615 - 270,7500,93,218 700
60,УВОП,УВОП-Д-8-4,УВОП-Д-8-4,816,84600 - 144000,680 - 180,7500,95,275 300
61,УВОП,УВОП-Е-8-4,УВОП-Е-8-4,816,103680 - 183600,610 - 290,11000,94,332 100
62,УВОП,УВОП-Ж-8-4,УВОП-Ж-8-4,816,98280 - 162000,700 - 230,11000,95,410 500
63,УВОП,УВОП-А-8-2,УВОП-А-8-2,816,63000 - 151200,1150 - 180,11000,102,478 900
64,УВОП,УВОП-Б-8-2,УВОП-Б-8-2,816,79200 - 198000,1310 - 300,15000,104,582 600
65,УВОП,УВОП-В-8-2,УВОП-В-8-2,816,100800 - 216000,1330 - 400,18500,106,748 200
66,УВОП,УВОП-Г-8-2,УВОП-Г-8-2,816,97200 - 223200,1360 - 490,22000,107,876 500
67,УВОП,УВОП-Д-8-2,УВОП-Д-8-2,816,79200 - 191520,1530 - 286,18500,108,245 800
68,УВОП,УВОП-Е-8-2,УВОП-Е-8-2,816,100800 - 236880,1480 - 515,22000,109,298 400
69,УВОП,УВОП-А-10-6,УВОП-А-10-6,1016,28800 - 64800,170 - 20,750,82,365 200
70,УВОП,УВОП-Б-10-6,УВОП-Б-10-6,1016,43200 - 90000,190 - 30,1100,84,442 700
71,УВОП,УВОП-В-10-6,УВОП-В-10-6,1016,50400 - 118800,220 - 50,2200,87,518 900
72,УВОП,УВОП-Г-10-6,УВОП-Г-10-6,1016,64800 - 136800,220 - 70,2200,89,643 100
73,УВОП,УВОП-Д-10-6,УВОП-Д-10-6,1016,75600 - 165600,250 - 100,3000,91,792 500
74,УВОП,УВОП-Е-10-6,УВОП-Е-10-6,1016,86400 - 183600,260 - 125,4000,92,910 300
75,УВОП,УВОП-А-10-4,УВОП-А-10-4,1016,43200 - 100800,400 - 38,3000,91,289 600
76,УВОП,УВОП-Б-10-4,УВОП-Б-10-4,1016,57600 - 136800,450 - 70,4000,94,345 800
77,УВОП,УВОП-В-10-4,УВОП-В-10-4,1016,86400 - 180000,500 - 120,5500,96,418 300
78,УВОП,УВОП-Г-10-4,УВОП-Г-10-4,1016,100800 - 212400,520 - 170,7500,98,502 700
79,УВОП,УВОП-Д-10-4,УВОП-Д-10-4,1016,118800 - 252000,580 - 230,11000,100,585 400
80,УВОП,УВОП-Е-10-4,УВОП-Е-10-4,1016,133200 - 284400,600 - 290,15000,101,712 900
81,УВОП,"УВОП-А-12,5-6","УВОП-А-12,5-6",1266,86400 - 193320,350 - 90,5500,94,885 600
82,УВОП,"УВОП-Б-12,5-6","УВОП-Б-12,5-6",1266,118800 - 238680,400 - 140,7500,96,1 025 800
83,УВОП,"УВОП-В-12,5-6","УВОП-В-12,5-6",1266,147600 - 298440,440 - 220,11000,98,324 500
84,УВОП,"УВОП-Г-12,5-6","УВОП-Г-12,5-6",1266,162000 - 337320,430 - 280,15000,100,389 200
85,УВОП,"УВОП-А-12,5-4","УВОП-А-12,5-4",1266,136800 - 257760,760 - 165,15000,101,475 800
86,УВОП,"УВОП-Б-12,5-4","УВОП-Б-12,5-4",1266,165600 - 331320,900 - 270,22000,105,567 400
87,УВОП,"УВОП-В-12,5-4","УВОП-В-12,5-4",1266,198000 - 396000,935 - 390,30000,106,658 900
88,УВОП,"УВОП-Г-12,5-4","УВОП-Г-12,5-4",1266,216000 - 453600,990 - 510,45000,108,805 200
89,УВОП,"УВОП-Д-12,5-4","УВОП-Д-12,5-4",1266,205200 - 432000,1130 - 460,37000,110,992 700
90,ВО,ВО 13-284-4/15°-4,ВО 13-284-4/15°-4,400,900 - 2520,52 - 22,120,82,1 140 300
91,ВО,ВО 13-284-4/20°-4,ВО 13-284-4/20°-4,400,1296 - 2952,59 - 33,120,87,358 700
92,ВО,ВО 13-284-4/25°-4,ВО 13-284-4/25°-4,400,1908 - 3420,62 - 43,120,88,428 900
93,ВО,ВО 13-284-4/30°-4,ВО 13-284-4/30°-4,400,2592 - 3960,65 - 55,120,91,515 600
94,ВО,ВО 13-284-4/15°-4,ВО 13-284-4/15°-4,400,1836 - 5040,209 - 90,250,94,624 300
95,ВО,ВО 13-284-4/20°-4,ВО 13-284-4/20°-4,400,2664 - 5760,240 - 131,370,91,735 800
96,ВО,ВО 13-284-4/25°-4,ВО 13-284-4/25°-4,400,3636 - 6840,250 - 175,550,92,912 400
97,ВО,ВО 13-284-4/30°-4,ВО 13-284-4/30°-4,400,5040 - 7560,260 - 220,550,95,1 128 500
98,ВО,ВО 13-284-6/15°-4,ВО 13-284-6/15°-4,630,1044 - 2520,69 - 26,120,82,1 310 600
99,ВО,ВО 13-284-6/20°-4,ВО 13-284-6/20°-4,630,1296 - 3168,75 - 39,120,87,412 300
100,ВО,ВО 13-284-6/25°-4,ВО 13-284-6/25°-4,630,1872 - 3600,82 - 51,120,88,495 600
101,ВО,ВО 13-284-6/30°-4,ВО 13-284-6/30°-4,630,2448 - 4068,87 - 63,120,91,589 700
102,ВО,ВО 13-284-6/15°-4,ВО 13-284-6/15°-4,630,2088 - 5292,280 - 105,370,94,702 400
103,ВО,ВО 13-284-6/20°-4,ВО 13-284-6/20°-4,630,2592 - 6372,308 - 155,550,91,825 100
104,ВО,ВО 13-284-6/25°-4,ВО 13-284-6/25°-4,630,3960 - 7560,345 - 213,750,92,1 028 900
105,ВО,ВО 13-284-6/30°-4,ВО 13-284-6/30°-4,630,5040 - 8280,365 - 264,1100,95,1 275 300
106,ВО,ВО 13-284-8/20°-4,ВО 13-284-8/20°-4,800,1476 - 3312,85 - 41,250,86,1 480 700
107,ВО,ВО 13-284-8/25°-4,ВО 13-284-8/25°-4,800,1764 - 3960,97 - 56,250,88,17 200
108,ВО,ВО 13-284-8/30°-4,ВО 13-284-8/30°-4,800,2592 - 4320,100 - 68,250,91,18 900
109,ВО,ВО 13-284-8/20°-4,ВО 13-284-8/20°-4,800,2952 - 6480,350 - 167,550,91,20 400
110,ВО,ВО 13-284-8/25°-4,ВО 13-284-8/25°-4,800,3600 - 7920,410 - 235,1100,96,23 800
111,ВО,ВО 13-284-8/30°-4,ВО 13-284-8/30°-4,800,5328 - 8640,420 - 282,1100,96,28 500
112,ВО,ВО 13-284-10/20°-4,ВО 13-284-10/20°-4,1000,1512 - 3384,95 - 44,250,86,32 100
113,ВО,ВО 13-284-10/25°-4,ВО 13-284-10/25°-4,1000,1836 - 3960,110 - 61,250,88,38 700
114,ВО,ВО 13-284-10/30°-4,ВО 13-284-10/30°-4,1000,2628 - 4320,110 - 71,250,91,45 200
115,ВО,ВО 13-284-10/20°-4,ВО 13-284-10/20°-4,1000,2988 - 6840,380 - 177,550,91,51 800
116,ВО,ВО 13-284-10/25°-4,ВО 13-284-10/25°-4,1000,3600 - 8280,465 - 254,1100,96,60 300
117,ВО,ВО 13-284-10/30°-4,ВО 13-284-10/30°-4,1000,5400 - 8640,467 - 297,1100,96,29 100
118,ВЦ,ВЦ 14-46-2-АИР56В4,АИР56В4,200,605 - 874,256 - 266,180,59,2000
119,ВЦ,ВЦ 14-46-2-АИР56В4-01,АИР56В4,200,645 - 922,272 - 276,180,61,1700
120,ВЦ,ВЦ 14-46-2-АИР56В4-02,АИР56В4,200,555 - 831,242 - 251,180,64,1600
121,ВЦ,ВЦ 14-46-2-АИР56В4-03,АИР56В4,200,676 - 1027,283 - 308,180,64,1700
122,ВЦ,ВЦ 14-46-2-АИР56В4-04,АИР56В4,200,570 - 897,250 - 256,180,59,1700
123,ВЦ,ВЦ 14-46-2-АИР63А4,АИР63А4,200,594 - 1134,253 - 264,250,59,2600
124,ВЦ,ВЦ 14-46-2-АИР63А4-01,АИР63А4,200,625 - 1211,278 - 280,250,63,2300
125,ВЦ,ВЦ 14-46-2-АИР63А4-02,АИР63А4,200,559 - 1029,235 - 241,250,59,2500
126,ВЦ,ВЦ 14-46-2-АИР63А4-03,АИР63А4,200,687 - 1279,290 - 303,250,60,2100
127,ВЦ,ВЦ 14-46-2-АИР63А4-04,АИР63А4,200,572 - 1100,259 - 259,250,60,2200
128,ВЦ,ВЦ 14-46-2-АИР63В4,АИР63В4,200,591 - 1147,256 - 272,370,72,2400
129,ВЦ,ВЦ 14-46-2-АИР63В4-01,АИР63В4,200,623 - 1227,266 - 284,370,69,2600
130,ВЦ,ВЦ 14-46-2-АИР63В4-02,АИР63В4,200,538 - 1084,240 - 247,370,67,2800
131,ВЦ,ВЦ 14-46-2-АИР63В4-03,АИР63В4,200,668 - 1320,290 - 293,370,67,2900
132,ВЦ,ВЦ 14-46-2-АИР63В4-04,АИР63В4,200,583 - 1132,251 - 258,370,69,2400
133,ВЦ,ВЦ 14-46-2-АИР80А2,АИР80А2,200,1339 - 2001,1171 - 1216,1500,71,6300
134,ВЦ,ВЦ 14-46-2-АИР80А2-01,АИР80А2,200,1337 - 2123,1267 - 1303,1500,79,8600
135,ВЦ,ВЦ 14-46-2-АИР80А2-02,АИР80А2,200,1198 - 1892,1116 - 1128,1500,71,7700
136,ВЦ,ВЦ 14-46-2-АИР80А2-03,АИР80А2,200,1459 - 2209,1355 - 1367,1500,76,6300
137,ВЦ,ВЦ 14-46-2-АИР80А2-04,АИР80А2,200,1223 - 1966,1179 - 1247,1500,72,7200
138,ВЦ,ВЦ 14-46-2-АИР80В2,АИР80В2,200,1269 - 2519,1201 - 1225,2200,73,8400
139,ВЦ,ВЦ 14-46-2-АИР80В2-01,АИР80В2,200,1386 - 2631,1262 - 1281,2200,70,10100
140,ВЦ,ВЦ 14-46-2-АИР80В2-02,АИР80В2,200,1195 - 2246,1095 - 1136,2200,74,8800
141,ВЦ,ВЦ 14-46-2-АИР80В2-03,АИР80В2,200,1433 - 2811,1310 - 1363,2200,71,11500
142,ВЦ,ВЦ 14-46-2-АИР80В2-04,АИР80В2,200,1263 - 2371,1175 - 1195,2200,72,8900
143,ВЦ,ВЦ 14-46-25-АИР71А4,АИР71А4,250,1125 - 1792,423 - 501,550,67,4600
144,ВЦ,ВЦ 14-46-25-АИР71А4-01,АИР71А4,250,1148 - 1909,448 - 538,550,71,3600
145,ВЦ,ВЦ 14-46-25-АИР71А4-02,АИР71А4,250,995 - 1640,398 - 453,550,67,3400
146,ВЦ,ВЦ 14-46-25-АИР71А4-03,АИР71А4,250,1247 - 1963,469 - 544,550,69,3500
147,ВЦ,ВЦ 14-46-25-АИР71А4-04,АИР71А4,250,1050 - 1764,410 - 474,550,71,3800
148,ВЦ,ВЦ 14-46-25-АИР71В4,АИР71В4,250,1098 - 2188,420 - 515,750,69,4800
149,ВЦ,ВЦ 14-46-25-АИР71В4-01,АИР71В4,250,1153 - 2342,456 - 551,750,65,4100
150,ВЦ,ВЦ 14-46-25-АИР71В4-02,АИР71В4,250,1026 - 2061,386 - 461,750,72,4800
151,ВЦ,ВЦ 14-46-25-АИР71В4-03,АИР71В4,250,1226 - 2431,474 - 586,750,71,5500
152,ВЦ,ВЦ 14-46-25-АИР71В4-04,АИР71В4,250,1090 - 2083,421 - 496,750,64,5800
153,ВЦ,ВЦ 14-46-25-АИР90L2,АИР90L2,250,2461 - 2756,1911 - 1998,3000,73,15200
154,ВЦ,ВЦ 14-46-25-АИР90L2-01,АИР90L2,250,2581 - 2778,1986 - 2086,3000,77,12200
155,ВЦ,ВЦ 14-46-25-АИР90L2-02,АИР90L2,250,2234 - 2518,1825 - 1858,3000,77,11500
156,ВЦ,ВЦ 14-46-25-АИР90L2-03,АИР90L2,250,2655 - 3109,2194 - 2246,3000,75,11000
157,ВЦ,ВЦ 14-46-25-АИР90L2-04,АИР90L2,250,2340 - 2619,1900 - 1932,3000,78,11200
158,ВЦ,ВЦ 14-46-25-АИР100S2,АИР100S2,250,2355 - 3419,1970 - 2165,4000,71,20000
159,ВЦ,ВЦ 14-46-25-АИР100S2-01,АИР100S2,250,2531 - 3587,1991 - 2252,4000,80,17700
160,ВЦ,ВЦ 14-46-25-АИР100S2-02,АИР100S2,250,2211 - 3210,1762 - 2050,4000,73,15600
161,ВЦ,ВЦ 14-46-25-АИР100S2-03,АИР100S2,250,2628 - 3841,2178 - 2527,4000,71,13900
162,ВЦ,ВЦ 14-46-25-АИР100S2-04,АИР100S2,250,2345 - 3310,1846 - 2139,4000,78,15600
163,ВЦ,ВЦ 14-46-25-АИР100L2,АИР100L2,250,2462 - 4501,1994 - 2282,5500,72,22200
164,ВЦ,ВЦ 14-46-25-АИР100L2-01,АИР100L2,250,2527 - 4565,2107 - 2459,5500,78,18400
165,ВЦ,ВЦ 14-46-25-АИР100L2-02,АИР100L2,250,2250 - 3999,1812 - 2172,5500,72,20700
166,ВЦ,ВЦ 14-46-25-АИР100L2-03,АИР100L2,250,2751 - 5000,2139 - 2542,5500,73,24600
167,ВЦ,ВЦ 14-46-25-АИР100L2-04,АИР100L2,250,2287 - 4302,1865 - 2229,5500,70,19200
168,ВЦ,ВЦ 14-46-315-АИР71В6,АИР71В6,315,1493 - 2664,320 - 376,550,68,4200
169,ВЦ,ВЦ 14-46-315-АИР71В6-01,АИР71В6,315,1570 - 2870,348 - 379,550,66,4900
170,ВЦ,ВЦ 14-46-315-АИР71В6-02,АИР71В6,315,1408 - 2496,297 - 333,550,68,4600
171,ВЦ,ВЦ 14-46-315-АИР71В6-03,АИР71В6,315,1724 - 3110,359 - 411,550,67,5100
172,ВЦ,ВЦ 14-46-315-АИР71В6-04,АИР71В6,315,1442 - 2628,327 - 369,550,66,5600
173,ВЦ,ВЦ 14-46-315-АИР80А6,АИР80А6,315,1476 - 3429,336 - 353,750,70,4700
174,ВЦ,ВЦ 14-46-315-АИР80А6-01,АИР80А6,315,1597 - 3638,355 - 385,750,67,5200
175,ВЦ,ВЦ 14-46-315-АИР80А6-02,АИР80А6,315,1404 - 3144,310 - 338,750,67,5000
176,ВЦ,ВЦ 14-46-315-АИР80А6-03,АИР80А6,315,1722 - 3885,377 - 412,750,67,4700
177,ВЦ,ВЦ 14-46-315-АИР80А6-04,АИР80А6,315,1428 - 3360,327 - 359,750,68,5400
178,ВЦ,ВЦ 14-46-315-АИР80В4,АИР80В4,315,2301 - 3538,816 - 871,1500,70,7200
179,ВЦ,ВЦ 14-46-315-АИР80В4-01,АИР80В4,315,2483 - 3604,863 - 911,1500,71,8700
180,ВЦ,ВЦ 14-46-315-АИР80В4-02,АИР80В4,315,2096 - 3275,733 - 833,1500,71,8000
181,ВЦ,ВЦ 14-46-315-АИР80В4-03,АИР80В4,315,2588 - 3862,907 - 956,1500,78,9000
182,ВЦ,ВЦ 14-46-315-АИР80В4-04,АИР80В4,315,2290 - 3443,762 - 850,1500,80,9800
183,ВЦ,ВЦ 14-46-315-АИР90L4,АИР90L4,315,2317 - 5150,782 - 870,2200,78,10400
184,ВЦ,ВЦ 14-46-315-АИР90L4-01,АИР90L4,315,2402 - 5324,830 - 873,2200,76,11900
185,ВЦ,ВЦ 14-46-315-АИР90L4-02,АИР90L4,315,2101 - 4762,722 - 785,2200,76,11400
186,ВЦ,ВЦ 14-46-315-АИР90L4-03,АИР90L4,315,2499 - 5639,892 - 957,2200,80,10400
187,ВЦ,ВЦ 14-46-315-АИР90L4-04,АИР90L4,315,2223 - 4999,777 - 839,2200,72,11900
188,ВЦ,ВЦ 14-46-4-АИР90L6,АИР90L6,400,3455 - 5251,554 - 605,1500,73,10900
189,ВЦ,ВЦ 14-46-4-АИР90L6-01,АИР90L6,400,3614 - 5361,561 - 641,1500,77,10700
190,ВЦ,ВЦ 14-46-4-АИР90L6-02,АИР90L6,400,3272 - 4771,518 - 573,1500,76,10200
191,ВЦ,ВЦ 14-46-4-АИР90L6-03,АИР90L6,400,3860 - 5879,598 - 705,1500,71,11300
192,ВЦ,ВЦ 14-46-4-АИР90L6-04,АИР90L6,400,3338 - 5136,540 - 600,1500,78,9200
193,ВЦ,ВЦ 14-46-4-АИР100L6,АИР100L6,400,3573 - 7281,560 - 636,2200,78,14000
194,ВЦ,ВЦ 14-46-4-АИР100L6-01,АИР100L6,400,3774 - 7845,581 - 670,2200,78,13100
195,ВЦ,ВЦ 14-46-4-АИР100L6-02,АИР100L6,400,3299 - 6694,496 - 592,2200,77,12200
196,ВЦ,ВЦ 14-46-4-АИР100L6-03,АИР100L6,400,3861 - 8244,626 - 707,2200,80,12100
197,ВЦ,ВЦ 14-46-4-АИР100L6-04,АИР100L6,400,3383 - 7172,525 - 605,2200,78,11300
198,ВЦ,ВЦ 14-46-4-АИР100L4,АИР100L4,400,5091 - 5958,1293 - 1376,4000,76,18700
199,ВЦ,ВЦ 14-46-4-АИР100L4-01,АИР100L4,400,5474 - 6268,1362 - 1463,4000,79,22600
200,ВЦ,ВЦ 14-46-4-АИР100L4-02,АИР100L4,400,4646 - 5646,1220 - 1286,4000,75,17900
201,ВЦ,ВЦ 14-46-4-АИР100L4-03,АИР100L4,400,5786 - 6878,1508 - 1572,4000,78,21600
202,ВЦ,ВЦ 14-46-4-АИР100L4-04,АИР100L4,400,5164 - 5816,1263 - 1357,4000,76,18100
203,ВЦ,ВЦ 14-46-4-АИР112М4,АИР112М4,400,5256 - 8252,1293 - 1517,5500,72,31200
204,ВЦ,ВЦ 14-46-4-АИР112М4-01,АИР112М4,400,5471 - 8928,1394 - 1612,5500,71,27800
205,ВЦ,ВЦ 14-46-4-АИР112М4-02,АИР112М4,400,4679 - 7618,1182 - 1388,5500,73,25900
206,ВЦ,ВЦ 14-46-4-АИР112М4-03,АИР112М4,400,5767 - 9508,1459 - 1748,5500,76,23900
207,ВЦ,ВЦ 14-46-4-АИР112М4-04,АИР112М4,400,4917 - 7819,1283 - 1519,5500,75,23600
208,ВЦ,ВЦ 14-46-4-АИР132S4,АИР132S4,400,5065 - 9041,1284 - 1506,7500,81,30900
209,ВЦ,ВЦ 14-46-4-АИР132S4-01,АИР132S4,400,5303 - 9047,1355 - 1644,7500,87,40900
210,ВЦ,ВЦ 14-46-4-АИР132S4-02,АИР132S4,400,4774 - 7978,1205 - 1435,7500,79,38600
211,ВЦ,ВЦ 14-46-4-АИР132S4-03,АИР132S4,400,5707 - 9744,1485 - 1781,7500,87,37300
212,ВЦ,ВЦ 14-46-4-АИР132S4-04,АИР132S4,400,5183 - 8483,1297 - 1465,7500,88,31500
213,ВЦ,ВЦ 14-46-5-АИР112МВ6,АИР112МВ6,500,6071 - 8300,961 - 1090,4000,79,28600
214,ВЦ,ВЦ 14-46-5-АИР112МВ6-01,АИР112МВ6,500,6242 - 8782,990 - 1124,4000,75,21000
215,ВЦ,ВЦ 14-46-5-АИР112МВ6-02,АИР112МВ6,500,5494 - 7723,871 - 976,4000,77,27800
216,ВЦ,ВЦ 14-46-5-АИР112МВ6-03,АИР112МВ6,500,6694 - 9540,1094 - 1182,4000,78,28500
217,ВЦ,ВЦ 14-46-5-АИР112МВ6-04,АИР112МВ6,500,5808 - 8307,927 - 1027,4000,73,29100
218,ВЦ,ВЦ 14-46-5-АИР132S6,АИР132S6,500,5851 - 11763,935 - 1118,5500,79,34800
219,ВЦ,ВЦ 14-46-5-АИР132S6-01,АИР132S6,500,6238 - 12071,987 - 1175,5500,75,36400
220,ВЦ,ВЦ 14-46-5-АИР132S6-02,АИР132S6,500,5467 - 10821,885 - 1017,5500,70,32900
221,ВЦ,ВЦ 14-46-5-АИР132S6-03,АИР132S6,500,6595 - 12680,1058 - 1259,5500,73,35100
222,ВЦ,ВЦ 14-46-5-АИР132S6-04,АИР132S6,500,5871 - 11149,938 - 1060,5500,73,31500
223,ВЦ,ВЦ 14-46-5-АИР132М6,АИР132М6,500,5908 - 14643,943 - 1184,7500,83,39700
224,ВЦ,ВЦ 14-46-5-АИР132М6-01,АИР132М6,500,6393 - 15070,1010 - 1222,7500,82,36700
225,ВЦ,ВЦ 14-46-5-АИР132М6-02,АИР132М6,500,5593 - 13192,887 - 1115,7500,80,36100
226,ВЦ,ВЦ 14-46-5-АИР132М6-03,АИР132М6,500,6816 - 16022,1070 - 1342,7500,87,37500
227,ВЦ,ВЦ 14-46-5-АИР132М6-04,АИР132М6,500,5681 - 13807,906 - 1123,7500,78,44100
228,ВЦ,ВЦ 14-46-5-АИР132М4,АИР132М4,500,8798 - 10700,2141 - 2321,11000,80,55400
229,ВЦ,ВЦ 14-46-5-АИР132М4-01,АИР132М4,500,9593 - 11275,2242 - 2436,11000,85,51400
230,ВЦ,ВЦ 14-46-5-АИР132М4-02,АИР132М4,500,8123 - 9848,2078 - 2159,11000,79,50600
231,ВЦ,ВЦ 14-46-5-АИР132М4-03,АИР132М4,500,9822 - 12416,2398 - 2577,11000,87,61600
232,ВЦ,ВЦ 14-46-5-АИР132М4-04,АИР132М4,500,8513 - 10509,2141 - 2268,11000,87,58500
233,ВЦ,ВЦ 14-46-5-АИР160S4,АИР160S4,500,8852 - 14520,2193 - 2491,15000,87,82800
234,ВЦ,ВЦ 14-46-5-АИР160S4-01,АИР160S4,500,9340 - 15336,2325 - 2663,15000,81,73100
235,ВЦ,ВЦ 14-46-5-АИР160S4-02,АИР160S4,500,8163 - 13005,1992 - 2307,15000,80,56600
236,ВЦ,ВЦ 14-46-5-АИР160S4-03,АИР160S4,500,10050 - 16331,2433 - 2755,15000,82,75200
237,ВЦ,ВЦ 14-46-5-АИР160S4-04,АИР160S4,500,8706 - 14223,2188 - 2467,15000,88,72200
238,ВЦ,ВЦ 14-46-5-АИР160М4,АИР160М4,500,9164 - 16692,2149 - 2508,18500,80,96800
239,ВЦ,ВЦ 14-46-5-АИР160М4-01,АИР160М4,500,9635 - 17391,2264 - 2647,18500,87,97300
240,ВЦ,ВЦ 14-46-5-АИР160М4-02,АИР160М4,500,8250 - 15611,2000 - 2332,18500,82,83800
241,ВЦ,ВЦ 14-46-5-АИР160М4-03,АИР160М4,500,10076 - 18561,2396 - 2844,18500,83,87100
242,ВЦ,ВЦ 14-46-5-АИР160М4-04,АИР160М4,500,8482 - 16222,2156 - 2527,18500,87,98200
243,ВЦ,ВЦ 14-46-5-АИР180S4,АИР180S4,500,9270 - 20207,2170 - 2431,22000,80,96700
244,ВЦ,ВЦ 14-46-5-АИР180S4-01,АИР180S4,500,9536 - 21524,2266 - 2638,22000,88,109500
245,ВЦ,ВЦ 14-46-5-АИР180S4-02,АИР180S4,500,8513 - 18367,2013 - 2275,22000,79,111100
246,ВЦ,ВЦ 14-46-5-АИР180S4-03,АИР180S4,500,9977 - 22660,2433 - 2875,22000,86,80500
247,ВЦ,ВЦ 14-46-5-АИР180S4-04,АИР180S4,500,8514 - 19112,2085 - 2465,22000,86,109900
248,ВЦ,ВЦ 14-46-5-АИР180М4,АИР180М4,500,8731 - 23510,2195 - 2336,30000,92,118900
249,ВЦ,ВЦ 14-46-5-АИР180М4-01,АИР180М4,500,9595 - 24332,2346 - 2475,30000,92,107900
250,ВЦ,ВЦ 14-46-5-АИР180М4-02,АИР180М4,500,8175 - 21644,2022 - 2146,30000,94,130800
251,ВЦ,ВЦ 14-46-5-АИР180М4-03,АИР180М4,500,9922 - 25232,2472 - 2696,30000,85,112400
252,ВЦ,ВЦ 14-46-5-АИР180М4-04,АИР180М4,500,8909 - 21793,2191 - 2349,30000,86,125500
253,ВЦ,ВЦ 14-46-63-АИР132М8,АИР132М8,630,9320 - 13007,878 - 1000,5500,77,33900
254,ВЦ,ВЦ 14-46-63-АИР132М8-01,АИР132М8,630,9690 - 13555,958 - 1030,5500,72,42700
255,ВЦ,ВЦ 14-46-63-АИР132М8-02,АИР132М8,630,8350 - 12168,815 - 925,5500,78,34200
256,ВЦ,ВЦ 14-46-63-АИР132М8-03,АИР132М8,630,9996 - 14757,1017 - 1103,5500,80,37400
257,ВЦ,ВЦ 14-46-63-АИР132М8-04,АИР132М8,630,8736 - 12639,855 - 954,5500,78,35800
258,ВЦ,ВЦ 14-46-63-АИР160S8,АИР160S8,630,9439 - 17377,916 - 1024,7500,84,43100
259,ВЦ,ВЦ 14-46-63-АИР160S8-01,АИР160S8,630,9820 - 17361,948 - 1105,7500,84,45900
260,ВЦ,ВЦ 14-46-63-АИР160S8-02,АИР160S8,630,8547 - 15941,842 - 957,7500,78,41200
261,ВЦ,ВЦ 14-46-63-АИР160S8-03,АИР160S8,630,10592 - 18848,973 - 1189,7500,79,48500
262,ВЦ,ВЦ 14-46-63-АИР160S8-04,АИР160S8,630,8901 - 16710,859 - 1018,7500,80,40200
263,ВЦ,ВЦ 14-46-63-АИР160М8,АИР160М8,630,9355 - 22676,897 - 1014,11000,79,70300
264,ВЦ,ВЦ 14-46-63-АИР160М8-01,АИР160М8,630,9864 - 24671,928 - 1059,11000,85,70800
265,ВЦ,ВЦ 14-46-63-АИР160М8-02,АИР160М8,630,8228 - 20612,825 - 962,11000,81,67800
266,ВЦ,ВЦ 14-46-63-АИР160М8-03,АИР160М8,630,10263 - 25139,1005 - 1168,11000,85,54100
267,ВЦ,ВЦ 14-46-63-АИР160М8-04,АИР160М8,630,8817 - 21679,854 - 963,11000,83,59000
268,ВЦ,ВЦ 14-46-63-АИР160S6,АИР160S6,630,12038 - 15028,1586 - 1730,11000,80,53300
269,ВЦ,ВЦ 14-46-63-АИР160S6-01,АИР160S6,630,13000 - 15639,1677 - 1785,11000,87,52600
270,ВЦ,ВЦ 14-46-63-АИР160S6-02,АИР160S6,630,11290 - 13596,1432 - 1518,11000,85,70100
271,ВЦ,ВЦ 14-46-63-АИР160S6-03,АИР160S6,630,13923 - 16455,1763 - 1886,11000,87,56200
272,ВЦ,ВЦ 14-46-63-АИР160S6-04,АИР160S6,630,12262 - 14716,1529 - 1629,11000,84,69000
273,ВЦ,ВЦ 14-46-63-АИР160М6,АИР160М6,630,12010 - 19361,1567 - 1778,15000,82,62600
274,ВЦ,ВЦ 14-46-63-АИР160М6-01,АИР160М6,630,13171 - 20347,1610 - 1931,15000,78,88500
275,ВЦ,ВЦ 14-46-63-АИР160М6-02,АИР160М6,630,11482 - 18298,1489 - 1683,15000,81,79600
276,ВЦ,ВЦ 14-46-63-АИР160М6-03,АИР160М6,630,13654 - 22019,1782 - 2038,15000,88,81800
277,ВЦ,ВЦ 14-46-63-АИР160М6-04,АИР160М6,630,11671 - 18458,1544 - 1698,15000,85,62900
278,ВЦ,ВЦ 14-46-63-АИР180М6,АИР180М6,630,12200 - 23469,1619 - 1801,18500,84,80100
279,ВЦ,ВЦ 14-46-63-АИР180М6-01,АИР180М6,630,12630 - 25260,1706 - 1915,18500,82,102900
280,ВЦ,ВЦ 14-46-63-АИР180М6-02,АИР180М6,630,11151 - 22510,1452 - 1705,18500,83,102000
281,ВЦ,ВЦ 14-46-63-АИР180М6-03,АИР180М6,630,13750 - 26195,1797 - 2005,18500,88,99200
282,ВЦ,ВЦ 14-46-63-АИР180М6-04,АИР180М6,630,12275 - 23933,1561 - 1751,18500,84,74500
283,ВЦ,ВЦ 14-46-63-АИР200М6,АИР200М6,630,12327 - 27924,1596 - 1819,22000,87,104900
284,ВЦ,ВЦ 14-46-63-АИР200М6-01,АИР200М6,630,13022 - 29173,1676 - 1887,22000,87,125900
285,ВЦ,ВЦ 14-46-63-АИР200М6-02,АИР200М6,630,11358 - 26402,1429 - 1613,22000,85,127000
286,ВЦ,ВЦ 14-46-63-АИР200М6-03,АИР200М6,630,13612 - 31187,1731 - 2070,22000,82,130600
287,ВЦ,ВЦ 14-46-63-АИР200М6-04,АИР200М6,630,11656 - 26728,1536 - 1734,22000,83,117000
288,ВЦ,ВЦ 14-46-8-АИР180М8,АИР180М8,800,19277 - 23102,1423 - 1552,15000,80,98500
289,ВЦ,ВЦ 14-46-8-АИР180М8-01,АИР180М8,800,20135 - 24098,1512 - 1649,15000,82,70600
290,ВЦ,ВЦ 14-46-8-АИР180М8-02,АИР180М8,800,17344 - 20630,1351 - 1438,15000,79,101600
291,ВЦ,ВЦ 14-46-8-АИР180М8-03,АИР180М8,800,21111 - 25807,1616 - 1668,15000,82,75700
292,ВЦ,ВЦ 14-46-8-АИР180М8-04,АИР180М8,800,18012 - 22281,1383 - 1499,15000,88,90400
293,ВЦ,ВЦ 14-46-8-АИР200М8,АИР200М8,800,19537 - 26758,1416 - 1668,18500,87,92600
294,ВЦ,ВЦ 14-46-8-АИР200М8-01,АИР200М8,800,20345 - 28969,1509 - 1733,18500,81,97500
295,ВЦ,ВЦ 14-46-8-АИР200М8-02,АИР200М8,800,17110 - 25908,1276 - 1522,18500,80,123700
296,ВЦ,ВЦ 14-46-8-АИР200М8-03,АИР200М8,800,21331 - 31352,1564 - 1854,18500,80,85000
297,ВЦ,ВЦ 14-46-8-АИР200М8-04,АИР200М8,800,18751 - 26256,1372 - 1541,18500,78,89500
298,ВЦ,ВЦ 14-46-8-АИР200L8,АИР200L8,800,18910 - 31258,1393 - 1635,22000,83,120300
299,ВЦ,ВЦ 14-46-8-АИР200L8-01,АИР200L8,800,19482 - 33608,1542 - 1675,22000,88,120600
300,ВЦ,ВЦ 14-46-8-АИР200L8-02,АИР200L8,800,17436 - 30260,1281 - 1507,22000,84,116300
301,ВЦ,ВЦ 14-46-8-АИР200L8-03,АИР200L8,800,20779 - 36297,1596 - 1881,22000,83,124600
302,ВЦ,ВЦ 14-46-8-АИР200L8-04,АИР200L8,800,17950 - 30621,1398 - 1595,22000,83,114200
303,ВЦ,ВЦ 14-46-8-АИР225М8,АИР225М8,800,19111 - 40495,1430 - 1623,30000,95,128400
304,ВЦ,ВЦ 14-46-8-АИР225М8-01,АИР225М8,800,20135 - 44026,1506 - 1749,30000,90,147800
305,ВЦ,ВЦ 14-46-8-АИР225М8-02,АИР225М8,800,17195 - 37355,1312 - 1492,30000,85,139800
306,ВЦ,ВЦ 14-46-8-АИР225М8-03,АИР225М8,800,21041 - 45245,1645 - 1846,30000,91,125700
307,ВЦ,ВЦ 14-46-8-АИР225М8-04,АИР225М8,800,18797 - 38799,1354 - 1604,30000,86,153800
308,ВЦ,ВЦ 14-46-8-АИР225М6,АИР225М6,800,24627 - 31115,2573 - 2688,37000,89,202000
309,ВЦ,ВЦ 14-46-8-АИР225М6-01,АИР225М6,800,26406 - 32399,2798 - 2810,37000,88,183600
310,ВЦ,ВЦ 14-46-8-АИР225М6-02,АИР225М6,800,22339 - 28653,2351 - 2554,37000,87,200200
311,ВЦ,ВЦ 14-46-8-АИР225М6-03,АИР225М6,800,27193 - 34837,2845 - 3039,37000,87,197500
312,ВЦ,ВЦ 14-46-8-АИР225М6-04,АИР225М6,800,24257 - 30926,2570 - 2686,37000,94,180700
313,ВЦ,ВЦ 14-46-8-АИР250S6,АИР250S6,800,24660 - 37350,2630 - 2769,45000,88,232400
314,ВЦ,ВЦ 14-46-8-АИР250S6-01,АИР250S6,800,25430 - 38477,2649 - 3059,45000,93,228700
315,ВЦ,ВЦ 14-46-8-АИР250S6-02,АИР250S6,800,21958 - 34532,2460 - 2558,45000,92,192300
316,ВЦ,ВЦ 14-46-8-АИР250S6-03,АИР250S6,800,27308 - 41044,2889 - 3234,45000,93,223700
317,ВЦ,ВЦ 14-46-8-АИР250S6-04,АИР250S6,800,24312 - 35148,2561 - 2690,45000,85,197000
318,ВР,ВР 80-75-25-АИР56А4,АИР56А4,250,454 - 849,109 - 169,120,59,2100
319,ВР,ВР 80-75-25-АИР56А4-01,АИР56А4,250,461 - 902,116 - 179,120,62,1800
320,ВР,ВР 80-75-25-АИР56А4-02,АИР56А4,250,416 - 795,101 - 153,120,61,2400
321,ВР,ВР 80-75-25-АИР56А4-03,АИР56А4,250,503 - 923,121 - 183,120,64,1900
322,ВР,ВР 80-75-25-АИР56А4-04,АИР56А4,250,438 - 843,110 - 167,120,63,1800
323,ВР,ВР 80-75-25-АИР63А4,АИР63А4,250,409 - 875,131 - 172,250,63,3300
324,ВР,ВР 80-75-25-АИР63А4-01,АИР63А4,250,422 - 957,131 - 185,250,58,3800
325,ВР,ВР 80-75-25-АИР63А4-02,АИР63А4,250,365 - 859,120 - 164,250,63,2700
326,ВР,ВР 80-75-25-АИР63А4-03,АИР63А4,250,449 - 975,141 - 196,250,64,3700
327,ВР,ВР 80-75-25-АИР63А4-04,АИР63А4,250,398 - 867,122 - 176,250,59,3200
328,ВР,ВР 80-75-25-АИР63А2,АИР63А2,250,834 - 1677,308 - 486,370,66,3600
329,ВР,ВР 80-75-25-АИР63А2-01,АИР63А2,250,874 - 1701,320 - 518,370,65,3500
330,ВР,ВР 80-75-25-АИР63А2-02,АИР63А2,250,803 - 1534,283 - 463,370,71,4300
331,ВР,ВР 80-75-25-АИР63А2-03,АИР63А2,250,956 - 1831,326 - 555,370,69,3500
332,ВР,ВР 80-75-25-АИР63А2-04,АИР63А2,250,811 - 1611,290 - 475,370,64,3800
333,ВР,ВР 80-75-25-АИР63В2,АИР63В2,250,828 - 1746,446 - 700,550,68,3200
334,ВР,ВР 80-75-25-АИР63В2-01,АИР63В2,250,912 - 1877,473 - 761,550,71,3900
335,ВР,ВР 80-75-25-АИР63В2-02,АИР63В2,250,812 - 1651,429 - 651,550,67,3500
336,ВР,ВР 80-75-25-АИР63В2-03,АИР63В2,250,934 - 1885,483 - 771,550,69,4500
337,ВР,ВР 80-75-25-АИР63В2-04,АИР63В2,250,812 - 1730,446 - 686,550,71,3800
338,ВР,ВР 80-75-25-АИР71А2,АИР71А2,250,856 - 1686,536 - 820,750,69,5900
339,ВР,ВР 80-75-25-АИР71А2-01,АИР71А2,250,869 - 1799,561 - 832,750,72,5900
340,ВР,ВР 80-75-25-АИР71А2-02,АИР71А2,250,780 - 1602,514 - 751,750,66,5200
341,ВР,ВР 80-75-25-АИР71А2-03,АИР71А2,250,940 - 1830,611 - 872,750,70,4800
342,ВР,ВР 80-75-25-АИР71А2-04,АИР71А2,250,843 - 1624,534 - 787,750,69,6200
343,ВР,ВР 80-75-315-АИР56А4,АИР56А4,315,768 - 1173,177 - 188,120,59,3200
344,ВР,ВР 80-75-315-АИР56А4-01,АИР56А4,315,794 - 1197,180 - 193,120,61,2800
345,ВР,ВР 80-75-315-АИР56А4-02,АИР56А4,315,718 - 1050,159 - 177,120,62,3400
346,ВР,ВР 80-75-315-АИР56А4-03,АИР56А4,315,816 - 1286,197 - 208,120,58,3200
347,ВР,ВР 80-75-315-АИР56А4-04,АИР56А4,315,762 - 1135,168 - 182,120,60,3400
348,ВР,ВР 80-75-315-АИР56В4,АИР56В4,315,772 - 1854,110 - 181,180,64,3100
349,ВР,ВР 80-75-315-АИР56В4-01,АИР56В4,315,809 - 1965,117 - 196,180,65,2900
350,ВР,ВР 80-75-315-АИР56В4-02,АИР56В4,315,696 - 1740,105 - 175,180,61,3100
351,ВР,ВР 80-75-315-АИР56В4-03,АИР56В4,315,858 - 2060,119 - 203,180,64,3200
352,ВР,ВР 80-75-315-АИР56В4-04,АИР56В4,315,741 - 1747,108 - 178,180,62,2700
353,ВР,ВР 80-75-315-АИР63А4,АИР63А4,315,849 - 1826,172 - 287,250,59,3200
354,ВР,ВР 80-75-315-АИР63А4-01,АИР63А4,315,907 - 1906,175 - 301,250,64,3000
355,ВР,ВР 80-75-315-АИР63А4-02,АИР63А4,315,810 - 1744,162 - 266,250,64,2900
356,ВР,ВР 80-75-315-АИР63А4-03,АИР63А4,315,935 - 1992,186 - 317,250,58,3300
357,ВР,ВР 80-75-315-АИР63А4-04,АИР63А4,315,813 - 1826,163 - 272,250,58,3200
358,ВР,ВР 80-75-315-АИР63В4,АИР63В4,315,918 - 1973,233 - 362,370,71,4000
359,ВР,ВР 80-75-315-АИР63В4-01,АИР63В4,315,968 - 1988,236 - 382,370,72,3700
360,ВР,ВР 80-75-315-АИР63В4-02,АИР63В4,315,851 - 1785,211 - 336,370,71,3200
361,ВР,ВР 80-75-315-АИР63В4-03,АИР63В4,315,1010 - 2145,255 - 408,370,67,4200
362,ВР,ВР 80-75-315-АИР63В4-04,АИР63В4,315,871 - 1854,226 - 359,370,66,4100
363,ВР,ВР 80-75-315-АИР71В2,АИР71В2,315,1609 - 3908,481 - 808,1100,72,7700
364,ВР,ВР 80-75-315-АИР71В2-01,АИР71В2,315,1733 - 3875,490 - 891,1100,70,8200
365,ВР,ВР 80-75-315-АИР71В2-02,АИР71В2,315,1512 - 3431,442 - 785,1100,65,7700
366,ВР,ВР 80-75-315-АИР71В2-03,АИР71В2,315,1841 - 4138,529 - 888,1100,66,7800
367,ВР,ВР 80-75-315-АИР71В2-04,АИР71В2,315,1635 - 3831,461 - 812,1100,66,5800
368,ВР,ВР 80-75-315-5А80МА2,5А80МА2,315,1830 - 3990,661 - 1185,1500,73,9700
369,ВР,ВР 80-75-315-5А80МА2-01,5А80МА2,315,1869 - 4152,728 - 1252,1500,77,7700
370,ВР,ВР 80-75-315-5А80МА2-02,5А80МА2,315,1699 - 3651,643 - 1106,1500,80,7900
371,ВР,ВР 80-75-315-5А80МА2-03,5А80МА2,315,1935 - 4365,759 - 1351,1500,76,7900
372,ВР,ВР 80-75-315-5А80МА2-04,5А80МА2,315,1731 - 3965,678 - 1167,1500,74,9400
373,ВР,ВР 80-75-315-5А80МВ2,5А80МВ2,315,1723 - 3899,897 - 1358,2200,78,10100
374,ВР,ВР 80-75-315-5А80МВ2-01,5А80МВ2,315,1742 - 4157,921 - 1400,2200,76,9500
375,ВР,ВР 80-75-315-5А80МВ2-02,5А80МВ2,315,1576 - 3708,839 - 1273,2200,79,13000
376,ВР,ВР 80-75-315-5А80МВ2-03,5А80МВ2,315,1845 - 4527,943 - 1525,2200,80,10500
377,ВР,ВР 80-75-315-5А80МВ2-04,5А80МВ2,315,1667 - 3979,838 - 1296,2200,79,11700
378,ВР,ВР 80-75-4-АИР63А6,АИР63А6,400,1395 - 2542,101 - 172,180,63,4500
379,ВР,ВР 80-75-4-АИР63А6-01,АИР63А6,400,1476 - 2747,108 - 186,180,63,4600
380,ВР,ВР 80-75-4-АИР63А6-02,АИР63А6,400,1269 - 2365,92 - 161,180,62,4200
381,ВР,ВР 80-75-4-АИР63А6-03,АИР63А6,400,1504 - 2900,109 - 192,180,59,4300
382,ВР,ВР 80-75-4-АИР63А6-04,АИР63А6,400,1352 - 2540,97 - 177,180,65,4100
383,ВР,ВР 80-75-4-АИР63В6,АИР63В6,400,1369 - 2631,122 - 206,250,59,5500
384,ВР,ВР 80-75-4-АИР63В6-01,АИР63В6,400,1511 - 2918,128 - 223,250,62,5700
385,ВР,ВР 80-75-4-АИР63В6-02,АИР63В6,400,1329 - 2543,113 - 200,250,63,4900
386,ВР,ВР 80-75-4-АИР63В6-03,АИР63В6,400,1505 - 2917,134 - 226,250,58,4700
387,ВР,ВР 80-75-4-АИР63В6-04,АИР63В6,400,1378 - 2641,115 - 212,250,59,4100
388,ВР,ВР 80-75-4-АИР71А6,АИР71А6,400,1292 - 2735,179 - 270,370,70,6500
389,ВР,ВР 80-75-4-АИР71А6-01,АИР71А6,400,1330 - 2915,188 - 286,370,72,5500
390,ВР,ВР 80-75-4-АИР71А6-02,АИР71А6,400,1236 - 2553,164 - 253,370,66,5600
391,ВР,ВР 80-75-4-АИР71А6-03,АИР71А6,400,1465 - 2891,194 - 290,370,66,5000
392,ВР,ВР 80-75-4-АИР71А6-04,АИР71А6,400,1307 - 2602,177 - 272,370,68,6600
393,ВР,ВР 80-75-4-АИР71А4,АИР71А4,400,2266 - 4032,307 - 481,550,68,6700
394,ВР,ВР 80-75-4-АИР71А4-01,АИР71А4,400,2356 - 4236,331 - 507,550,66,6900
395,ВР,ВР 80-75-4-АИР71А4-02,АИР71А4,400,2167 - 3743,293 - 456,550,64,5400
396,ВР,ВР 80-75-4-АИР71А4-03,АИР71А4,400,2598 - 4472,339 - 521,550,70,6700
397,ВР,ВР 80-75-4-АИР71А4-04,АИР71А4,400,2190 - 4011,310 - 472,550,68,6400
398,ВР,ВР 80-75-4-АИР71В4,АИР71В4,400,2240 - 4146,292 - 494,750,64,6100
399,ВР,ВР 80-75-4-АИР71В4-01,АИР71В4,400,2298 - 4296,308 - 520,750,69,7700
400,ВР,ВР 80-75-4-АИР71В4-02,АИР71В4,400,2090 - 3922,277 - 455,750,72,6000
401,ВР,ВР 80-75-4-АИР71В4-03,АИР71В4,400,2383 - 4408,323 - 548,750,64,6500
402,ВР,ВР 80-75-4-АИР71В4-04,АИР71В4,400,2141 - 4046,300 - 483,750,66,7900
403,ВР,ВР 80-75-4-АИР80А4,АИР80А4,400,2052 - 4256,323 - 550,1100,72,8400
404,ВР,ВР 80-75-4-АИР80А4-01,АИР80А4,400,2148 - 4409,344 - 574,1100,71,10100
405,ВР,ВР 80-75-4-АИР80А4-02,АИР80А4,400,1828 - 3872,307 - 507,1100,71,7800
406,ВР,ВР 80-75-4-АИР80А4-03,АИР80А4,400,2135 - 4511,358 - 602,1100,69,9400
407,ВР,ВР 80-75-4-АИР80А4-04,АИР80А4,400,1944 - 4091,317 - 551,1100,72,7800
408,ВР,ВР 80-75-4-АИР100S2,АИР100S2,400,2781 - 7478,1300 - 2066,4000,79,21200
409,ВР,ВР 80-75-4-АИР100S2-01,АИР100S2,400,2873 - 8099,1362 - 2149,4000,75,20300
410,ВР,ВР 80-75-4-АИР100S2-02,АИР100S2,400,2583 - 6826,1179 - 1928,4000,70,16400
411,ВР,ВР 80-75-4-АИР100S2-03,АИР100S2,400,3013 - 8167,1399 - 2262,4000,79,22800
412,ВР,ВР 80-75-4-АИР100S2-04,АИР100S2,400,2685 - 7540,1241 - 1997,4000,79,21600
413,ВР,ВР 80-75-4-АИР100L2,АИР100L2,400,4248 - 8219,1252 - 2243,5500,79,23000
414,ВР,ВР 80-75-4-АИР100L2-01,АИР100L2,400,4601 - 8646,1350 - 2334,5500,79,23000
415,ВР,ВР 80-75-4-АИР100L2-02,АИР100L2,400,4095 - 7891,1169 - 2062,5500,74,29300
416,ВР,ВР 80-75-4-АИР100L2-03,АИР100L2,400,4810 - 9281,1393 - 2431,5500,79,24700
417,ВР,ВР 80-75-4-АИР100L2-04,АИР100L2,400,4220 - 8242,1216 - 2192,5500,80,22400
418,ВР,ВР 80-75-4-АИР112М2,АИР112М2,400,4218 - 8906,1794 - 2797,7500,84,28800
419,ВР,ВР 80-75-4-АИР112М2-01,АИР112М2,400,4460 - 9190,1938 - 3042,7500,78,35800
420,ВР,ВР 80-75-4-АИР112М2-02,АИР112М2,400,3910 - 8214,1672 - 2730,7500,84,30800
421,ВР,ВР 80-75-4-АИР112М2-03,АИР112М2,400,4529 - 9919,1963 - 3105,7500,88,35000
422,ВР,ВР 80-75-4-АИР112М2-04,АИР112М2,400,4164 - 8681,1737 - 2741,7500,86,30600
423,ВР,ВР 80-75-5-АИР71В6,АИР71В6,500,2823 - 4219,319 - 346,550,71,9300
424,ВР,ВР 80-75-5-АИР71В6-01,АИР71В6,500,2861 - 4417,326 - 363,550,65,10300
425,ВР,ВР 80-75-5-АИР71В6-02,АИР71В6,500,2564 - 3904,290 - 314,550,66,9200
426,ВР,ВР 80-75-5-АИР71В6-03,АИР71В6,500,2986 - 4568,345 - 371,550,68,11000
427,ВР,ВР 80-75-5-АИР71В6-04,АИР71В6,500,2649 - 4097,310 - 329,550,68,8600
428,ВР,ВР 80-75-5-АИР80А6,АИР80А6,500,2769 - 5629,217 - 335,750,72,9800
429,ВР,ВР 80-75-5-АИР80А6-01,АИР80А6,500,2841 - 5739,225 - 353,750,66,8900
430,ВР,ВР 80-75-5-АИР80А6-02,АИР80А6,500,2565 - 5342,205 - 314,750,71,10900
431,ВР,ВР 80-75-5-АИР80А6-03,АИР80А6,500,2970 - 6331,239 - 370,750,65,11600
432,ВР,ВР 80-75-5-АИР80А6-04,АИР80А6,500,2652 - 5567,205 - 340,750,66,10600
433,ВР,ВР 80-75-5-АИР80В6,АИР80В6,500,3061 - 5848,321 - 447,1100,71,10800
434,ВР,ВР 80-75-5-АИР80В6-01,АИР80В6,500,3197 - 6119,322 - 477,1100,68,12600
435,ВР,ВР 80-75-5-АИР80В6-02,АИР80В6,500,2724 - 5455,302 - 422,1100,72,12400
436,ВР,ВР 80-75-5-АИР80В6-03,АИР80В6,500,3377 - 6132,342 - 506,1100,65,11500
437,ВР,ВР 80-75-5-АИР80В6-04,АИР80В6,500,2981 - 5636,300 - 457,1100,69,13700
438,ВР,ВР 80-75-5-АИР80В4,АИР80В4,500,4518 - 5382,686 - 695,1500,76,15300
439,ВР,ВР 80-75-5-АИР80В4-01,АИР80В4,500,4729 - 5427,700 - 742,1500,72,13400
440,ВР,ВР 80-75-5-АИР80В4-02,АИР80В4,500,4294 - 4783,630 - 646,1500,74,15900
441,ВР,ВР 80-75-5-АИР80В4-03,АИР80В4,500,4891 - 5908,747 - 755,1500,73,11300
442,ВР,ВР 80-75-5-АИР80В4-04,АИР80В4,500,4309 - 5134,667 - 682,1500,74,14500
443,ВР,ВР 80-75-5-АИР90L4,АИР90L4,500,4336 - 5748,492 - 804,2200,72,16200
444,ВР,ВР 80-75-5-АИР90L4-01,АИР90L4,500,4503 - 6052,531 - 844,2200,77,18000
445,ВР,ВР 80-75-5-АИР90L4-02,АИР90L4,500,4071 - 5310,470 - 765,2200,79,18700
446,ВР,ВР 80-75-5-АИР90L4-03,АИР90L4,500,4611 - 6140,536 - 902,2200,79,13900
447,ВР,ВР 80-75-5-АИР90L4-04,АИР90L4,500,4297 - 5621,491 - 780,2200,72,15300
448,ВР,ВР 80-75-5-АИР100S4,АИР100S4,500,4205 - 8304,623 - 864,3000,71,22600
449,ВР,ВР 80-75-5-АИР100S4-01,АИР100S4,500,4396 - 8687,648 - 904,3000,79,16300
450,ВР,ВР 80-75-5-АИР100S4-02,АИР100S4,500,3897 - 8051,573 - 829,3000,70,21400
451,ВР,ВР 80-75-5-АИР100S4-03,АИР100S4,500,4642 - 9095,664 - 959,3000,70,22800
452,ВР,ВР 80-75-5-АИР100S4-04,АИР100S4,500,4010 - 8547,604 - 838,3000,72,21600
453,ВР,ВР 80-75-10-АИР132S6,АИР132S6,1000,13167 - 26228,443 - 577,5500,76,85400
454,ВР,ВР 80-75-10-АИР132S6-01,АИР132S6,1000,13776 - 27099,464 - 594,5500,78,75000
455,ВР,ВР 80-75-10-АИР132S6-02,АИР132S6,1000,12161 - 23627,397 - 555,5500,72,94700
456,ВР,ВР 80-75-10-АИР132S6-03,АИР132S6,1000,13846 - 27748,467 - 620,5500,80,94400
457,ВР,ВР 80-75-10-АИР132S6-04,АИР132S6,1000,12487 - 25295,420 - 559,5500,72,79700
458,ВР,ВР 80-75-10-АИР132М6,АИР132М6,1000,14573 - 28378,550 - 703,7500,84,101700
459,ВР,ВР 80-75-10-АИР132М6-01,АИР132М6,1000,15300 - 30086,552 - 744,7500,87,80100
460,ВР,ВР 80-75-10-АИР132М6-02,АИР132М6,1000,13283 - 26358,509 - 651,7500,84,95200
461,ВР,ВР 80-75-10-АИР132М6-03,АИР132М6,1000,15657 - 31270,581 - 805,7500,82,87600
462,ВР,ВР 80-75-10-АИР132М6-04,АИР132М6,1000,14264 - 27565,538 - 709,7500,83,87700
463,ВР,ВР 80-75-10-АИР160S6,АИР160S6,1000,16361 - 34682,686 - 911,11000,82,93200
464,ВР,ВР 80-75-10-АИР160S6-01,АИР160S6,1000,17252 - 36191,730 - 979,11000,84,114300
465,ВР,ВР 80-75-10-АИР160S6-02,АИР160S6,1000,14475 - 31048,637 - 854,11000,86,104200
466,ВР,ВР 80-75-10-АИР160S6-03,АИР160S6,1000,17512 - 36290,771 - 994,11000,85,100800
467,ВР,ВР 80-75-10-АИР160S6-04,АИР160S6,1000,15422 - 33734,675 - 873,11000,78,114500
468,ВР,ВР 80-75-10-АИР160М6,АИР160М6,1000,18505 - 37127,847 - 1125,15000,81,123100
469,ВР,ВР 80-75-10-АИР160М6-01,АИР160М6,1000,18423 - 38733,905 - 1198,15000,81,109100
470,ВР,ВР 80-75-10-АИР160М6-02,АИР160М6,1000,16617 - 34627,779 - 1040,15000,87,142800
471,ВР,ВР 80-75-10-АИР160М6-03,АИР160М6,1000,19870 - 40650,937 - 1293,15000,78,117100
472,ВР,ВР 80-75-10-АИР160М6-04,АИР160М6,1000,17312 - 36785,856 - 1144,15000,81,141400
473,ВР,ВР 80-75-125-АИР160S6,АИР160S6,1250,22269 - 44721,247 - 689,11000,82,128100
474,ВР,ВР 80-75-125-АИР160S6-01,АИР160S6,1250,23147 - 46851,263 - 724,11000,85,132500
475,ВР,ВР 80-75-125-АИР160S6-02,АИР160S6,1250,20832 - 42408,230 - 661,11000,81,127600
476,ВР,ВР 80-75-125-АИР160S6-03,АИР160S6,1250,24075 - 49686,269 - 757,11000,82,136900
477,ВР,ВР 80-75-125-АИР160S6-04,АИР160S6,1250,21669 - 44682,241 - 678,11000,81,128000
478,ВР,ВР 80-75-125-АИР160М6,АИР160М6,1250,25500 - 51498,688 - 888,15000,82,164400
479,ВР,ВР 80-75-125-АИР160М6-01,АИР160М6,1250,26232 - 54800,712 - 937,15000,83,130600
480,ВР,ВР 80-75-125-АИР160М6-02,АИР160М6,1250,23557 - 47861,634 - 839,15000,88,175500
481,ВР,ВР 80-75-125-АИР160М6-03,АИР160М6,1250,27540 - 57802,762 - 943,15000,78,164500
482,ВР,ВР 80-75-125-АИР160М6-04,АИР160М6,1250,24371 - 51507,675 - 849,15000,78,133400
483,ВР,ВР 80-75-125-АИР180М6,АИР180М6,1250,26929 - 55497,862 - 1160,18500,85,177600
484,ВР,ВР 80-75-125-АИР180М6-01,АИР180М6,1250,27526 - 59966,856 - 1201,18500,82,169700
485,ВР,ВР 80-75-125-АИР180М6-02,АИР180М6,1250,24789 - 53017,778 - 1082,18500,80,142400
486,ВР,ВР 80-75-125-АИР180М6-03,АИР180М6,1250,28981 - 61379,925 - 1242,18500,83,152600
487,ВР,ВР 80-75-125-АИР180М6-04,АИР180М6,1250,26296 - 55435,826 - 1121,18500,81,154700
488,ВР,ВР 80-75-125-АИР200М6,АИР200М6,1250,27531 - 55566,848 - 1184,22000,78,156000
489,ВР,ВР 80-75-125-АИР200М6-01,АИР200М6,1250,28145 - 60039,856 - 1175,22000,80,155200
490,ВР,ВР 80-75-125-АИР200М6-02,АИР200М6,1250,25630 - 53471,804 - 1059,22000,79,212300
491,ВР,ВР 80-75-125-АИР200М6-03,АИР200М6,1250,30447 - 61683,935 - 1295,22000,87,182800
492,ВР,ВР 80-75-125-АИР200М6-04,АИР200М6,1250,25740 - 54433,843 - 1156,22000,87,195700
493,ВР,ВР 80-75-125-АИР200L6,АИР200L6,1250,30404 - 64835,1100 - 1408,30000,86,234700
494,ВР,ВР 80-75-125-АИР200L6-01,АИР200L6,1250,32965 - 66268,1152 - 1484,30000,87,219500
495,ВР,ВР 80-75-125-АИР200L6-02,АИР200L6,1250,29434 - 59682,1034 - 1352,30000,95,184700
496,ВР,ВР 80-75-125-АИР200L6-03,АИР200L6,1250,35099 - 70789,1267 - 1595,30000,84,181300
497,ВР,ВР 80-75-125-АИР200L6-04,АИР200L6,1250,29892 - 60647,1105 - 1430,30000,93,205700
498,ВР,ВР 80-75-16-5А160М8,5А160М8,1600,37811 - 66664,340 - 552,11000,85,249900
499,ВР,ВР 80-75-16-5А160М8-01,5А160М8,1600,39184 - 71492,348 - 577,11000,84,234800
500,ВР,ВР 80-75-16-5А160М8-02,5А160М8,1600,34842 - 64939,299 - 527,11000,80,266000
501,ВР,ВР 80-75-16-5А160М8-03,5А160М8,1600,41617 - 73895,360 - 612,11000,79,226200
502,ВР,ВР 80-75-16-5А160М8-04,5А160М8,1600,36037 - 66663,316 - 541,11000,80,271400
503,ВР,ВР 80-75-16-АИР180М8,АИР180М8,1600,39434 - 72654,366 - 611,15000,86,249200
504,ВР,ВР 80-75-16-АИР180М8-01,АИР180М8,1600,41508 - 75427,389 - 653,15000,84,326300
505,ВР,ВР 80-75-16-АИР180М8-02,АИР180М8,1600,37042 - 67759,343 - 599,15000,86,257800
506,ВР,ВР 80-75-16-АИР180М8-03,АИР180М8,1600,42921 - 78129,412 - 680,15000,79,257500
507,ВР,ВР 80-75-16-АИР180М8-04,АИР180М8,1600,37996 - 70293,364 - 624,15000,81,319700
508,ВР,ВР 80-75-16-5А200М8,5А200М8,1600,44589 - 82977,476 - 808,18500,78,365900
509,ВР,ВР 80-75-16-5А200М8-01,5А200М8,1600,46359 - 87144,506 - 866,18500,83,304200
510,ВР,ВР 80-75-16-5А200М8-02,5А200М8,1600,42283 - 77326,447 - 758,18500,87,365700
511,ВР,ВР 80-75-16-5А200М8-03,5А200М8,1600,48179 - 89629,551 - 916,18500,82,340400
512,ВР,ВР 80-75-16-5А200М8-04,5А200М8,1600,44057 - 83018,472 - 807,18500,82,350100
513,ВР,ВР 80-75-16-5А200L8,5А200L8,1600,47394 - 86157,556 - 926,22000,86,286600
514,ВР,ВР 80-75-16-5А200L8-01,5А200L8,1600,50889 - 89981,596 - 981,22000,81,318800
515,ВР,ВР 80-75-16-5А200L8-02,5А200L8,1600,43806 - 82975,523 - 874,22000,84,348000
516,ВР,ВР 80-75-16-5А200L8-03,5А200L8,1600,51334 - 95872,596 - 999,22000,84,362400
517,ВР,ВР 80-75-16-5А200L8-04,5А200L8,1600,45551 - 88981,539 - 902,22000,86,379100
518,ВР,ВР 80-75-16-5А200L6,5А200L6,1600,54175 - 97520,704 - 1111,30000,95,407600
519,ВР,ВР 80-75-16-5А200L6-01,5А200L6,1600,55773 - 103753,731 - 1170,30000,94,376400
520,ВР,ВР 80-75-16-5А200L6-02,5А200L6,1600,48303 - 91756,643 - 1067,30000,94,340700
521,ВР,ВР 80-75-16-5А200L6-03,5А200L6,1600,59184 - 110812,731 - 1252,30000,88,316700
522,ВР,ВР 80-75-16-5А200L6-04,5А200L6,1600,52709 - 96374,660 - 1133,30000,89,339500
523,ВР,ВР 80-75-16-5АМ250S6,5АМ250S6,1600,59253 - 108574,821 - 1382,45000,84,415300
524,ВР,ВР 80-75-16-5АМ250S6-01,5АМ250S6,1600,60464 - 116261,888 - 1415,45000,95,360900
525,ВР,ВР 80-75-16-5АМ250S6-02,5АМ250S6,1600,53607 - 100171,770 - 1263,45000,91,353900
526,ВР,ВР 80-75-16-5АМ250S6-03,5АМ250S6,1600,64984 - 118461,887 - 1481,45000,95,356700
527,ВР,ВР 80-75-16-5АМ250S6-04,5АМ250S6,1600,58331 - 106780,796 - 1369,45000,95,377200
528,ВР,ВР 80-75-16-5АМ250М6,5АМ250М6,1600,62750 - 115594,1016 - 1656,55000,87,505300
529,ВР,ВР 80-75-16-5АМ250М6-01,5АМ250М6,1600,67723 - 121569,1032 - 1749,55000,95,473600
530,ВР,ВР 80-75-16-5АМ250М6-02,5АМ250М6,1600,58439 - 110347,931 - 1524,55000,87,415500
531,ВР,ВР 80-75-16-5АМ250М6-03,5АМ250М6,1600,71261 - 132105,1107 - 1823,55000,92,399700
532,ВР,ВР 80-75-16-5АМ250М6-04,5АМ250М6,1600,62065 - 115345,990 - 1594,55000,92,534400
533,ВР,ВР 80-75-16-5АМ280S6,5АМ280S6,1600,72183 - 130125,1197 - 2030,75000,89,617400
534,ВР,ВР 80-75-16-5АМ280S6-01,5АМ280S6,1600,77190 - 140139,1271 - 2172,75000,93,564300
535,ВР,ВР 80-75-16-5АМ280S6-02,5АМ280S6,1600,68591 - 120464,1113 - 1870,75000,89,585800
536,ВР,ВР 80-75-16-5АМ280S6-03,5АМ280S6,1600,80352 - 143393,1338 - 2198,75000,86,542800
537,ВР,ВР 80-75-16-5АМ280S6-04,5АМ280S6,1600,71700 - 131609,1177 - 2054,75000,86,543400
538,ВР,ВР 80-76-16-5А200М8,5А200М8,1600,36201 - 61310,409 - 678,18500,83,389300
539,ВР,ВР 80-76-16-5А200М8-01,5А200М8,1600,39553 - 65126,451 - 723,18500,88,331500
540,ВР,ВР 80-76-16-5А200М8-02,5А200М8,1600,35165 - 57985,395 - 652,18500,79,340400
541,ВР,ВР 80-76-16-5А200М8-03,5А200М8,1600,42552 - 68885,467 - 747,18500,82,290100
542,ВР,ВР 80-76-16-5А200L8,5А200L8,1600,41892 - 85222,552 - 904,22000,79,355700
543,ВР,ВР 80-76-16-5А200L8-01,5А200L8,1600,44314 - 90112,590 - 980,22000,78,380400
544,ВР,ВР 80-76-16-5А200L8-02,5А200L8,1600,39341 - 77627,524 - 833,22000,88,379200
545,ВР,ВР 80-76-16-5А200L8-03,5А200L8,1600,46884 - 97764,616 - 1003,22000,79,338000
546,ВР,ВР 80-76-16-5А200L6,5А200L6,1600,51585 - 101654,642 - 1181,30000,93,401800
547,ВР,ВР 80-76-16-5А200L6-01,5А200L6,1600,54768 - 107708,679 - 1278,30000,87,419500
548,ВР,ВР 80-76-16-5А200L6-02,5А200L6,1600,47957 - 94395,596 - 1130,30000,86,349600
549,ВР,ВР 80-76-16-5А200L6-03,5А200L6,1600,57306 - 111572,727 - 1337,30000,94,419700
550,ВР,ВР 80-76-16-5АМ250S6,5АМ250S6,1600,50863 - 111651,759 - 1293,45000,88,499400
551,ВР,ВР 80-76-16-5АМ250S6-01,5АМ250S6,1600,54394 - 120285,845 - 1370,45000,87,481700
552,ВР,ВР 80-76-16-5АМ250S6-02,5АМ250S6,1600,49397 - 103335,723 - 1228,45000,90,417300
553,ВР,ВР 80-76-16-5АМ250S6-03,5АМ250S6,1600,57263 - 126497,876 - 1493,45000,95,401100
554,ВР,ВР 80-76-16-5АМ250М6,5АМ250М6,1600,61571 - 119057,1089 - 1746,55000,84,540500
555,ВР,ВР 80-76-16-5АМ250М6-01,5АМ250М6,1600,65537 - 125266,1187 - 1871,55000,95,448300
556,ВР,ВР 80-76-16-5АМ250М6-02,5АМ250М6,1600,54922 - 113033,1030 - 1571,55000,87,473000
557,ВР,ВР 80-76-16-5АМ250М6-03,5АМ250М6,1600,67079 - 133839,1215 - 1926,55000,91,526000
558,ВР,ВР 80-76-20-АИР250S6,АИР250S6,2000,77388 - 159470,584 - 1070,45000,91,527300
559,ВР,ВР 80-76-20-АИР250S6-01,АИР250S6,2000,82976 - 164543,639 - 1174,45000,90,573200
560,ВР,ВР 80-76-20-АИР250S6-02,АИР250S6,2000,71868 - 144321,534 - 1043,45000,88,546300
561,ВР,ВР 80-76-20-АИР250S6-03,АИР250S6,2000,84713 - 172965,661 - 1255,45000,84,621000
562,ВР,ВР 80-76-20-АИР250М6,АИР250М6,2000,82723 - 192274,838 - 1328,55000,95,576300
563,ВР,ВР 80-76-20-АИР250М6-01,АИР250М6,2000,88019 - 198152,889 - 1453,55000,91,554000
564,ВР,ВР 80-76-20-АИР250М6-02,АИР250М6,2000,79601 - 181998,777 - 1306,55000,86,675600
565,ВР,ВР 80-76-20-АИР250М6-03,АИР250М6,2000,93043 - 209410,916 - 1554,55000,89,780300
566,ВР,ВР 80-76-20-АИР280S6,АИР280S6,2000,88040 - 199216,856 - 1584,75000,94,665700
567,ВР,ВР 80-76-20-АИР280S6-01,АИР280S6,2000,96476 - 203535,933 - 1684,75000,95,686300
568,ВР,ВР 80-76-20-АИР280S6-02,АИР280S6,2000,85860 - 188882,820 - 1477,75000,87,649200
569,ВР,ВР 80-76-20-АИР280S6-03,АИР280S6,2000,99262 - 224835,982 - 1772,75000,90,716000
570,ВР,ВР 100-45-4-АИР80А4,АИР80А4,400,2446 - 4933,301 - 390,1100,68,8500
571,ВР,ВР 100-45-4-АИР80А4-01,АИР80А4,400,2630 - 5309,308 - 420,1100,72,8000
572,ВР,ВР 100-45-4-АИР80А4-02,АИР80А4,400,2355 - 4769,293 - 387,1100,67,7600
573,ВР,ВР 100-45-4-АИР80А4-03,АИР80А4,400,2637 - 5400,325 - 434,1100,64,9100
574,ВР,ВР 100-45-4-АИР80А4-04,АИР80А4,400,2334 - 4450,274 - 372,1100,69,7800
575,ВР,ВР 100-45-5-АИР90L4,АИР90L4,500,3921 - 7986,438 - 618,2200,79,11000
576,ВР,ВР 100-45-5-АИР90L4-01,АИР90L4,500,4101 - 8090,476 - 608,2200,78,12100
577,ВР,ВР 100-45-5-АИР90L4-02,АИР90L4,500,3889 - 7803,429 - 573,2200,80,13300
578,ВР,ВР 100-45-5-АИР90L4-03,АИР90L4,500,4350 - 8525,486 - 641,2200,73,15500
579,ВР,ВР 100-45-5-АИР90L4-04,АИР90L4,500,3565 - 7204,416 - 549,2200,80,14100
580,ВР,ВР 100-45-5-АИР100L4,АИР100L4,500,4870 - 10119,612 - 811,4000,70,18500
581,ВР,ВР 100-45-5-АИР100L4-01,АИР100L4,500,5332 - 10160,607 - 838,4000,80,22400
582,ВР,ВР 100-45-5-АИР100L4-02,АИР100L4,500,4869 - 9381,583 - 778,4000,72,20500
583,ВР,ВР 100-45-5-АИР100L4-03,АИР100L4,500,5350 - 10811,639 - 881,4000,75,17600
584,ВР,ВР 100-45-5-АИР100L4-04,АИР100L4,500,4627 - 8974,555 - 745,4000,70,19200
585,ВР,ВР 100-45-63-АИР112М4,АИР112М4,630,7966 - 16023,720 - 887,5500,80,23700
586,ВР,ВР 100-45-63-АИР112М4-01,АИР112М4,630,8298 - 16500,731 - 936,5500,75,24600
587,ВР,ВР 100-45-63-АИР112М4-02,АИР112М4,630,7806 - 15723,656 - 873,5500,78,22900
588,ВР,ВР 100-45-63-АИР112М4-03,АИР112М4,630,8826 - 16774,750 - 946,5500,72,24800
589,ВР,ВР 100-45-63-АИР112М4-04,АИР112М4,630,7481 - 14154,645 - 834,5500,80,27400
590,ВР,ВР 100-45-63-АИР132S4,АИР132S4,630,9893 - 17910,838 - 1115,7500,79,38700
591,ВР,ВР 100-45-63-АИР132S4-01,АИР132S4,630,10163 - 18915,869 - 1113,7500,86,44600
592,ВР,ВР 100-45-63-АИР132S4-02,АИР132S4,630,9862 - 16833,805 - 1054,7500,82,35200
593,ВР,ВР 100-45-63-АИР132S4-03,АИР132S4,630,10834 - 18866,922 - 1167,7500,82,41100
594,ВР,ВР 100-45-63-АИР132S4-04,АИР132S4,630,8959 - 16251,797 - 1029,7500,81,41000
595,ВР,ВР 100-45-8-АИР160S4,АИР160S4,800,15042 - 30533,1231 - 1469,15000,78,65300
596,ВР,ВР 100-45-8-АИР160S4-01,АИР160S4,800,15456 - 31836,1282 - 1595,15000,78,79800
597,ВР,ВР 100-45-8-АИР160S4-02,АИР160S4,800,14293 - 29211,1132 - 1423,15000,81,70400
598,ВР,ВР 100-45-8-АИР160S4-03,АИР160S4,800,16648 - 33319,1279 - 1585,15000,78,84300
599,ВР,ВР 100-45-8-АИР160S4-04,АИР160S4,800,13975 - 27332,1084 - 1381,15000,79,74900
600,ВР,ВР 100-45-8-АИР160М4,АИР160М4,800,18006 - 35288,1408 - 1789,18500,78,84900
601,ВР,ВР 100-45-8-АИР160М4-01,АИР160М4,800,19241 - 35825,1440 - 1845,18500,84,93800
602,ВР,ВР 100-45-8-АИР160М4-02,АИР160М4,800,17524 - 33233,1310 - 1704,18500,81,75000
603,ВР,ВР 100-45-8-АИР160М4-03,АИР160М4,800,19755 - 36913,1507 - 1898,18500,83,84000
604,ВР,ВР 100-45-8-АИР160М4-04,АИР160М4,800,16415 - 32738,1259 - 1609,18500,82,98800
605,ВР,ВР 100-45-10-АИР180М4,АИР180М4,1000,24386 - 50923,1620 - 1977,30000,93,112500
606,ВР,ВР 100-45-10-АИР180М4-01,АИР180М4,1000,26524 - 51463,1639 - 2029,30000,89,131100
607,ВР,ВР 100-45-10-АИР180М4-02,АИР180М4,1000,23350 - 47421,1506 - 1957,30000,90,154900
608,ВР,ВР 100-45-10-АИР180М4-03,АИР180М4,1000,27091 - 54162,1687 - 2107,30000,86,116800
609,ВР,ВР 100-45-10-АИР180М4-04,АИР180М4,1000,22152 - 46267,1430 - 1790,30000,90,129800
610,ВР,ВР 100-45-10-АИР200М4,АИР200М4,1000,30235 - 60521,1873 - 2412,37000,85,135900
611,ВР,ВР 100-45-10-АИР200М4-01,АИР200М4,1000,30385 - 63907,1932 - 2488,37000,89,142300
612,ВР,ВР 100-45-10-АИР200М4-02,АИР200М4,1000,29564 - 56047,1817 - 2363,37000,95,159600
613,ВР,ВР 100-45-10-АИР200М4-03,АИР200М4,1000,31485 - 65512,2017 - 2541,37000,86,152000
614,ВР,ВР 100-45-10-АИР200М4-04,АИР200М4,1000,27212 - 53449,1741 - 2199,37000,94,153200
615,ВР,ВР 100-45-125-АИР200L4,АИР200L4,1250,39789 - 80243,1678 - 2142,45000,86,200100
616,ВР,ВР 100-45-125-АИР200L4-01,АИР200L4,1250,41956 - 84684,1820 - 2254,45000,92,229700
617,ВР,ВР 100-45-125-АИР200L4-02,АИР200L4,1250,39528 - 78099,1636 - 2094,45000,91,194200
618,ВР,ВР 100-45-125-АИР200L4-03,АИР200L4,1250,43370 - 85475,1784 - 2343,45000,93,184400
619,ВР,ВР 100-45-125-АИР200L4-04,АИР200L4,1250,37264 - 74017,1593 - 1949,45000,92,195300
620,ВР,ВР 100-45-125-АИР225М4,АИР225М4,1250,48242 - 93477,2068 - 2547,55000,87,226000
621,ВР,ВР 100-45-125-АИР225М4-01,АИР225М4,1250,50867 - 101274,2249 - 2632,55000,87,255300
622,ВР,ВР 100-45-125-АИР225М4-02,АИР225М4,1250,47414 - 90589,2075 - 2561,55000,86,217500
623,ВР,ВР 100-45-125-АИР225М4-03,АИР225М4,1250,52128 - 104485,2324 - 2841,55000,84,267400
624,ВР,ВР 100-45-125-АИР225М4-04,АИР225М4,1250,43291 - 86801,1962 - 2315,55000,91,252100
625,ВЦ,ВЦ 5-35-3-АИР63В4,АИР63В4,300,784 - 1458,151 - 195,370,64,3200
626,ВЦ,ВЦ 5-35-3-АИР63В4-01,АИР63В4,300,815 - 1614,154 - 206,370,66,3700
627,ВЦ,ВЦ 5-35-3-АИР63В4-02,АИР63В4,300,776 - 1410,143 - 185,370,66,3500
628,ВЦ,ВЦ 5-35-3-АИР63В4-03,АИР63В4,300,898 - 1686,164 - 226,370,70,3300
629,ВЦ,ВЦ 5-35-315-АИР71А4,АИР71А4,315,1188 - 2177,203 - 288,550,70,4800
630,ВЦ,ВЦ 5-35-315-АИР71А4-01,АИР71А4,315,1295 - 2331,216 - 288,550,69,3800
631,ВЦ,ВЦ 5-35-315-АИР71А4-02,АИР71А4,315,1146 - 2049,192 - 263,550,66,3800
632,ВЦ,ВЦ 5-35-315-АИР71А4-03,АИР71А4,315,1281 - 2449,225 - 309,550,64,3800
633,ВЦ,ВЦ 5-35-4-АИР80А4,АИР80А4,400,1978 - 3870,303 - 403,1100,65,8600
634,ВЦ,ВЦ 5-35-4-АИР80А4-01,АИР80А4,400,2055 - 4049,324 - 413,1100,66,7800
635,ВЦ,ВЦ 5-35-4-АИР80А4-02,АИР80А4,400,1953 - 3680,289 - 384,1100,69,7200
636,ВЦ,ВЦ 5-35-4-АИР80А4-03,АИР80А4,400,2169 - 4117,325 - 429,1100,65,8000
637,ВЦ,ВЦ 5-35-5-АИР90L4,АИР90L4,500,3405 - 6476,412 - 547,2200,76,12800
638,ВЦ,ВЦ 5-35-5-АИР90L4-01,АИР90L4,500,3648 - 6844,440 - 564,2200,79,13600
639,ВЦ,ВЦ 5-35-5-АИР90L4-02,АИР90L4,500,3362 - 6050,407 - 509,2200,74,10500
640,ВЦ,ВЦ 5-35-5-АИР90L4-03,АИР90L4,500,3795 - 6980,473 - 599,2200,72,14000
641,ВЦ,ВЦ 5-35-63-АИР112М4,АИР112М4,630,7020 - 13311,623 - 780,5500,79,32000
642,ВЦ,ВЦ 5-35-63-АИР112М4-01,АИР112М4,630,7440 - 13594,655 - 848,5500,76,24200
643,ВЦ,ВЦ 5-35-63-АИР112М4-02,АИР112М4,630,6491 - 12132,596 - 746,5500,78,25300
644,ВЦ,ВЦ 5-35-63-АИР112М4-03,АИР112М4,630,7599 - 14075,685 - 856,5500,77,24100
645,ВЦ,ВЦ 5-35-8-АИР160S4,АИР160S4,800,13883 - 25887,959 - 1185,15000,87,71200
646,ВЦ,ВЦ 5-35-8-АИР160S4-01,АИР160S4,800,14345 - 26820,1026 - 1270,15000,85,81200
647,ВЦ,ВЦ 5-35-8-АИР160S4-02,АИР160S4,800,13147 - 24548,911 - 1139,15000,79,75700
648,ВЦ,ВЦ 5-35-8-АИР160S4-03,АИР160S4,800,15296 - 28379,1025 - 1311,15000,78,65300
649,ВЦ,ВЦ 5-45-3-АИР63В4,АИР63В4,300,699 - 1377,175 - 247,370,65,2700
650,ВЦ,ВЦ 5-45-3-АИР63В4-01,АИР63В4,300,728 - 1474,190 - 270,370,72,2700
651,ВЦ,ВЦ 5-45-3-АИР63В4-02,АИР63В4,300,660 - 1332,173 - 244,370,71,3300
652,ВЦ,ВЦ 5-45-3-АИР63В4-03,АИР63В4,300,758 - 1521,202 - 273,370,64,3200
653,ВЦ,ВЦ 5-45-315-АИР71А4,АИР71А4,315,1126 - 2036,242 - 323,550,65,5100
654,ВЦ,ВЦ 5-45-315-АИР71А4-01,АИР71А4,315,1151 - 2157,248 - 329,550,67,3800
655,ВЦ,ВЦ 5-45-315-АИР71А4-02,АИР71А4,315,1040 - 1956,235 - 303,550,66,5000
656,ВЦ,ВЦ 5-45-315-АИР71А4-03,АИР71А4,315,1192 - 2254,257 - 361,550,70,4500
657,ВЦ,ВЦ 5-45-4-АИР80А4,АИР80А4,400,1906 - 3677,349 - 451,1100,64,8400
658,ВЦ,ВЦ 5-45-4-АИР80А4-01,АИР80А4,400,2010 - 3785,355 - 470,1100,66,7800
659,ВЦ,ВЦ 5-45-4-АИР80А4-02,АИР80А4,400,1814 - 3515,315 - 417,1100,65,8400
660,ВЦ,ВЦ 5-45-4-АИР80А4-03,АИР80А4,400,2136 - 4050,369 - 506,1100,71,7800
661,ВЦ,ВЦ 5-45-5-АИР100L4,АИР100L4,500,3794 - 7058,544 - 696,4000,80,21600
662,ВЦ,ВЦ 5-45-5-АИР100L4-01,АИР100L4,500,3880 - 7737,558 - 728,4000,77,23300
663,ВЦ,ВЦ 5-45-5-АИР100L4-02,АИР100L4,500,3696 - 6643,507 - 678,4000,74,22700
664,ВЦ,ВЦ 5-45-5-АИР100L4-03,АИР100L4,500,4270 - 8008,584 - 792,4000,74,23700
665,ВЦ,ВЦ 5-45-63-АИР132S4,АИР132S4,630,7474 - 14274,816 - 1035,7500,88,31000
666,ВЦ,ВЦ 5-45-63-АИР132S4-01,АИР132S4,630,7847 - 15065,860 - 1096,7500,86,41900
667,ВЦ,ВЦ 5-45-63-АИР132S4-02,АИР132S4,630,7262 - 13312,770 - 977,7500,86,35400
668,ВЦ,ВЦ 5-45-63-АИР132S4-03,АИР132S4,630,8389 - 15422,884 - 1160,7500,81,41500
669,ВЦ,ВЦ 5-45-8-АИР160М4,АИР160М4,800,14775 - 27927,1265 - 1640,18500,82,81900
670,ВЦ,ВЦ 5-45-8-АИР160М4-01,АИР160М4,800,15716 - 29218,1327 - 1723,18500,81,82000
671,ВЦ,ВЦ 5-45-8-АИР160М4-02,АИР160М4,800,14330 - 26085,1194 - 1554,18500,83,81100
672,ВЦ,ВЦ 5-45-8-АИР160М4-03,АИР160М4,800,16834 - 30354,1341 - 1795,18500,78,82500
673,ВЦ,ВЦ 5-50-3-АИР71А4,АИР71А4,300,882 - 1707,204 - 288,550,67,4300
674,ВЦ,ВЦ 5-50-3-АИР71А4-01,АИР71А4,300,932 - 1775,214 - 286,550,64,4000
675,ВЦ,ВЦ 5-50-3-АИР71А4-02,АИР71А4,300,836 - 1583,187 - 271,550,68,4400
676,ВЦ,ВЦ 5-50-3-АИР71А4-03,АИР71А4,300,1002 - 1845,225 - 315,550,71,3600
677,ВЦ,ВЦ 5-50-4-АИР80В4,АИР80В4,400,1796 - 3436,318 - 428,1500,71,6900
678,ВЦ,ВЦ 5-50-4-АИР80В4-01,АИР80В4,400,1947 - 3670,337 - 450,1500,79,8900
679,ВЦ,ВЦ 5-50-4-АИР80В4-02,АИР80В4,400,1689 - 3154,313 - 389,1500,80,8000
680,ВЦ,ВЦ 5-50-4-АИР80В4-03,АИР80В4,400,1953 - 3775,355 - 475,1500,73,7400
681,ВЦ,ВЦ 5-50-5-АИР100S4,АИР100S4,500,3251 - 6144,479 - 631,3000,79,15500
682,ВЦ,ВЦ 5-50-5-АИР100S4-01,АИР100S4,500,3324 - 6164,493 - 632,3000,74,14600
683,ВЦ,ВЦ 5-50-5-АИР100S4-02,АИР100S4,500,3025 - 5662,452 - 573,3000,79,18000
684,ВЦ,ВЦ 5-50-5-АИР100S4-03,АИР100S4,500,3487 - 6684,521 - 690,3000,77,18600
685,ВЦ,ВЦ 5-50-63-АИР132М4,АИР132М4,630,6567 - 12005,776 - 1000,11000,86,44000
686,ВЦ,ВЦ 5-50-63-АИР132М4-01,АИР132М4,630,6660 - 12319,813 - 1014,11000,80,58700
687,ВЦ,ВЦ 5-50-63-АИР132М4-02,АИР132М4,630,6323 - 11506,710 - 915,11000,82,48600
688,ВЦ,ВЦ 5-50-63-АИР132М4-03,АИР132М4,630,7316 - 13098,834 - 1084,11000,79,49600
689,ВЦ,ВЦ 5-50-8-АИР180S4,АИР180S4,800,13286 - 25125,1120 - 1540,22000,81,100700
690,ВЦ,ВЦ 5-50-8-АИР180S4-01,АИР180S4,800,13951 - 26064,1175 - 1556,22000,80,86700
691,ВЦ,ВЦ 5-50-8-АИР180S4-02,АИР180S4,800,12128 - 23621,1119 - 1431,22000,85,87000
692,ВЦ,ВЦ 5-50-8-АИР180S4-03,АИР180S4,800,14611 - 26973,1252 - 1609,22000,80,93500
693,Ц,Ц 9-55-4-АИР80А4,АИР80А4,400,1947 - 4487,274 - 344,1100,66,7000
694,Ц,Ц 9-55-4-АИР80А4-01,АИР80А4,400,2154 - 4652,288 - 374,1100,70,6800
695,Ц,Ц 9-55-4-АИР80А4-02,АИР80А4,400,1877 - 4104,257 - 330,1100,64,8100
696,Ц,Ц 9-55-4-АИР80А4-03,АИР80А4,400,2275 - 5049,293 - 381,1100,67,6300
697,Ц,Ц 9-55-4-АИР80А4-04,АИР80А4,400,2004 - 4360,265 - 335,1100,68,6100
698,Ц,Ц 9-55-5-АИР90L4,АИР90L4,500,3568 - 6915,385 - 494,2200,79,12600
699,Ц,Ц 9-55-5-АИР90L4-01,АИР90L4,500,3695 - 7503,415 - 518,2200,77,11800
700,Ц,Ц 9-55-5-АИР90L4-02,АИР90L4,500,3228 - 6757,355 - 482,2200,73,11200
701,Ц,Ц 9-55-5-АИР90L4-03,АИР90L4,500,4034 - 7704,426 - 544,2200,71,11900
702,Ц,Ц 9-55-5-АИР90L4-04,АИР90L4,500,3461 - 6670,367 - 501,2200,78,13100
703,Ц,Ц 9-55-5-АИР100L4,АИР100L4,500,4525 - 8756,551 - 684,4000,70,21500
704,Ц,Ц 9-55-5-АИР100L4-01,АИР100L4,500,4746 - 9471,572 - 744,4000,72,17800
705,Ц,Ц 9-55-5-АИР100L4-02,АИР100L4,500,4277 - 8211,495 - 655,4000,78,18300
706,Ц,Ц 9-55-5-АИР100L4-03,АИР100L4,500,5072 - 9861,590 - 800,4000,79,17200
707,Ц,Ц 9-55-5-АИР100L4-04,АИР100L4,500,4308 - 8612,520 - 674,4000,74,22600
708,Ц,Ц 9-55-63-АИР112М4,АИР112М4,630,7713 - 14872,705 - 945,5500,78,28000
709,Ц,Ц 9-55-63-АИР112М4-01,АИР112М4,630,7811 - 16313,740 - 997,5500,80,23700
710,Ц,Ц 9-55-63-АИР112М4-02,АИР112М4,630,6885 - 14163,695 - 893,5500,78,23500
711,Ц,Ц 9-55-63-АИР112М4-03,АИР112М4,630,8513 - 17208,804 - 1073,5500,74,25500
712,Ц,Ц 9-55-63-АИР112М4-04,АИР112М4,630,7152 - 14976,721 - 952,5500,75,31300
713,Ц,Ц 9-55-63-АИР132S4,АИР132S4,630,8899 - 18258,863 - 1073,7500,78,30200
714,Ц,Ц 9-55-63-АИР132S4-01,АИР132S4,630,9333 - 19249,922 - 1154,7500,87,33900
715,Ц,Ц 9-55-63-АИР132S4-02,АИР132S4,630,8578 - 16791,780 - 1024,7500,84,43800
716,Ц,Ц 9-55-63-АИР132S4-03,АИР132S4,630,9942 - 20022,969 - 1258,7500,88,42700
717,Ц,Ц 9-55-63-АИР132S4-04,АИР132S4,630,8644 - 17251,857 - 1093,7500,80,31600
718,Ц,Ц 9-55-8-АИР160S4,АИР160S4,800,16395 - 31967,1096 - 1406,15000,87,70200
719,Ц,Ц 9-55-8-АИР160S4-01,АИР160S4,800,16816 - 32961,1190 - 1500,15000,80,73100
720,Ц,Ц 9-55-8-АИР160S4-02,АИР160S4,800,15029 - 30780,1007 - 1311,15000,88,68300
721,Ц,Ц 9-55-8-АИР160S4-03,АИР160S4,800,18140 - 36223,1238 - 1593,15000,87,65800
722,Ц,Ц 9-55-8-АИР160S4-04,АИР160S4,800,16109 - 32062,1090 - 1374,15000,87,62200
723,Ц,Ц 9-55-8-АИР160М4,АИР160М4,800,18175 - 35457,1314 - 1684,18500,84,76600
724,Ц,Ц 9-55-8-АИР160М4-01,АИР160М4,800,19454 - 39058,1338 - 1814,18500,80,88600
725,Ц,Ц 9-55-8-АИР160М4-02,АИР160М4,800,16889 - 33832,1240 - 1566,18500,83,79700
726,Ц,Ц 9-55-8-АИР160М4-03,АИР160М4,800,20729 - 39232,1469 - 1872,18500,84,99100
727,Ц,Ц 9-55-8-АИР160М4-04,АИР160М4,800,17194 - 35162,1243 - 1673,18500,85,86700
728,Ц,Ц 9-55-10-АИР180М4,АИР180М4,1000,24428 - 49992,1367 - 1817,30000,90,113000
729,Ц,Ц 9-55-10-АИР180М4-01,АИР180М4,1000,26578 - 54036,1525 - 1941,30000,94,127100
730,Ц,Ц 9-55-10-АИР180М4-02,АИР180М4,1000,23512 - 46173,1352 - 1709,30000,89,154400
731,Ц,Ц 9-55-10-АИР180М4-03,АИР180М4,1000,28532 - 57157,1593 - 1996,30000,93,135900
732,Ц,Ц 9-55-10-АИР180М4-04,АИР180М4,1000,24731 - 49635,1393 - 1723,30000,87,111300
733,Ц,Ц 9-55-10-АИР200М4,АИР200М4,1000,29739 - 60481,1655 - 2138,37000,89,180900
734,Ц,Ц 9-55-10-АИР200М4-01,АИР200М4,1000,30933 - 62318,1772 - 2178,37000,95,162200
735,Ц,Ц 9-55-10-АИР200М4-02,АИР200М4,1000,27784 - 55371,1584 - 1929,37000,87,165300
736,Ц,Ц 9-55-10-АИР200М4-03,АИР200М4,1000,34167 - 68074,1839 - 2297,37000,94,189600
737,Ц,Ц 9-55-10-АИР200М4-04,АИР200М4,1000,29557 - 59760,1632 - 2052,37000,92,144600
738,Ц,Ц 9-55-125-АИР225М4,АИР225М4,1250,44997 - 90164,1950 - 2432,55000,93,243800
739,Ц,Ц 9-55-125-АИР225М4-01,АИР225М4,1250,47724 - 97811,2023 - 2599,55000,95,274900
740,Ц,Ц 9-55-125-АИР225М4-02,АИР225М4,1250,41294 - 85400,1767 - 2365,55000,90,237800
741,Ц,Ц 9-55-125-АИР225М4-03,АИР225М4,1250,50730 - 101964,2115 - 2758,55000,89,289400
742,Ц,Ц 9-55-125-АИР225М4-04,АИР225М4,1250,43975 - 86260,1884 - 2437,55000,95,246600
743,Ц,Ц 9-55-125-АИР250S4,АИР250S4,1250,56132 - 110316,2333 - 2967,75000,92,341600
744,Ц,Ц 9-55-125-АИР250S4-01,АИР250S4,1250,57254 - 117469,2415 - 3140,75000,94,279600
745,Ц,Ц 9-55-125-АИР250S4-02,АИР250S4,1250,52353 - 106348,2168 - 2765,75000,94,303100
746,Ц,Ц 9-55-125-АИР250S4-03,АИР250S4,1250,60179 - 122108,2587 - 3356,75000,94,351200
747,Ц,Ц 9-55-125-АИР250S4-04,АИР250S4,1250,54464 - 110348,2305 - 2946,75000,90,363300
748,ВР,ВР 12-26-25-АИР63А4,АИР63А4,250,501 - 972,121 - 147,250,61,2200
749,ВР,ВР 12-26-25-АИР63А4-01,АИР63А4,250,529 - 1070,122 - 158,250,58,2600
750,ВР,ВР 12-26-25-АИР63А4-02,АИР63А4,250,474 - 975,117 - 140,250,59,2500
751,ВР,ВР 12-26-25-АИР63А4-03,АИР63А4,250,546 - 1084,131 - 159,250,64,2200
752,ВР,ВР 12-26-25-АИР63А4-04,АИР63А4,250,473 - 947,113 - 138,250,64,2300
753,ВР,ВР 12-26-315-АИР71А4,АИР71А4,315,925 - 1851,171 - 218,550,64,4400
754,ВР,ВР 12-26-315-АИР71А4-01,АИР71А4,315,919 - 1913,176 - 234,550,67,4700
755,ВР,ВР 12-26-315-АИР71А4-02,АИР71А4,315,875 - 1743,164 - 214,550,67,4500
756,ВР,ВР 12-26-315-АИР71А4-03,АИР71А4,315,999 - 1920,186 - 233,550,66,4700
757,ВР,ВР 12-26-315-АИР71А4-04,АИР71А4,315,849 - 1636,156 - 199,550,68,3500
758,ВР,ВР 12-26-4-АИР80В4,АИР80В4,400,1809 - 3449,294 - 376,1500,72,6900
759,ВР,ВР 12-26-4-АИР80В4-01,АИР80В4,400,1920 - 3661,304 - 402,1500,80,7700
760,ВР,ВР 12-26-4-АИР80В4-02,АИР80В4,400,1758 - 3370,282 - 355,1500,78,7500
761,ВР,ВР 12-26-4-АИР80В4-03,АИР80В4,400,1907 - 3682,312 - 411,1500,78,8100
762,ВР,ВР 12-26-4-АИР80В4-04,АИР80В4,400,1659 - 3330,267 - 357,1500,74,7500
763,ВР,ВР 12-26-5-АИР100L4,АИР100L4,500,3553 - 7013,449 - 597,4000,80,16000
764,ВР,ВР 12-26-5-АИР100L4-01,АИР100L4,500,3677 - 7256,461 - 618,4000,79,17700
765,ВР,ВР 12-26-5-АИР100L4-02,АИР100L4,500,3267 - 6875,430 - 553,4000,71,18800
766,ВР,ВР 12-26-5-АИР100L4-03,АИР100L4,500,3789 - 7461,484 - 642,4000,75,19700
767,ВР,ВР 12-26-5-АИР100L4-04,АИР100L4,500,3257 - 6505,413 - 533,4000,75,19700
768,ВР,ВР 12-26-63-АИР132S4,АИР132S4,630,7188 - 13721,702 - 925,7500,78,37600
769,ВР,ВР 12-26-63-АИР132S4-01,АИР132S4,630,7154 - 14673,736 - 920,7500,79,31800
770,ВР,ВР 12-26-63-АИР132S4-02,АИР132S4,630,6853 - 13745,669 - 877,7500,79,39200
771,ВР,ВР 12-26-63-АИР132S4-03,АИР132S4,630,7403 - 15083,737 - 962,7500,78,31500
772,ВР,ВР 12-26-63-АИР132S4-04,АИР132S4,630,6413 - 12684,667 - 853,7500,84,34300
773,ВР,ВР 12-26-63-АИР132М4,АИР132М4,630,9070 - 16932,869 - 1068,11000,86,40700
774,ВР,ВР 12-26-63-АИР132М4-01,АИР132М4,630,9484 - 17217,870 - 1161,11000,79,47400
775,ВР,ВР 12-26-63-АИР132М4-02,АИР132М4,630,8641 - 16114,831 - 1068,11000,82,55200
776,ВР,ВР 12-26-63-АИР132М4-03,АИР132М4,630,9684 - 18244,927 - 1199,11000,86,44800
777,ВР,ВР 12-26-63-АИР132М4-04,АИР132М4,630,8494 - 16092,790 - 1044,11000,88,43300
778,ВР,ВР 12-26-8-АИР160М4,АИР160М4,800,14149 - 28696,1166 - 1527,18500,83,101800
779,ВР,ВР 12-26-8-АИР160М4-01,АИР160М4,800,14133 - 29775,1163 - 1526,18500,87,89800
780,ВР,ВР 12-26-8-АИР160М4-02,АИР160М4,800,13470 - 27601,1120 - 1423,18500,83,77100
781,ВР,ВР 12-26-8-АИР160М4-03,АИР160М4,800,15488 - 30878,1218 - 1585,18500,87,97700
782,ВР,ВР 12-26-8-АИР160М4-04,АИР160М4,800,12781 - 25542,1092 - 1420,18500,86,85400
783,ВР,ВР 12-26-8-АИР180S4,АИР180S4,800,17051 - 32585,1347 - 1753,22000,87,101000
784,ВР,ВР 12-26-8-АИР180S4-01,АИР180S4,800,17501 - 33554,1401 - 1889,22000,87,84900
785,ВР,ВР 12-26-8-АИР180S4-02,АИР180S4,800,16020 - 31653,1337 - 1710,22000,87,88100
786,ВР,ВР 12-26-8-АИР180S4-03,АИР180S4,800,18434 - 36298,1461 - 1997,22000,83,91700
787,ВР,ВР 12-26-8-АИР180S4-04,АИР180S4,800,15546 - 31132,1310 - 1668,22000,80,108500
788,ВР,ВР 12-26-10-АИР200М4,АИР200М4,1000,27717 - 54934,1728 - 2193,37000,91,168600
789,ВР,ВР 12-26-10-АИР200М4-01,АИР200М4,1000,28554 - 57566,1806 - 2335,37000,86,190000
790,ВР,ВР 12-26-10-АИР200М4-02,АИР200М4,1000,26390 - 53540,1654 - 2128,37000,84,187300
791,ВР,ВР 12-26-10-АИР200М4-03,АИР200М4,1000,30479 - 60514,1866 - 2387,37000,87,190900
792,ВР,ВР 12-26-10-АИР200М4-04,АИР200М4,1000,26121 - 51283,1578 - 2107,37000,86,156900
793,ВР,ВР 12-26-10-АИР225S4,АИР225S4,1000,32452 - 66061,1975 - 2636,45000,91,199400
794,ВР,ВР 12-26-10-АИР225S4-01,АИР225S4,1000,33477 - 67048,2047 - 2625,45000,93,213300
795,ВР,ВР 12-26-10-АИР225S4-02,АИР225S4,1000,32169 - 61054,1928 - 2445,45000,93,211500
796,ВР,ВР 12-26-10-АИР225S4-03,АИР225S4,1000,36640 - 71194,2142 - 2805,45000,87,219200
797,ВР,ВР 12-26-10-АИР225S4-04,АИР225S4,1000,30196 - 59595,1879 - 2379,45000,92,230300
798,ВР,ВР 132-30-4-АИР80А4,АИР80А4,400,2182 - 4492,340 - 449,1100,69,6300
799,ВР,ВР 132-30-4-АИР80А4-01,АИР80А4,400,2375 - 4763,373 - 466,1100,72,7600
800,ВР,ВР 132-30-4-АИР80А4-02,АИР80А4,400,2075 - 4244,340 - 430,1100,65,7400
801,ВР,ВР 132-30-4-АИР80А4-03,АИР80А4,400,2402 - 5071,382 - 495,1100,69,7400
802,ВР,ВР 132-30-5-АИР100L4,АИР100L4,500,3996 - 8553,548 - 720,4000,72,18300
803,ВР,ВР 132-30-5-АИР100L4-01,АИР100L4,500,4204 - 8808,576 - 740,4000,79,22000
804,ВР,ВР 132-30-5-АИР100L4-02,АИР100L4,500,3713 - 7944,539 - 697,4000,77,21700
805,ВР,ВР 132-30-5-АИР100L4-03,АИР100L4,500,4394 - 9401,613 - 799,4000,73,16800
806,ВР,ВР 132-30-63-АИР132S4,АИР132S4,630,7533 - 14695,836 - 1109,7500,87,32000
807,ВР,ВР 132-30-63-АИР132S4-01,АИР132S4,630,7717 - 16149,898 - 1156,7500,87,38900
808,ВР,ВР 132-30-63-АИР132S4-02,АИР132S4,630,7287 - 14445,839 - 1065,7500,81,36200
809,ВР,ВР 132-30-63-АИР132S4-03,АИР132S4,630,8494 - 16864,965 - 1186,7500,87,31900
810,ВР,ВР 132-30-8-АИР160S4,АИР160S4,800,13064 - 26417,1151 - 1511,15000,80,79400
811,ВР,ВР 132-30-8-АИР160S4-01,АИР160S4,800,13521 - 27224,1188 - 1584,15000,84,62900
812,ВР,ВР 132-30-8-АИР160S4-02,АИР160S4,800,11992 - 24734,1105 - 1460,15000,80,76000
813,ВР,ВР 132-30-8-АИР160S4-03,АИР160S4,800,14023 - 29289,1294 - 1660,15000,86,73200
814,ВР,ВР 132-30-8-АИР160М4,АИР160М4,800,15633 - 31966,1409 - 1760,18500,78,100800
815,ВР,ВР 132-30-8-АИР160М4-01,АИР160М4,800,17077 - 33901,1459 - 1892,18500,78,94100
816,ВР,ВР 132-30-8-АИР160М4-02,АИР160М4,800,15135 - 31200,1351 - 1708,18500,83,90500
817,ВР,ВР 132-30-8-АИР160М4-03,АИР160М4,800,17855 - 35752,1503 - 2003,18500,80,79400
818,ВР,ВР 132-30-10-АИР200L4,АИР200L4,1000,28447 - 56353,1861 - 2340,45000,92,189000
819,ВР,ВР 132-30-10-АИР200L4-01,АИР200L4,1000,28851 - 58475,1952 - 2564,45000,85,197200
820,ВР,ВР 132-30-10-АИР200L4-02,АИР200L4,1000,26401 - 51326,1748 - 2322,45000,85,170000
821,ВР,ВР 132-30-10-АИР200L4-03,АИР200L4,1000,31080 - 59606,2026 - 2696,45000,89,204100
822,ВЦ,ВЦ 6-28-4-АИР80В4,АИР80В4,400,2059 - 3975,381 - 491,1500,78,8900
823,ВЦ,ВЦ 6-28-4-АИР80В4-01,АИР80В4,400,2084 - 4214,394 - 517,1500,75,10000
824,ВЦ,ВЦ 6-28-4-АИР80В4-02,АИР80В4,400,1888 - 3717,353 - 485,1500,73,8800
825,ВЦ,ВЦ 6-28-4-АИР80В4-03,АИР80В4,400,2226 - 4311,416 - 541,1500,75,10000
826,ВЦ,ВЦ 6-28-5-АИР100S4,АИР100S4,500,3524 - 7583,576 - 730,3000,80,13300
827,ВЦ,ВЦ 6-28-5-АИР100S4-01,АИР100S4,500,3585 - 7707,607 - 808,3000,71,15000
828,ВЦ,ВЦ 6-28-5-АИР100S4-02,АИР100S4,500,3299 - 7172,565 - 722,3000,76,17200
829,ВЦ,ВЦ 6-28-5-АИР100S4-03,АИР100S4,500,3855 - 8355,655 - 830,3000,72,17300
830,ВЦ,ВЦ 6-28-63-АИР132М4,АИР132М4,630,6974 - 13749,957 - 1211,11000,82,44000
831,ВЦ,ВЦ 6-28-63-АИР132М4-01,АИР132М4,630,7475 - 14709,994 - 1275,11000,88,41000
832,ВЦ,ВЦ 6-28-63-АИР132М4-02,АИР132М4,630,6546 - 12901,920 - 1117,11000,84,47100
833,ВЦ,ВЦ 6-28-63-АИР132М4-03,АИР132М4,630,7652 - 15480,1049 - 1321,11000,79,57800
834,ВЦ,ВЦ 6-28-8-АИР180М4,АИР180М4,800,14042 - 28380,1306 - 1706,30000,89,152100
835,ВЦ,ВЦ 6-28-8-АИР180М4-01,АИР180М4,800,14503 - 29588,1400 - 1752,30000,93,104900
836,ВЦ,ВЦ 6-28-8-АИР180М4-02,АИР180М4,800,13041 - 26610,1235 - 1621,30000,89,151300
837,ВЦ,ВЦ 6-28-8-АИР180М4-03,АИР180М4,800,15680 - 31644,1457 - 1912,30000,93,117000
838,ВЦ,ВЦ 6-28-10-АИР225М4,АИР225М4,1000,24914 - 49631,1772 - 2298,55000,89,285400
839,ВЦ,ВЦ 6-28-10-АИР225М4-01,АИР225М4,1000,26185 - 52376,1836 - 2428,55000,85,220400
840,ВЦ,ВЦ 6-28-10-АИР225М4-02,АИР225М4,1000,23583 - 48323,1731 - 2148,55000,89,234700
841,ВЦ,ВЦ 6-28-10-АИР225М4-03,АИР225М4,1000,27258 - 55118,1952 - 2560,55000,88,205100
842,ВКОП,ВКОП-4-АИР80А4Вз,АИР80А4Вз,400,2021 - 4281,318 - 390,1100,71,7700
843,ВКОП,ВКОП-4-АИР80А4Вз-01,АИР80А4Вз,400,2045 - 4387,327 - 408,1100,67,8300
844,ВКОП,ВКОП-4-АИР80А4Вз-02,АИР80А4Вз,400,1866 - 4046,289 - 388,1100,67,9400
845,ВКОП,ВКОП-5-АИР100L4Вз,АИР100L4Вз,500,4081 - 8724,528 - 712,4000,71,22700
846,ВКОП,ВКОП-5-АИР100L4Вз-01,АИР100L4Вз,500,4201 - 9215,563 - 740,4000,70,24100
847,ВКОП,ВКОП-5-АИР100L4Вз-02,АИР100L4Вз,500,3771 - 8267,525 - 681,4000,79,24200
848,ВКОП,ВКОП-63-АИР132S4Вз,АИР132S4Вз,630,7796 - 15950,809 - 1076,7500,81,41700
849,ВКОП,ВКОП-63-АИР132S4Вз-01,АИР132S4Вз,630,7931 - 16145,875 - 1087,7500,78,38100
850,ВКОП,ВКОП-63-АИР132S4Вз-02,АИР132S4Вз,630,7363 - 14890,801 - 978,7500,86,37500
851,ВКОП,ВКОП-8-АИР160М4Вз,АИР160М4Вз,800,15170 - 29121,1256 - 1572,18500,83,83800
852,ВКОП,ВКОП-8-АИР160М4Вз-01,АИР160М4Вз,800,15939 - 30614,1282 - 1640,18500,87,83100
853,ВКОП,ВКОП-8-АИР160М4Вз-02,АИР160М4Вз,800,13980 - 28370,1205 - 1513,18500,83,100400
854,ВКОП,ВКОП-10-АИР200М4Вз,АИР200М4Вз,1000,25656 - 51001,1658 - 2054,37000,87,186600
855,ВКОП,ВКОП-10-АИР200М4Вз-01,АИР200М4Вз,1000,27398 - 55067,1753 - 2191,37000,87,144200
856,ВКОП,ВКОП-10-АИР200М4Вз-02,АИР200М4Вз,1000,25380 - 48361,1537 - 2032,37000,91,143400
857,УВОП,УВОП-4-АИР80В4Вз,АИР80В4Вз,400,2252 - 4535,326 - 431,1500,77,9100
858,УВОП,УВОП-4-АИР80В4Вз-01,АИР80В4Вз,400,2297 - 4699,347 - 444,1500,70,8800
859,УВОП,УВОП-4-АИР80В4Вз-02,АИР80В4Вз,400,2059 - 4362,318 - 399,1500,74,9400
860,УВОП,УВОП-5-АИР100S4Вз,АИР100S4Вз,500,3814 - 8207,486 - 641,3000,71,16200
861,УВОП,УВОП-5-АИР100S4Вз-01,АИР100S4Вз,500,3995 - 8373,525 - 679,3000,78,15000
862,УВОП,УВОП-5-АИР100S4Вз-02,АИР100S4Вз,500,3671 - 7534,475 - 624,3000,77,19700
863,УВОП,УВОП-63-АИР132М4Вз,АИР132М4Вз,630,7149 - 14314,763 - 1008,11000,80,52800
864,УВОП,УВОП-63-АИР132М4Вз-01,АИР132М4Вз,630,7681 - 15009,807 - 1047,11000,79,42100
865,УВОП,УВОП-63-АИР132М4Вз-02,АИР132М4Вз,630,6776 - 13621,750 - 959,11000,87,52900
866,УВОП,УВОП-8-АИР180S4Вз,АИР180S4Вз,800,13808 - 27907,1111 - 1482,22000,87,102300
867,УВОП,УВОП-8-АИР180S4Вз-01,АИР180S4Вз,800,14517 - 28539,1139 - 1540,22000,81,107800
868,УВОП,УВОП-8-АИР180S4Вз-02,АИР180S4Вз,800,13651 - 26920,1043 - 1343,22000,79,85900
869,УВОП,УВОП-10-АИР225S4Вз,АИР225S4Вз,1000,28734 - 55910,1606 - 1946,45000,92,217500
870,УВОП,УВОП-10-АИР225S4Вз-01,АИР225S4Вз,1000,28392 - 57410,1658 - 2037,45000,90,183200
871,УВОП,УВОП-10-АИР225S4Вз-02,АИР225S4Вз,1000,26197 - 52511,1468 - 1914,45000,86,162100
872,ВО,ВО 14-320 №3,АИР_180,300,1212 - 2452,90 - 119,180,62,2200
873,ВО,ВО 14-320 №3-01,АИР_180,300,1232 - 2588,95 - 126,180,65,2300
874,ВО,ВО 14-320 №3-02,АИР_180,300,1149 - 2289,86 - 114,180,62,2500
875,ВО,ВО 14-320 №3-03,АИР_180,300,1319 - 2597,98 - 129,180,64,2000
876,ВО,ВО 14-320 №4,АИР_550,400,2767 - 5335,123 - 163,550,69,3900
877,ВО,ВО 14-320 №4-01,АИР_550,400,2946 - 5840,128 - 168,550,68,3500
878,ВО,ВО 14-320 №4-02,АИР_550,400,2649 - 5160,111 - 150,550,69,3800
879,ВО,ВО 14-320 №4-03,АИР_550,400,3151 - 6027,134 - 173,550,70,4800
880,ВО,ВО 14-320 №5,АИР_1100,500,5408 - 10722,150 - 202,1100,68,6800
881,ВО,ВО 14-320 №5-01,АИР_1100,500,5859 - 11764,161 - 209,1100,66,6400
882,ВО,ВО 14-320 №5-02,АИР_1100,500,5103 - 10422,144 - 189,1100,71,6500
883,ВО,ВО 14-320 №5-03,АИР_1100,500,5876 - 11773,162 - 220,1100,65,6800
884,ВО,ВО 14-320 №6,АИР_2200,600,8798 - 17933,132 - 175,2200,70,13100
885,ВО,ВО 14-320 №6-01,АИР_2200,600,9360 - 18686,146 - 192,2200,77,14100
886,ВО,ВО 14-320 №6-02,АИР_2200,600,8310 - 16669,126 - 174,2200,74,14500
887,ВО,ВО 14-320 №6-03,АИР_2200,600,9645 - 19765,152 - 194,2200,76,14800
888,ВО,"ВО 14-320 №7,1",АИР_4000,710,14660 - 30483,183 - 236,4000,77,19800
889,ВО,"ВО 14-320 №7,1-01",АИР_4000,710,16217 - 30931,184 - 256,4000,80,25900
890,ВО,"ВО 14-320 №7,1-02",АИР_4000,710,14227 - 28810,169 - 225,4000,80,23800
891,ВО,"ВО 14-320 №7,1-03",АИР_4000,710,16742 - 33098,198 - 258,4000,74,19400
892,ВО,ВО 14-320 №8,АИР_7500,800,22512 - 44960,190 - 256,7500,88,37100
893,ВО,ВО 14-320 №8-01,АИР_7500,800,22428 - 47016,203 - 274,7500,81,31000
894,ВО,ВО 14-320 №8-02,АИР_7500,800,20326 - 42511,186 - 247,7500,83,42000
895,ВО,ВО 14-320 №8-03,АИР_7500,800,23835 - 48400,212 - 289,7500,88,31700
896,ВО,ВО 14-320 №9,АИР_11000,900,29740 - 58754,220 - 301,11000,85,49000
897,ВО,ВО 14-320 №9-01,АИР_11000,900,32410 - 64091,241 - 320,11000,85,59400
898,ВО,ВО 14-320 №9-02,АИР_11000,900,27682 - 56582,211 - 289,11000,78,54300
899,ВО,ВО 14-320 №9-03,АИР_11000,900,32876 - 65187,243 - 334,11000,80,55500
900,ВО,ВО 14-320 №10,АИР_18500,1000,41556 - 83841,241 - 327,18500,86,75000
901,ВО,ВО 14-320 №10-01,АИР_18500,1000,44182 - 87932,253 - 342,18500,85,69800
902,ВО,ВО 14-320 №10-02,АИР_18500,1000,40230 - 79221,221 - 298,18500,83,95300
903,ВО,ВО 14-320 №10-03,АИР_18500,1000,45476 - 93625,265 - 355,18500,84,76000
904,ВО,ВО 06-300 №3,АИР_250,300,1516 - 3048,104 - 137,250,64,2700
905,ВО,ВО 06-300 №3-01,АИР_250,300,1538 - 3154,112 - 143,250,60,2300
906,ВО,ВО 06-300 №3-02,АИР_250,300,1385 - 2783,97 - 131,250,64,2700
907,ВО,ВО 06-300 №3-03,АИР_250,300,1653 - 3340,115 - 152,250,59,2100
908,ВО,ВО 06-300 №4,АИР_750,400,3588 - 7065,138 - 185,750,71,5900
909,ВО,ВО 06-300 №4-01,АИР_750,400,3578 - 7376,141 - 194,750,69,5900
910,ВО,ВО 06-300 №4-02,АИР_750,400,3237 - 6697,130 - 171,750,68,4500
911,ВО,ВО 06-300 №4-03,АИР_750,400,3784 - 7709,146 - 193,750,70,4700
912,ВО,ВО 06-300 №5,АИР_1500,500,7011 - 13789,162 - 222,1500,78,9100
913,ВО,ВО 06-300 №5-01,АИР_1500,500,7176 - 14822,173 - 229,1500,80,9200
914,ВО,ВО 06-300 №5-02,АИР_1500,500,6492 - 13533,157 - 210,1500,80,8200
915,ВО,ВО 06-300 №5-03,АИР_1500,500,7930 - 15347,179 - 240,1500,75,10700
916,ВО,"ВО 06-300 №6,3",АИР_3000,630,11937 - 24192,148 - 204,3000,73,17400
917,ВО,"ВО 06-300 №6,3-01",АИР_3000,630,12384 - 25602,155 - 215,3000,77,16700
918,ВО,"ВО 06-300 №6,3-02",АИР_3000,630,11330 - 23110,143 - 196,3000,78,14600
919,ВО,"ВО 06-300 №6,3-03",АИР_3000,630,13509 - 25618,162 - 226,3000,75,13900
920,ВО,ВО 06-300 №8,АИР_7500,800,24464 - 48546,211 - 276,7500,86,39600
921,ВО,ВО 06-300 №8-01,АИР_7500,800,25308 - 49173,216 - 293,7500,82,36600
922,ВО,ВО 06-300 №8-02,АИР_7500,800,22912 - 44869,195 - 271,7500,84,39600
923,ВО,ВО 06-300 №8-03,АИР_7500,800,25952 - 51461,231 - 305,7500,85,43300
924,ВО,ВО 06-300 №10,АИР_15000,1000,44501 - 88403,256 - 348,15000,82,62100
925,ВО,ВО 06-300 №10-01,АИР_15000,1000,47055 - 91743,275 - 363,15000,83,71000
926,ВО,ВО 06-300 №10-02,АИР_15000,1000,42595 - 83181,248 - 330,15000,81,82500
927,ВО,ВО 06-300 №10-03,АИР_15000,1000,49415 - 99290,283 - 377,15000,78,69700
928,ВО,ВО 16-300 №4,АИР_550,400,2917 - 6014,128 - 166,550,67,3900
929,ВО,ВО 16-300 №4-01,АИР_550,400,3183 - 6488,136 - 184,550,72,3800
930,ВО,ВО 16-300 №4-02,АИР_550,400,2838 - 5798,120 - 158,550,71,4600
931,ВО,ВО 16-300 №4-03,АИР_550,400,3211 - 6560,141 - 182,550,66,4900
932,ВО,ВО 16-300 №5,АИР_1500,500,6493 - 12765,159 - 209,1500,78,9700
933,ВО,ВО 16-300 №5-01,АИР_1500,500,6922 - 13442,169 - 215,1500,75,9900
934,ВО,ВО 16-300 №5-02,АИР_1500,500,6203 - 12063,149 - 198,1500,73,8600
935,ВО,ВО 16-300 №5-03,АИР_1500,500,7190 - 13892,179 - 228,1500,79,10400
936,ВО,"ВО 16-300 №6,3",АИР_3000,630,11200 - 22163,147 - 189,3000,73,14800
937,ВО,"ВО 16-300 №6,3-01",АИР_3000,630,11463 - 23457,147 - 204,3000,70,15100
938,ВО,"ВО 16-300 №6,3-02",АИР_3000,630,10526 - 20458,134 - 184,3000,75,18000
939,ВО,"ВО 16-300 №6,3-03",АИР_3000,630,11818 - 24127,155 - 203,3000,78,14900
940,ВО,ВО 16-300 №8,АИР_7500,800,22061 - 44661,196 - 261,7500,80,41200
941,ВО,ВО 16-300 №8-01,АИР_7500,800,23333 - 45858,205 - 280,7500,82,33500
942,ВО,ВО 16-300 №8-02,АИР_7500,800,20629 - 42525,180 - 249,7500,88,44900
943,ВО,ВО 16-300 №8-03,АИР_7500,800,23571 - 48866,220 - 289,7500,83,43700
944,ВО,ВО 16-300 №10,АИР_18500,1000,38846 - 81764,229 - 313,18500,84,86300
945,ВО,ВО 16-300 №10-01,АИР_18500,1000,42528 - 86036,246 - 325,18500,79,75700
946,ВО,ВО 16-300 №10-02,АИР_18500,1000,38001 - 75808,215 - 302,18500,81,99900
947,ВО,ВО 16-300 №10-03,АИР_18500,1000,43485 - 87947,249 - 346,18500,88,81200
948,ВО,ВО 25-188 №4,АИР_750,400,3224 - 6397,130 - 180,750,64,5700
949,ВО,ВО 25-188 №4-01,АИР_750,400,3436 - 6985,133 - 187,750,72,6400
950,ВО,ВО 25-188 №4-02,АИР_750,400,2990 - 6116,121 - 165,750,70,5500
951,ВО,ВО 25-188 №4-03,АИР_750,400,3558 - 7310,142 - 195,750,66,5300
952,ВО,ВО 25-188 №5,АИР_1500,500,6723 - 13585,156 - 214,1500,80,8300
953,ВО,ВО 25-188 №5-01,АИР_1500,500,7158 - 14430,166 - 231,1500,78,11100
954,ВО,ВО 25-188 №5-02,АИР_1500,500,6433 - 13140,153 - 208,1500,79,11200
955,ВО,ВО 25-188 №5-03,АИР_1500,500,7398 - 14901,172 - 243,1500,75,10900
956,ВО,"ВО 25-188 №6,3",АИР_4000,630,11745 - 23322,154 - 198,4000,76,19200
957,ВО,"ВО 25-188 №6,3-01",АИР_4000,630,12786 - 25686,160 - 212,4000,72,22900
958,ВО,"ВО 25-188 №6,3-02",АИР_4000,630,11131 - 22369,143 - 193,4000,74,21500
959,ВО,"ВО 25-188 №6,3-03",АИР_4000,630,13289 - 26553,160 - 216,4000,71,22200
960,ВО,ВО 25-188 №8,АИР_11000,800,23966 - 48007,203 - 272,11000,83,44600
961,ВО,ВО 25-188 №8-01,АИР_11000,800,25030 - 50321,207 - 278,11000,84,55900
962,ВО,ВО 25-188 №8-02,АИР_11000,800,22137 - 44970,193 - 255,11000,81,55700
963,ВО,ВО 25-188 №8-03,АИР_11000,800,25713 - 54153,225 - 306,11000,85,54400
964,ВО,ВО 13-284 №5,АИР_1100,500,5928 - 11767,157 - 204,1100,70,8200
965,ВО,ВО 13-284 №5-01,АИР_1100,500,6051 - 12393,162 - 216,1100,64,7600
966,ВО,ВО 13-284 №5-02,АИР_1100,500,5494 - 11139,151 - 189,1100,72,7700
967,ВО,ВО 13-284 №5-03,АИР_1100,500,6565 - 12300,172 - 224,1100,64,6700
968,ВО,"ВО 13-284 №6,3",АИР_2200,630,9964 - 20461,136 - 188,2200,72,13400
969,ВО,"ВО 13-284 №6,3-01",АИР_2200,630,10571 - 20439,142 - 194,2200,80,13500
970,ВО,"ВО 13-284 №6,3-02",АИР_2200,630,9627 - 18559,135 - 179,2200,78,11800
971,ВО,"ВО 13-284 №6,3-03",АИР_2200,630,10943 - 21935,153 - 200,2200,73,15800
972,ВО,ВО 13-284 №8,АИР_5500,800,19508 - 39578,187 - 252,5500,72,33500
973,ВО,ВО 13-284 №8-01,АИР_5500,800,20526 - 41028,193 - 262,5500,78,33400
974,ВО,ВО 13-284 №8-02,АИР_5500,800,19259 - 39083,172 - 239,5500,78,29500
975,ВО,ВО 13-284 №8-03,АИР_5500,800,22354 - 45088,205 - 276,5500,72,26900
976,ВО,ВО 13-284 №10,АИР_11000,1000,35232 - 73163,217 - 287,11000,85,55100
977,ВО,ВО 13-284 №10-01,АИР_11000,1000,37076 - 77408,224 - 318,11000,82,48800
978,ВО,ВО 13-284 №10-02,АИР_11000,1000,34195 - 68394,210 - 285,11000,85,53900
979,ВО,ВО 13-284 №10-03,АИР_11000,1000,39811 - 79085,236 - 323,11000,87,48700
980,ВО,ВО 30-160 №3,АИР_120,300,1023 - 1973,76 - 101,120,61,1400
981,ВО,ВО 30-160 №3-01,АИР_120,300,1028 - 2119,80 - 102,120,62,1600
982,ВО,ВО 30-160 №3-02,АИР_120,300,926 - 1855,70 - 98,120,62,1800
983,ВО,ВО 30-160 №3-03,АИР_120,300,1113 - 2213,81 - 112,120,65,1900
984,ВО,ВО 30-160 №4,АИР_370,400,2479 - 4861,109 - 152,370,70,3700
985,ВО,ВО 30-160 №4-01,АИР_370,400,2666 - 5358,115 - 153,370,65,3600
986,ВО,ВО 30-160 №4-02,АИР_370,400,2343 - 4758,106 - 143,370,64,2800
987,ВО,ВО 30-160 №4-03,АИР_370,400,2788 - 5543,121 - 170,370,68,3200
988,ВО,ВО 30-160 №5,АИР_1100,500,5615 - 10841,147 - 196,1100,66,7500
989,ВО,ВО 30-160 №5-01,АИР_1100,500,5774 - 11709,156 - 205,1100,67,7800
990,ВО,ВО 30-160 №5-02,АИР_1100,500,5375 - 10137,140 - 180,1100,65,7900
991,ВО,ВО 30-160 №5-03,АИР_1100,500,5944 - 12184,156 - 213,1100,69,7400
992,ВО,ВО 30-160 №6,АИР_1500,600,8570 - 16502,126 - 167,1500,71,9700
993,ВО,ВО 30-160 №6-01,АИР_1500,600,8929 - 17661,136 - 173,1500,75,10100
994,ВО,ВО 30-160 №6-02,АИР_1500,600,8108 - 16596,119 - 165,1500,75,12200
995,ВО,ВО 30-160 №6-03,АИР_1500,600,9338 - 18671,138 - 182,1500,72,11000
996,ВО,"ВО 30-160 №6,3",АИР_2200,630,10747 - 21047,137 - 178,2200,76,15800
997,ВО,"ВО 30-160 №6,3-01",АИР_2200,630,10731 - 22078,143 - 190,2200,78,13800
998,ВО,"ВО 30-160 №6,3-02",АИР_2200,630,9800 - 20172,131 - 174,2200,75,11300
999,ВО,"ВО 30-160 №6,3-03",АИР_2200,630,11307 - 23572,147 - 196,2200,78,15400
1000,ВО,"ВО 30-160 №7,1",АИР_4000,710,14060 - 27814,172 - 226,4000,74,22900
1001,ВО,"ВО 30-160 №7,1-01",АИР_4000,710,14536 - 28574,176 - 235,4000,73,20200
1002,ВО,"ВО 30-160 №7,1-02",АИР_4000,710,13563 - 26285,156 - 214,4000,75,23600
1003,ВО,"ВО 30-160 №7,1-03",АИР_4000,710,15657 - 31564,180 - 247,4000,77,24500
1004,ВО,ВО 30-160 №8,АИР_5500,800,19585 - 39616,187 - 245,5500,74,33700
1005,ВО,ВО 30-160 №8-01,АИР_5500,800,20551 - 42937,197 - 262,5500,80,36200
1006,ВО,ВО 30-160 №8-02,АИР_5500,800,18664 - 36943,178 - 231,5500,71,24700
1007,ВО,ВО 30-160 №8-03,АИР_5500,800,22571 - 44494,196 - 271,5500,77,35000
1008,ВО,ВО 30-160 №9,АИР_7500,900,26357 - 54862,199 - 279,7500,82,43600
1009,ВО,ВО 30-160 №9-01,АИР_7500,900,27856 - 55681,216 - 285,7500,85,44100
1010,ВО,ВО 30-160 №9-02,АИР_7500,900,25300 - 50246,200 - 255,7500,86,41600
1011,ВО,ВО 30-160 №9-03,АИР_7500,900,29177 - 58867,221 - 299,7500,82,42600
1012,ВО,ВО 30-160 №10,АИР_11000,1000,37251 - 75140,229 - 312,11000,78,50900
1013,ВО,ВО 30-160 №10-01,АИР_11000,1000,39830 - 80640,233 - 313,11000,84,56800
1014,ВО,ВО 30-160 №10-02,АИР_11000,1000,36543 - 73895,219 - 292,11000,85,61800
1015,ВО,ВО 30-160 №10-03,АИР_11000,1000,41330 - 85192,253 - 340,11000,86,49700
1016,ВО,"ВО 30-160 №12,5",АИР_22000,1250,66649 - 132063,249 - 341,22000,85,94300
1017,ВО,"ВО 30-160 №12,5-01",АИР_22000,1250,67474 - 137683,267 - 363,22000,81,96200
1018,ВО,"ВО 30-160 №12,5-02",АИР_22000,1250,63216 - 121707,238 - 320,22000,88,104200
1019,ВО,"ВО 30-160 №12,5-03",АИР_22000,1250,73048 - 141496,273 - 374,22000,79,105100
1020,ВР,ВР 100-45-63-АИР132S4-54,АИР132S4,630,10881 - 19699,799 - 1063,7500,80,40900
1021,ВЦ,ВЦ 5-35-5-АИР90L4-01-23,АИР90L4,500,3308 - 6206,481 - 616,2200,78,14200
1022,ВЦ,ВЦ 14-46-4-АИР90L6-02-61,АИР90L6,400,3553 - 5181,528 - 584,1500,77,10000
1023,ВР,ВР 12-26-315-АИР71А4-71,АИР71А4,315,873 - 1746,158 - 201,550,64,3600
1024,ВР,ВР 80-75-25-АИР63А2-03-65,АИР63А2,250,1044 - 1999,337 - 574,370,70,4000
1025,ВЦ,ВЦ 5-50-3-АИР71А4-02-95,АИР71А4,300,887 - 1679,173 - 251,550,65,4900
1026,ВКОП,ВКОП-5-АИР100L4Вз-01-85,АИР100L4Вз,500,4324 - 9485,567 - 745,4000,71,24300
1027,ВЦ,ВЦ 5-50-63-АИР132М4-01-49,АИР132М4,630,6030 - 11153,810 - 1010,11000,80,48700
1028,ВЦ,ВЦ 14-46-5-АИР132М4-01-58,АИР132М4,500,10152 - 11932,2321 - 2521,11000,84,52500
1029,ВР,ВР 12-26-10-АИР225S4-01-27,АИР225S4,1000,29995 - 60074,1917 - 2459,45000,94,257300
1030,ВР,ВР 12-26-63-АИР132S4-01-94,АИР132S4,630,7802 - 16002,793 - 991,7500,77,31900
1031,ВР,ВР 80-75-4-АИР100L2-03-35,АИР100L2,400,4721 - 9108,1435 - 2505,5500,77,27300
1032,ВР,ВР 80-75-5-АИР80В4-04-96,АИР80В4,500,4128 - 4918,725 - 741,1500,73,17500
1033,ВР,ВР 80-76-20-АИР250М6-01-21,АИР250М6,2000,93883 - 211354,994 - 1624,55000,92,445200
1034,ВЦ,ВЦ 5-35-5-АИР90L4-03-47,АИР90L4,500,3738 - 6876,432 - 547,2200,69,13500
1035,ВЦ,ВЦ 5-50-4-АИР80В4-03-81,АИР80В4,400,2210 - 4272,312 - 418,1500,76,9100
1036,ВЦ,ВЦ 14-46-5-АИР132М4-02-40,АИР132М4,500,8967 - 10871,2296 - 2386,11000,79,56400
1037,ВР,ВР 80-75-16-5А200L6-03-61,5А200L6,1600,61703 - 115528,779 - 1333,30000,88,315300
1038,ВР,ВР 80-75-25-АИР63В2-01-34,АИР63В2,250,960 - 1975,475 - 764,550,72,3700
1039,ВР,ВР 80-75-125-АИР180М6-03-95,АИР180М6,1250,31832 - 67418,851 - 1143,18500,81,131300
1040,ВЦ,ВЦ 14-46-4-АИР90L6-03-72,АИР90L6,400,4048 - 6165,549 - 647,1500,73,11200
1041,ВЦ,ВЦ 14-46-63-АИР132М8-04-63,АИР132М8,630,7880 - 11401,895 - 999,5500,81,35900
1042,ВО,ВО 06-300 №10-01-89,АИР_15000,1000,49916 - 97321,309 - 407,15000,81,71300
1043,ВР,ВР 80-76-16-5АМ250S6-02-55,5АМ250S6,1600,50559 - 105767,721 - 1224,45000,88,368700
1044,Ц,Ц 9-55-10-АИР200М4-04-40,АИР200М4,1000,26067 - 52704,1648 - 2072,37000,94,148300
1045,ВР,ВР 80-76-16-5А200М8-14,5А200М8,1600,40578 - 68723,421 - 698,18500,80,410900
1046,ВЦ,ВЦ 6-28-10-АИР225М4-01-98,АИР225М4,1000,25552 - 51110,1893 - 2503,55000,82,190400
1047,УВОП,УВОП-8-АИР180S4Вз-45,АИР180S4Вз,800,14041 - 28378,1226 - 1635,22000,87,105600
1048,ВЦ,ВЦ 5-45-315-АИР71А4-70,АИР71А4,315,1251 - 2263,219 - 292,550,67,5700
1049,ВР,ВР 132-30-5-АИР100L4-84,АИР100L4,500,3598 - 7700,573 - 752,4000,71,19600
1050,ВР,ВР 80-75-10-АИР160М6-01-68,АИР160М6,1000,18775 - 39473,799 - 1058,15000,82,131700
1051,Ц,Ц 9-55-5-АИР100L4-02-47,АИР100L4,500,4580 - 8792,490 - 648,4000,77,16000
1052,ВЦ,ВЦ 6-28-5-АИР100S4-03-82,АИР100S4,500,4317 - 9357,704 - 892,3000,71,14300
1053,ВР,ВР 100-45-8-АИР160М4-02-94,АИР160М4,800,18055 - 34241,1348 - 1753,18500,80,87300
1054,ВР,ВР 12-26-315-АИР71А4-04-26,АИР71А4,315,753 - 1451,157 - 200,550,69,2900
1055,ВО,ВО 06-300 №8-45,АИР_7500,800,23296 - 46227,193 - 252,7500,85,46900
1056,ВЦ,ВЦ 14-46-2-АИР63В4-04-85,АИР63В4,200,625 - 1214,260 - 268,370,71,2000
1057,ВР,ВР 100-45-5-АИР90L4-99,АИР90L4,500,3827 - 7795,405 - 572,2200,77,11200
1058,ВО,"ВО 16-300 №6,3-20",АИР_3000,630,11392 - 22542,131 - 168,3000,71,15800
1059,ВО,"ВО 25-188 №6,3-03-62",АИР_4000,630,12227 - 24431,161 - 218,4000,74,21500
1060,ВР,ВР 12-26-10-АИР225S4-01-36,АИР225S4,1000,33291 - 66676,2141 - 2745,45000,94,241100
1061,ВР,ВР 80-75-10-АИР160М6-03-24,АИР160М6,1000,17766 - 36346,889 - 1227,15000,75,102500
1062,ВР,ВР 80-75-16-5АМ250S6-03-78,5АМ250S6,1600,65232 - 118914,890 - 1487,45000,93,346300
1063,ВЦ,ВЦ 6-28-10-АИР225М4-02-77,АИР225М4,1000,23145 - 47425,1641 - 2037,55000,92,233600
1064,ВР,ВР 80-75-4-АИР100L2-96,АИР100L2,400,4762 - 9214,1248 - 2236,5500,78,28300
1065,ВР,ВР 132-30-8-АИР160М4-03-78,АИР160М4,800,20150 - 40347,1361 - 1813,18500,82,76100
1066,ВО,ВО 30-160 №3-02-44,АИР_120,300,919 - 1841,78 - 110,120,61,1600
1067,ВО,"ВО 16-300 №6,3-03-60",АИР_3000,630,10702 - 21848,163 - 213,3000,78,17100
1068,ВО,ВО 14-320 №6-01-34,АИР_2200,600,8825 - 17618,154 - 203,2200,78,13400
1069,ВЦ,ВЦ 6-28-4-АИР80В4-02-11,АИР80В4,400,2149 - 4231,339 - 466,1500,75,7000
1070,ВЦ,ВЦ 14-46-315-АИР90L4-04-23,АИР90L4,315,1963 - 4415,703 - 760,2200,74,11900
1071,ВР,ВР 80-75-25-АИР71А2-04-14,АИР71А2,250,901 - 1735,505 - 744,750,66,6600
1072,ВЦ,ВЦ 14-46-315-АИР80А6-03-37,АИР80А6,315,1936 - 4367,396 - 433,750,68,5100
1073,ВКОП,ВКОП-4-АИР80А4Вз-01-87,АИР80А4Вз,400,2309 - 4953,295 - 368,1100,65,8000
1074,ВО,ВО 14-320 №10-33,АИР_18500,1000,46292 - 93397,248 - 336,18500,83,83400
1075,ВР,ВР 80-75-315-5А80МВ2-04-19,5А80МВ2,315,1595 - 3806,881 - 1363,2200,81,11700
1076,ВР,ВР 80-75-4-АИР71В4-03-95,АИР71В4,400,2574 - 4761,342 - 581,750,67,7400
1077,ВР,ВР 80-75-4-АИР63А6-03-17,АИР63А6,400,1387 - 2674,98 - 173,180,59,4100
1078,ВЦ,ВЦ 14-46-315-АИР80В4-01-32,АИР80В4,315,2352 - 3413,942 - 994,1500,71,7200
1079,ВР,ВР 80-75-25-АИР63А4-72,АИР63А4,250,425 - 909,121 - 159,250,60,2800
1080,ВО,ВО 06-300 №3-01-23,АИР_250,300,1526 - 3129,116 - 149,250,60,2500
1081,ВЦ,ВЦ 14-46-5-АИР132М6-42,АИР132М6,500,5253 - 13019,847 - 1064,7500,86,39700
1082,ВЦ,ВЦ 5-35-3-АИР63В4-02-14,АИР63В4,300,713 - 1295,150 - 194,370,68,3400
1083,ВЦ,ВЦ 14-46-63-АИР160М6-83,АИР160М6,630,12755 - 20562,1748 - 1983,15000,79,64500
1084,ВО,ВО 06-300 №3-03-18,АИР_250,300,1666 - 3365,114 - 151,250,60,1800
1085,ВР,ВР 80-75-16-5А200М8-03-71,5А200М8,1600,54350 - 101109,602 - 1001,18500,79,359200
1086,ВР,ВР 80-75-125-АИР180М6-02-17,АИР180М6,1250,23963 - 51251,746 - 1037,18500,82,177800
1087,ВР,ВР 12-26-8-АИР160М4-02-53,АИР160М4,800,12171 - 24940,1141 - 1450,18500,80,90800
1088,ВО,ВО 14-320 №9-32,АИР_11000,900,32098 - 63413,231 - 316,11000,86,40000
1089,ВР,ВР 80-75-16-5А200М8-03-59,5А200М8,1600,50674 - 94271,528 - 877,18500,79,368900
1090,ВР,ВР 80-75-125-АИР180М6-02-66,АИР180М6,1250,24950 - 53361,864 - 1201,18500,82,126000
1091,ВЦ,ВЦ 14-46-25-АИР90L2-01-85,АИР90L2,250,2401 - 2584,2119 - 2226,3000,75,12400
1092,ВЦ,ВЦ 14-46-315-АИР80В4-04-73,АИР80В4,315,2487 - 3739,798 - 890,1500,81,12000
1093,ВО,ВО 25-188 №4-01-14,АИР_750,400,3425 - 6963,151 - 213,750,71,5200
1094,ВО,ВО 06-300 №10-37,АИР_15000,1000,47503 - 94367,252 - 343,15000,85,67900
1095,ВЦ,ВЦ 5-45-315-АИР71А4-78,АИР71А4,315,1125 - 2034,256 - 341,550,63,5700
1096,ВР,ВР 80-75-315-АИР63А4-03-28,АИР63А4,315,1048 - 2232,165 - 282,250,58,3600
1097,ВР,ВР 100-45-8-АИР160М4-41,АИР160М4,800,20092 - 39377,1465 - 1862,18500,80,92700
1098,ВЦ,ВЦ 14-46-2-АИР63В4-04-49,АИР63В4,200,539 - 1047,224 - 230,370,72,2700
1099,ВР,ВР 100-45-63-АИР112М4-18,АИР112М4,630,8276 - 16647,790 - 973,5500,83,27600
1100,ВЦ,ВЦ 14-46-5-АИР160S4-01-38,АИР160S4,500,9426 - 15478,2529 - 2897,15000,78,84900
1101,ВР,ВР 80-76-16-5АМ250М6-96,5АМ250М6,1600,59583 - 115213,1195 - 1916,55000,84,511200
1102,ВР,ВР 132-30-10-АИР200L4-37,АИР200L4,1000,29293 - 58030,1704 - 2143,45000,95,155000
1103,ВЦ,ВЦ 14-46-8-АИР200М8-02-28,АИР200М8,800,16549 - 25059,1163 - 1387,18500,83,122000
1104,ВЦ,ВЦ 6-28-63-АИР132М4-01-41,АИР132М4,630,7297 - 14359,917 - 1177,11000,89,33500
1105,ВЦ,ВЦ 14-46-5-АИР132S6-02-58,АИР132S6,500,5935 - 11748,924 - 1062,5500,73,28600
1106,ВО,"ВО 30-160 №12,5-02-32",АИР_22000,1250,63634 - 122512,210 - 282,22000,85,116400
1107,Ц,Ц 9-55-8-АИР160М4-02-70,АИР160М4,800,18757 - 37574,1225 - 1548,18500,85,68300
1108,ВЦ,ВЦ 14-46-63-АИР160М8-01-62,АИР160М8,630,10321 - 25815,943 - 1076,11000,83,86500
1109,Ц,Ц 9-55-125-АИР250S4-73,АИР250S4,1250,59491 - 116917,2415 - 3071,75000,93,419300
1110,ВР,ВР 12-26-4-АИР80В4-02-63,АИР80В4,400,1925 - 3690,270 - 340,1500,75,7800
1111,ВЦ,ВЦ 14-46-8-АИР250S6-01-22,АИР250S6,800,23155 - 35035,2696 - 3114,45000,94,220200
1112,ВО,ВО 14-320 №9-01-69,АИР_11000,900,36836 - 72843,244 - 324,11000,88,64200
1113,ВР,ВР 80-75-25-АИР63А2-03-29,АИР63А2,250,910 - 1743,303 - 516,370,71,4100
1114,ВР,ВР 100-45-8-АИР160М4-03-15,АИР160М4,800,19940 - 37258,1389 - 1749,18500,80,91500
1115,ВР,ВР 80-75-4-АИР100S2-01-88,АИР100S2,400,2685 - 7568,1288 - 2032,4000,78,24300
1116,ВР,ВР 100-45-5-АИР100L4-02-78,АИР100L4,500,4340 - 8361,625 - 834,4000,70,17800
1117,ВЦ,ВЦ 14-46-25-АИР71А4-04-40,АИР71А4,250,1056 - 1775,373 - 431,550,73,3800
1118,ВКОП,ВКОП 30-160-050-3,ВКОП 30-160-050,500,3240 - 21800,57 - 466,1100,81,104000
1119,ВКОП,ВКОП 30-160-050-5,ВКОП 30-160-050,500,3250 - 20000,59 - 420,15000,84,318200
1120,ВКОП,ВКОП 30-160-050-1,ВКОП 30-160-050,500,3280 - 23710,53 - 471,750,100,99900
1121,ВКОП,ВКОП 30-160-050-4,ВКОП 30-160-050,500,2830 - 28190,50 - 476,250,102,76500
1122,ВКОП,ВКОП 30-160-050-4,ВКОП 30-160-050,500,3050 - 20160,53 - 430,750,104,92700
1123,ВКОП,ВКОП 30-160-050-4,ВКОП 30-160-050,500,3060 - 23770,59 - 445,15000,103,323600
1124,ВКОП,ВКОП 30-160-050-1,ВКОП 30-160-050,500,2690 - 22870,57 - 444,4000,91,150900
1125,ВКОП,ВКОП 30-160-050-5,ВКОП 30-160-050,500,2720 - 26550,58 - 445,5500,77,174400
1126,ВКОП,ВКОП 30-160-050-1,ВКОП 30-160-050,500,2350 - 29030,58 - 452,3000,71,126200
1127,ВКОП,ВКОП 30-160-050-4,ВКОП 30-160-050,500,2370 - 26860,57 - 425,250,75,80600
1128,ВКОП,ВКОП 30-160-050-1,ВКОП 30-160-050,500,2360 - 27150,59 - 448,370,71,86100
1129,ВКОП,ВКОП 30-160-050-4,ВКОП 30-160-050,500,2530 - 20770,54 - 435,7500,70,198500
1130,ВКОП,ВКОП 30-160-050-1,ВКОП 30-160-050,500,3000 - 24090,60 - 460,2200,75,117900
1131,ВКОП,ВКОП 30-160-050-3,ВКОП 30-160-050,500,3290 - 25420,54 - 451,550,98,86000
1132,ВКОП,ВКОП 30-160-050-5,ВКОП 30-160-050,500,3140 - 24830,56 - 455,3000,100,118700
1133,ВКОП,ВКОП 30-160-050-2,ВКОП 30-160-050,500,2920 - 27180,51 - 401,250,97,76000
1134,ВКОП,ВКОП 30-160-050-4,ВКОП 30-160-050,500,2880 - 20680,52 - 440,750,89,96400
1135,ВКОП,ВКОП 30-160-050-2,ВКОП 30-160-050,500,2460 - 25100,60 - 475,11000,74,266400
1136,ВКОП,ВКОП 30-160-050-2,ВКОП 30-160-050,500,3310 - 25490,52 - 423,1100,84,90400
1137,ВКОП,ВКОП 30-160-050-2,ВКОП 30-160-050,500,2730 - 20680,52 - 414,750,88,96100
1138,ВКОП,ВКОП 30-160-050-1,ВКОП 30-160-050,500,2260 - 20770,61 - 467,11000,93,250600
1139,ВКОП,ВКОП 30-160-050-2,ВКОП 30-160-050,500,2480 - 29760,60 - 425,250,85,90100
1140,ВКОП,ВКОП 30-160-050-4,ВКОП 30-160-050,500,3010 - 22740,60 - 406,11000,91,248400
1141,ВКОП,ВКОП 30-160-050-3,ВКОП 30-160-050,500,2900 - 23490,55 - 431,15000,72,316600
1142,ВКОП,ВКОП 30-160-050-1,ВКОП 30-160-050,500,3090 - 27760,54 - 412,11000,86,267000
1143,ВКОП,ВКОП 30-160-050-3,ВКОП 30-160-050,500,2870 - 22840,52 - 480,250,90,81600
1144,ВКОП,ВКОП 30-160-050-4,ВКОП 30-160-050,500,2220 - 21090,59 - 446,1500,71,103000
1145,ВКОП,ВКОП 30-160-050-1,ВКОП 30-160-050,500,2870 - 27470,52 - 456,11000,99,261300
1146,ВКОП,ВКОП 30-160-050-1,ВКОП 30-160-050,500,2580 - 22740,59 - 425,180,91,81000
1147,ВКОП,ВКОП 30-160-050-1,ВКОП 30-160-050,500,3200 - 23520,50 - 424,4000,99,134500
1148,ВКОП,ВКОП 30-160-050-2,ВКОП 30-160-050,500,2330 - 24750,57 - 475,5500,98,165500
1149,ВКОП,ВКОП 30-160-050-5,ВКОП 30-160-050,500,2770 - 22130,52 - 481,370,77,91200
1150,ВКОП,ВКОП 30-160-050-1,ВКОП 30-160-050,500,2880 - 22740,58 - 402,1100,80,92900
1151,ВКОП,ВКОП 30-160-050-3,ВКОП 30-160-050,500,2350 - 20930,56 - 424,7500,82,194400
1152,ВКОП,ВКОП 30-160-050-3,ВКОП 30-160-050,500,3140 - 21540,51 - 432,750,78,84900
1153,ВКОП,ВКОП 30-160-050-2,ВКОП 30-160-050,500,3090 - 20150,51 - 461,15000,82,329600
1154,ВКОП,ВКОП 30-160-050-5,ВКОП 30-160-050,500,2820 - 22910,59 - 402,550,104,94700
1155,ВКОП,ВКОП 30-160-050-1,ВКОП 30-160-050,500,2370 - 26190,51 - 439,1500,87,99200
1156,ВКОП,ВКОП 30-160-050-3,ВКОП 30-160-050,500,2220 - 28670,60 - 454,550,88,90100
1157,ВКОП,ВКОП 30-160-050-4,ВКОП 30-160-050,500,2310 - 25950,55 - 475,1500,105,95700
1158,ВКОП,ВКОП 30-160-050-4,ВКОП 30-160-050,500,2920 - 21820,54 - 415,750,92,87600
1159,ВКОП,ВКОП 30-160-050-2,ВКОП 30-160-050,500,3140 - 24490,57 - 444,550,78,81700
1160,ВКОП,ВКОП 30-160-050-2,ВКОП 30-160-050,500,2470 - 26210,58 - 487,750,87,84200
1161,ВКОП,ВКОП 30-160-050-1,ВКОП 30-160-050,500,2740 - 25140,55 - 419,5500,99,179000
1162,ВКОП,ВКОП 30-160-050-4,ВКОП 30-160-050,500,2620 - 25000,52 - 410,15000,77,315900
1163,ВКОП,ВКОП 30-160-050-1,ВКОП 30-160-050,500,2320 - 28800,59 - 454,4000,90,145000
1164,ВКОП,ВКОП 30-160-050-5,ВКОП 30-160-050,500,3210 - 22540,60 - 457,750,78,87100
1165,ВКОП,ВКОП 30-160-050-1,ВКОП 30-160-050,500,2580 - 26070,53 - 464,3000,72,120400
1166,ВКОП,ВКОП 30-160-050-1,ВКОП 30-160-050,500,2910 - 25860,59 - 409,2200,86,105800
1167,ВКОП,ВКОП 30-160-050-3,ВКОП 30-160-050,500,2490 - 22220,59 - 400,550,86,84800
1168,ВКОП,ВКОП 30-160-050-2,ВКОП 30-160-050,500,2660 - 22980,53 - 468,15000,95,325300
1169,ВКОП,ВКОП 30-160-050-5,ВКОП 30-160-050,500,2680 - 22360,57 - 459,180,97,86600
1170,ВКОП,ВКОП 30-160-050-1,ВКОП 30-160-050,500,3000 - 22340,52 - 417,750,94,99300
1171,ВКОП,ВКОП 30-160-050-4,ВКОП 30-160-050,500,2750 - 23660,55 - 402,550,93,78700
1172,ВКОП,ВКОП 30-160-050-2,ВКОП 30-160-050,500,3210 - 23810,58 - 479,7500,87,193400
1173,ВКОП,ВКОП 30-160-050-5,ВКОП 30-160-050,500,3270 - 25670,59 - 461,2200,100,113500
1174,ВКОП,ВКОП 30-160-050-1,ВКОП 30-160-050,500,3070 - 27810,59 - 447,1500,90,113300
1175,ВКОП,ВКОП 30-160-050-1,ВКОП 30-160-050,500,3250 - 21180,55 - 433,2200,102,116900
1176,ВКОП,ВКОП 30-160-050-4,ВКОП 30-160-050,500,2570 - 22550,51 - 486,180,71,92100
1177,ВКОП,ВКОП 30-160-050-2,ВКОП 30-160-050,500,2910 - 27720,53 - 476,750,97,100400
1178,ВКОП,ВКОП 30-160-050-5,ВКОП 30-160-050,500,3110 - 23300,59 - 425,7500,97,206700
1179,ВКОП,ВКОП 30-160-050-5,ВКОП 30-160-050,500,2220 - 21940,53 - 422,370,103,80800
1180,ВКОП,ВКОП 30-160-050-4,ВКОП 30-160-050,500,2510 - 28360,60 - 428,180,88,85200
1181,ВКОП,ВКОП 30-160-050-1,ВКОП 30-160-050,500,3190 - 25190,58 - 415,370,91,80700
1182,ВКОП,ВКОП 30-160-050-4,ВКОП 30-160-050,500,2620 - 28490,53 - 414,1100,82,99800
1183,ВКОП,ВКОП 30-160-050-5,ВКОП 30-160-050,500,3260 - 25140,51 - 413,750,96,87400
1184,ВКОП,ВКОП 30-160-050-1,ВКОП 30-160-050,500,2710 - 29260,58 - 459,180,100,75300
1185,ВКОП,ВКОП 30-160-050-4,ВКОП 30-160-050,500,2900 - 25740,52 - 428,3000,74,134200
1186,ВКОП,ВКОП 30-160-050-1,ВКОП 30-160-050,500,2380 - 28780,57 - 448,550,85,78800
1187,ВКОП,ВКОП 30-160-050-3,ВКОП 30-160-050,500,3220 - 25500,57 - 404,370,102,86500
1188,ВКОП,ВКОП 30-160-050-4,ВКОП 30-160-050,500,2770 - 26430,51 - 469,250,74,89400
1189,ВКОП,ВКОП 30-160-050-2,ВКОП 30-160-050,500,2400 - 23590,55 - 471,5500,94,172800
1190,ВКОП,ВКОП 30-160-050-1,ВКОП 30-160-050,500,3120 - 26380,56 - 410,15000,78,314900
1191,ВКОП,ВКОП 30-160-050-2,ВКОП 30-160-050,500,3300 - 29430,59 - 445,4000,98,135600
1192,ВКОП,ВКОП 30-160-050-3,ВКОП 30-160-050,500,2760 - 27060,55 - 469,180,72,72700
1193,ВКОП,ВКОП 30-160-050-4,ВКОП 30-160-050,500,2880 - 22140,60 - 443,2200,88,111200
1194,ВКОП,ВКОП 30-160-050-1,ВКОП 30-160-050,500,2950 - 24140,53 - 415,1500,71,109200
1195,ВКОП,ВКОП 30-160-050-1,ВКОП 30-160-050,500,2680 - 25140,50 - 479,750,102,102100
1196,ВКОП,ВКОП 30-160-050-5,ВКОП 30-160-050,500,2720 - 28650,56 - 450,370,98,77900
1197,ВКОП,ВКОП 30-160-050-4,ВКОП 30-160-050,500,3080 - 27340,50 - 461,2200,86,112600
1198,ВКОП,ВКОП 30-160-050-1,ВКОП 30-160-050,500,2490 - 23990,51 - 460,180,97,87400
1199,ВКОП,ВКОП 30-160-050-1,ВКОП 30-160-050,500,2500 - 22860,50 - 483,180,101,73100
1200,ВКОП,ВКОП 30-160-050-1,ВКОП 30-160-050,500,2540 - 25840,55 - 460,15000,102,332300
1201,ВКОП,ВКОП 30-160-050-2,ВКОП 30-160-050,500,3200 - 23700,50 - 456,1100,104,93000
1202,ВКОП,ВКОП 30-160-050-2,ВКОП 30-160-050,500,3310 - 22060,54 - 458,250,76,81700
1203,ВКОП,ВКОП 30-160-050-2,ВКОП 30-160-050,500,2810 - 26840,57 - 417,370,74,92400
1204,ВКОП,ВКОП 30-160-050-5,ВКОП 30-160-050,500,2790 - 25230,52 - 437,15000,79,326100
1205,ВКОП,ВКОП 30-160-050-1,ВКОП 30-160-050,500,3040 - 20270,59 - 462,1100,85,91800
1206,ВКОП,ВКОП 30-160-050-4,ВКОП 30-160-050,500,2910 - 20900,54 - 401,15000,73,314400
1207,ВКОП,ВКОП 30-160-050-1,ВКОП 30-160-050,500,2550 - 29490,58 - 429,250,85,88600
1208,ВКОП,ВКОП 30-160-050-5,ВКОП 30-160-050,500,2870 - 21050,58 - 470,15000,85,321500
1209,ВКОП,ВКОП 30-160-050-2,ВКОП 30-160-050,500,2660 - 22580,53 - 417,3000,73,125300
1210,ВКОП,ВКОП 30-160-050-1,ВКОП 30-160-050,500,2350 - 21160,51 - 438,1500,88,109800
1211,ВКОП,ВКОП 30-160-050-2,ВКОП 30-160-050,500,2470 - 25030,60 - 404,5500,95,178000
1212,ВКОП,ВКОП 30-160-050-1,ВКОП 30-160-050,500,2440 - 27540,59 - 447,11000,88,253700
1213,ВКОП,ВКОП 30-160-050-2,ВКОП 30-160-050,500,2650 - 29790,58 - 475,250,95,80100
1214,ВКОП,ВКОП 30-160-050-3,ВКОП 30-160-050,500,2820 - 20150,59 - 460,1100,75,90000
1215,ВКОП,ВКОП 30-160-050-4,ВКОП 30-160-050,500,3200 - 23580,57 - 427,11000,104,252700
1216,ВКОП,ВКОП 30-160-050-1,ВКОП 30-160-050,500,2600 - 26410,58 - 422,15000,99,324900
1217,ВКОП,ВКОП 30-160-050-2,ВКОП 30-160-050,500,2870 - 24430,50 - 483,4000,88,136000
1218,ВКОП,ВКОП 30-160-050-2,ВКОП 30-160-050,500,2320 - 21450,50 - 473,15000,89,330000
1219,ВКОП,ВКОП 30-160-050-1,ВКОП 30-160-050,500,2230 - 20400,51 - 440,250,92,91100
1220,ВКОП,ВКОП 30-160-050-5,ВКОП 30-160-050,500,3230 - 24520,50 - 468,15000,86,312100
1221,ВКОП,ВКОП 30-160-050-4,ВКОП 30-160-050,500,3160 - 25790,59 - 486,1100,90,88100
1222,ВКОП,ВКОП 30-160-050-1,ВКОП 30-160-050,500,2940 - 24760,53 - 415,7500,93,199700
1223,ВКОП,ВКОП 30-160-050-1,ВКОП 30-160-050,500,2820 - 20330,58 - 414,7500,83,201400
1224,ВКОП,ВКОП 30-160-050-2,ВКОП 30-160-050,500,3100 - 20110,56 - 473,750,96,91000
1225,ВКОП,ВКОП 30-160-050-5,ВКОП 30-160-050,500,3070 - 26910,58 - 431,250,82,82900
1226,ВКОП,ВКОП 30-160-050-3,ВКОП 30-160-050,500,3200 - 23630,50 - 413,550,91,78100
1227,ВКОП,ВКОП 30-160-050-2,ВКОП 30-160-050,500,2850 - 29460,56 - 482,2200,74,110900
1228,ВКОП,ВКОП 30-160-050-3,ВКОП 30-160-050,500,3170 - 24220,54 - 460,11000,84,256700
1229,ВКОП,ВКОП 30-160-050-1,ВКОП 30-160-050,500,3290 - 28380,52 - 416,550,83,87800
1230,ВКОП,ВКОП 30-160-050-2,ВКОП 30-160-050,500,2670 - 25800,59 - 422,15000,90,324200
1231,ВКОП,ВКОП 30-160-050-4,ВКОП 30-160-050,500,2330 - 29770,57 - 471,2200,80,107800
1232,ВКОП,ВКОП 30-160-050-4,ВКОП 30-160-050,500,2860 - 22540,50 - 481,1100,77,88000
1233,ВКОП,ВКОП 30-160-050-3,ВКОП 30-160-050,500,3310 - 24160,52 - 418,5500,75,177400
1234,ВКОП,ВКОП 30-160-050-3,ВКОП 30-160-050,500,3290 - 20770,54 - 432,5500,78,167500
1235,ВКОП,ВКОП 30-160-050-5,ВКОП 30-160-050,500,2260 - 24370,53 - 430,11000,71,260800
1236,ВКОП,ВКОП 30-160-050-2,ВКОП 30-160-050,500,3290 - 29490,51 - 425,180,92,81800
1237,ВКОП,ВКОП 30-160-050-1,ВКОП 30-160-050,500,2670 - 20790,56 - 472,750,95,90100
1238,ВКОП,ВКОП 30-160-050-1,ВКОП 30-160-050,500,2680 - 23800,51 - 404,3000,102,130400
1239,ВКОП,ВКОП 30-160-056-1,ВКОП 30-160-056,560,3280 - 23540,57 - 507,1500,99,118800
1240,ВКОП,ВКОП 30-160-056-1,ВКОП 30-160-056,560,2490 - 32230,61 - 523,750,86,107800
1241,ВКОП,ВКОП 30-160-056-1,ВКОП 30-160-056,560,2620 - 31940,60 - 520,3000,99,126300
1242,ВКОП,ВКОП 30-160-056-1,ВКОП 30-160-056,560,2760 - 31350,62 - 483,370,100,88300
1243,ВКОП,ВКОП 30-160-056-2,ВКОП 30-160-056,560,3270 - 32530,67 - 482,11000,88,270800
1244,ВКОП,ВКОП 30-160-056-3,ВКОП 30-160-056,560,3040 - 23950,68 - 519,4000,75,146300
1245,ВКОП,ВКОП 30-160-056-4,ВКОП 30-160-056,560,2790 - 27490,67 - 450,5500,97,180000
1246,ВКОП,ВКОП 30-160-056-3,ВКОП 30-160-056,560,3690 - 26370,66 - 546,2200,72,125200
1247,ВКОП,ВКОП 30-160-056-2,ВКОП 30-160-056,560,3570 - 31400,57 - 479,250,89,82700
1248,ВКОП,ВКОП 30-160-056-4,ВКОП 30-160-056,560,2910 - 27870,62 - 502,180,71,91800
1249,ВКОП,ВКОП 30-160-056-4,ВКОП 30-160-056,560,2840 - 25890,62 - 498,5500,73,183100
1250,ВКОП,ВКОП 30-160-056-5,ВКОП 30-160-056,560,3630 - 29780,67 - 456,1500,75,113700
1251,ВКОП,ВКОП 30-160-056-1,ВКОП 30-160-056,560,2960 - 31070,66 - 480,370,99,85200
1252,ВКОП,ВКОП 30-160-056-5,ВКОП 30-160-056,560,2600 - 28790,56 - 537,370,78,85500
1253,ВКОП,ВКОП 30-160-056-1,ВКОП 30-160-056,560,2500 - 23140,59 - 508,15000,74,320900
1254,ВКОП,ВКОП 30-160-056-2,ВКОП 30-160-056,560,2860 - 30550,64 - 504,1500,98,105900
1255,ВКОП,ВКОП 30-160-056-5,ВКОП 30-160-056,560,3390 - 28390,62 - 543,11000,72,261600
1256,ВКОП,ВКОП 30-160-056-1,ВКОП 30-160-056,560,2790 - 29180,67 - 517,7500,86,213100
1257,ВКОП,ВКОП 30-160-056-2,ВКОП 30-160-056,560,3600 - 30320,60 - 479,250,80,98500
1258,ВКОП,ВКОП 30-160-056-3,ВКОП 30-160-056,560,2840 - 27060,67 - 544,3000,95,137100
1259,ВКОП,ВКОП 30-160-056-5,ВКОП 30-160-056,560,2540 - 29170,60 - 504,5500,76,166700
1260,ВКОП,ВКОП 30-160-056-1,ВКОП 30-160-056,560,3510 - 31970,65 - 453,7500,78,210800
1261,ВКОП,ВКОП 30-160-056-5,ВКОП 30-160-056,560,2520 - 33040,58 - 471,15000,86,339200
1262,ВКОП,ВКОП 30-160-056-5,ВКОП 30-160-056,560,2840 - 28000,62 - 537,15000,94,323800
1263,ВКОП,ВКОП 30-160-056-3,ВКОП 30-160-056,560,2800 - 24290,60 - 528,750,73,95300
1264,ВКОП,ВКОП 30-160-056-4,ВКОП 30-160-056,560,2980 - 27700,63 - 474,2200,105,123800
1265,ВКОП,ВКОП 30-160-056-1,ВКОП 30-160-056,560,3110 - 27260,62 - 448,180,92,93800
1266,ВКОП,ВКОП 30-160-056-2,ВКОП 30-160-056,560,2660 - 24040,65 - 500,370,102,96700
1267,ВКОП,ВКОП 30-160-056-4,ВКОП 30-160-056,560,3570 - 31320,56 - 500,750,70,88000
1268,ВКОП,ВКОП 30-160-056-3,ВКОП 30-160-056,560,3320 - 24620,59 - 470,11000,73,253200
1269,ВКОП,ВКОП 30-160-056-4,ВКОП 30-160-056,560,3330 - 28350,59 - 448,11000,77,262500
1270,ВКОП,ВКОП 30-160-056-5,ВКОП 30-160-056,560,3320 - 33260,61 - 505,4000,79,152100
1271,ВКОП,ВКОП 30-160-056-5,ВКОП 30-160-056,560,3010 - 22670,67 - 449,7500,76,213300
1272,ВКОП,ВКОП 30-160-056-2,ВКОП 30-160-056,560,2760 - 27350,61 - 516,11000,99,268600
1273,ВКОП,ВКОП 30-160-056-3,ВКОП 30-160-056,560,2940 - 25340,65 - 471,5500,97,170100
1274,ВКОП,ВКОП 30-160-056-4,ВКОП 30-160-056,560,2870 - 31180,68 - 449,1100,81,93800
1275,ВКОП,ВКОП 30-160-056-4,ВКОП 30-160-056,560,3580 - 25430,66 - 530,370,96,100000
1276,ВКОП,ВКОП 30-160-056-3,ВКОП 30-160-056,560,3320 - 30950,59 - 453,370,87,96600
1277,ВКОП,ВКОП 30-160-056-2,ВКОП 30-160-056,560,2680 - 23620,63 - 515,4000,99,147200
1278,ВКОП,ВКОП 30-160-056-1,ВКОП 30-160-056,560,3230 - 31330,58 - 538,370,77,102400
1279,ВКОП,ВКОП 30-160-056-1,ВКОП 30-160-056,560,3050 - 24590,67 - 543,550,98,101100
1280,ВКОП,ВКОП 30-160-056-2,ВКОП 30-160-056,560,3490 - 30470,59 - 464,180,72,83500
1281,ВКОП,ВКОП 30-160-056-4,ВКОП 30-160-056,560,3220 - 23500,58 - 465,5500,94,166300
1282,ВКОП,ВКОП 30-160-056-5,ВКОП 30-160-056,560,3140 - 29090,62 - 448,370,79,97200
1283,ВКОП,ВКОП 30-160-056-3,ВКОП 30-160-056,560,3290 - 32760,59 - 547,15000,104,325100
1284,ВКОП,ВКОП 30-160-056-2,ВКОП 30-160-056,560,2660 - 26460,56 - 474,550,101,102400
1285,ВКОП,ВКОП 30-160-056-5,ВКОП 30-160-056,560,3260 - 29010,59 - 474,750,101,91800
1286,ВКОП,ВКОП 30-160-056-2,ВКОП 30-160-056,560,3300 - 29200,58 - 455,250,70,90000
1287,ВКОП,ВКОП 30-160-056-5,ВКОП 30-160-056,560,3640 - 27350,63 - 480,750,104,88200
1288,ВКОП,ВКОП 30-160-056-5,ВКОП 30-160-056,560,2960 - 25610,58 - 470,7500,84,198700
1289,ВКОП,ВКОП 30-160-056-5,ВКОП 30-160-056,560,2510 - 24520,66 - 529,7500,85,198300
1290,ВКОП,ВКОП 30-160-056-4,ВКОП 30-160-056,560,2730 - 22720,64 - 496,1500,75,99700
1291,ВКОП,ВКОП 30-160-056-4,ВКОП 30-160-056,560,3030 - 31740,61 - 450,1500,96,110500
1292,ВКОП,ВКОП 30-160-056-1,ВКОП 30-160-056,560,3400 - 27530,64 - 519,3000,81,124300
1293,ВКОП,ВКОП 30-160-056-1,ВКОП 30-160-056,560,2660 - 23590,59 - 519,5500,71,176900
1294,ВКОП,ВКОП 30-160-056-5,ВКОП 30-160-056,560,3310 - 27380,68 - 527,11000,70,262900
1295,ВКОП,ВКОП 30-160-056-5,ВКОП 30-160-056,560,2740 - 26420,63 - 469,4000,99,152600
1296,ВКОП,ВКОП 30-160-056-1,ВКОП 30-160-056,560,3000 - 27240,66 - 461,5500,74,165000
1297,ВКОП,ВКОП 30-160-056-1,ВКОП 30-160-056,560,3400 - 26730,58 - 455,370,97,83300
1298,ВКОП,ВКОП 30-160-056-5,ВКОП 30-160-056,560,3360 - 27300,67 - 521,180,72,94800
1299,ВКОП,ВКОП 30-160-056-1,ВКОП 30-160-056,560,2540 - 32410,60 - 454,250,102,84400
1300,ВКОП,ВКОП 30-160-056-1,ВКОП 30-160-056,560,2700 - 31490,57 - 514,370,91,100800
1301,ВКОП,ВКОП 30-160-056-3,ВКОП 30-160-056,560,3160 - 28260,59 - 500,3000,101,134100
1302,ВКОП,ВКОП 30-160-056-5,ВКОП 30-160-056,560,3380 - 23560,67 - 502,550,85,91200
1303,ВКОП,ВКОП 30-160-056-5,ВКОП 30-160-056,560,3620 - 26760,61 - 484,11000,105,273100
1304,ВКОП,ВКОП 30-160-056-5,ВКОП 30-160-056,560,2950 - 31460,66 - 469,550,73,91500
1305,ВКОП,ВКОП 30-160-056-3,ВКОП 30-160-056,560,3070 - 31020,62 - 529,5500,83,168600
1306,ВКОП,ВКОП 30-160-056-5,ВКОП 30-160-056,560,3300 - 23780,67 - 449,15000,102,336800
1307,ВКОП,ВКОП 30-160-056-4,ВКОП 30-160-056,560,3270 - 26180,67 - 467,750,84,101700
1308,ВКОП,ВКОП 30-160-056-4,ВКОП 30-160-056,560,3220 - 26820,58 - 517,2200,76,116000
1309,ВКОП,ВКОП 30-160-056-4,ВКОП 30-160-056,560,3590 - 27880,56 - 475,180,99,84900
1310,ВКОП,ВКОП 30-160-056-4,ВКОП 30-160-056,560,3020 - 26490,58 - 544,370,71,88700
1311,ВКОП,ВКОП 30-160-056-5,ВКОП 30-160-056,560,3640 - 24960,59 - 494,15000,71,329400
1312,ВКОП,ВКОП 30-160-056-3,ВКОП 30-160-056,560,2790 - 31550,59 - 475,15000,103,326400
1313,ВКОП,ВКОП 30-160-056-1,ВКОП 30-160-056,560,3530 - 30870,64 - 457,1500,89,109900
1314,ВКОП,ВКОП 30-160-056-1,ВКОП 30-160-056,560,3190 - 24080,66 - 511,1500,78,100700
1315,ВКОП,ВКОП 30-160-056-5,ВКОП 30-160-056,560,3170 - 27110,65 - 480,3000,82,140000
1316,ВКОП,ВКОП 30-160-056-3,ВКОП 30-160-056,560,2910 - 24160,64 - 486,1500,77,111600
1317,ВКОП,ВКОП 30-160-056-1,ВКОП 30-160-056,560,3360 - 33100,56 - 495,1100,81,112300
1318,ВКОП,ВКОП 30-160-056-1,ВКОП 30-160-056,560,3360 - 27650,61 - 454,250,89,94000
1319,ВКОП,ВКОП 30-160-056-1,ВКОП 30-160-056,560,3370 - 29900,58 - 492,7500,91,206300
1320,ВКОП,ВКОП 30-160-056-4,ВКОП 30-160-056,560,3400 - 27390,62 - 531,1500,81,102200
1321,ВКОП,ВКОП 30-160-056-1,ВКОП 30-160-056,560,3170 - 30950,66 - 473,3000,99,138200
1322,ВКОП,ВКОП 30-160-056-2,ВКОП 30-160-056,560,3190 - 33300,62 - 505,370,105,95700
1323,ВКОП,ВКОП 30-160-056-2,ВКОП 30-160-056,560,2900 - 28090,59 - 462,250,90,93300
1324,ВКОП,ВКОП 30-160-056-1,ВКОП 30-160-056,560,3030 - 31400,58 - 469,3000,78,137800
1325,ВКОП,ВКОП 30-160-056-5,ВКОП 30-160-056,560,3690 - 31450,59 - 526,4000,95,155100
1326,ВКОП,ВКОП 30-160-056-4,ВКОП 30-160-056,560,3080 - 27060,58 - 487,5500,80,166300
1327,ВКОП,ВКОП 30-160-056-3,ВКОП 30-160-056,560,3270 - 26050,66 - 463,4000,83,149900
1328,ВКОП,ВКОП 30-160-056-1,ВКОП 30-160-056,560,2600 - 26440,56 - 539,180,96,88700
1329,ВКОП,ВКОП 30-160-056-5,ВКОП 30-160-056,560,3090 - 26980,66 - 538,180,96,91700
1330,ВКОП,ВКОП 30-160-056-1,ВКОП 30-160-056,560,2560 - 31540,62 - 462,2200,84,114000
1331,ВКОП,ВКОП 30-160-056-3,ВКОП 30-160-056,560,3100 - 27480,66 - 541,550,71,101200
1332,ВКОП,ВКОП 30-160-056-2,ВКОП 30-160-056,560,3130 - 26150,64 - 476,4000,84,156700
1333,ВКОП,ВКОП 30-160-056-2,ВКОП 30-160-056,560,3200 - 22460,61 - 512,7500,87,201700
1334,ВКОП,ВКОП 30-160-056-2,ВКОП 30-160-056,560,2520 - 31910,60 - 463,370,81,83600
1335,ВКОП,ВКОП 30-160-056-3,ВКОП 30-160-056,560,2710 - 23420,58 - 507,1100,75,105900
1336,ВКОП,ВКОП 30-160-056-3,ВКОП 30-160-056,560,3380 - 26590,65 - 529,1100,94,111400
1337,ВКОП,ВКОП 30-160-056-5,ВКОП 30-160-056,560,3370 - 30550,60 - 490,550,91,86500
1338,ВКОП,ВКОП 30-160-056-4,ВКОП 30-160-056,560,2750 - 27870,57 - 466,4000,75,144500
1339,ВКОП,ВКОП 30-160-056-5,ВКОП 30-160-056,560,3220 - 24180,60 - 454,1100,71,111200
1340,ВКОП,ВКОП 30-160-056-5,ВКОП 30-160-056,560,3320 - 24230,65 - 474,370,80,99400
1341,ВКОП,ВКОП 30-160-056-1,ВКОП 30-160-056,560,3600 - 33070,66 - 534,11000,105,258800
1342,ВКОП,ВКОП 30-160-056-2,ВКОП 30-160-056,560,3630 - 29570,62 - 481,4000,83,147200
1343,ВКОП,ВКОП 30-160-056-5,ВКОП 30-160-056,560,2610 - 22860,63 - 509,15000,76,322700
1344,ВКОП,ВКОП 30-160-063-3,ВКОП 30-160-063,630,2930 - 30690,71 - 505,1500,73,110700
1345,ВКОП,ВКОП 30-160-063-2,ВКОП 30-160-063,630,3850 - 27690,71 - 522,5500,105,177900
1346,ВКОП,ВКОП 30-160-063-2,ВКОП 30-160-063,630,3630 - 35970,76 - 560,5500,83,187400
1347,ВКОП,ВКОП 30-160-063-5,ВКОП 30-160-063,630,3440 - 31270,66 - 541,3000,100,144200
1348,ВКОП,ВКОП 30-160-063-4,ВКОП 30-160-063,630,3780 - 29200,66 - 547,4000,71,164600
1349,ВКОП,ВКОП 30-160-063-2,ВКОП 30-160-063,630,3280 - 26180,68 - 515,1100,78,114000
1350,ВКОП,ВКОП 30-160-063-3,ВКОП 30-160-063,630,3910 - 32750,64 - 506,3000,92,146400
1351,ВКОП,ВКОП 30-160-063-3,ВКОП 30-160-063,630,4130 - 33040,63 - 607,370,72,102900
1352,ВКОП,ВКОП 30-160-063-4,ВКОП 30-160-063,630,3890 - 30990,72 - 597,2200,90,125800
1353,ВКОП,ВКОП 30-160-063-2,ВКОП 30-160-063,630,3100 - 27920,75 - 571,11000,99,266100
1354,ВКОП,ВКОП 30-160-063-1,ВКОП 30-160-063,630,3630 - 31910,63 - 582,7500,93,224400
1355,ВКОП,ВКОП 30-160-063-5,ВКОП 30-160-063,630,2840 - 34180,71 - 561,2200,86,130500
1356,ВКОП,ВКОП 30-160-063-4,ВКОП 30-160-063,630,4060 - 37180,65 - 614,750,90,110700
1357,ВКОП,ВКОП 30-160-063-3,ВКОП 30-160-063,630,3320 - 31500,68 - 585,3000,96,137900
1358,ВКОП,ВКОП 30-160-063-2,ВКОП 30-160-063,630,3920 - 33170,65 - 611,11000,80,261500
1359,ВКОП,ВКОП 30-160-063-2,ВКОП 30-160-063,630,3620 - 29620,64 - 609,2200,72,125300
1360,ВКОП,ВКОП 30-160-063-2,ВКОП 30-160-063,630,3880 - 34930,71 - 521,250,97,97100
1361,ВКОП,ВКОП 30-160-063-1,ВКОП 30-160-063,630,3310 - 36930,69 - 552,7500,95,221200
1362,ВКОП,ВКОП 30-160-063-1,ВКОП 30-160-063,630,3600 - 32140,66 - 558,7500,105,213200
1363,ВКОП,ВКОП 30-160-063-5,ВКОП 30-160-063,630,3110 - 37520,72 - 547,1500,85,119300
1364,ВКОП,ВКОП 30-160-063-5,ВКОП 30-160-063,630,3280 - 36870,73 - 547,4000,91,156100
1365,ВКОП,ВКОП 30-160-063-4,ВКОП 30-160-063,630,3770 - 31100,67 - 520,1100,86,106400
1366,ВКОП,ВКОП 30-160-063-5,ВКОП 30-160-063,630,3920 - 26710,69 - 583,250,89,92400
1367,ВКОП,ВКОП 30-160-063-2,ВКОП 30-160-063,630,3960 - 34380,64 - 588,550,71,110100
1368,ВКОП,ВКОП 30-160-063-1,ВКОП 30-160-063,630,4170 - 32610,66 - 510,370,83,101400
1369,ВКОП,ВКОП 30-160-063-5,ВКОП 30-160-063,630,4070 - 29320,70 - 517,7500,79,214900
1370,ВКОП,ВКОП 30-160-063-2,ВКОП 30-160-063,630,3330 - 32670,69 - 540,15000,87,325600
1371,ВКОП,ВКОП 30-160-063-3,ВКОП 30-160-063,630,3610 - 29530,76 - 552,7500,92,222000
1372,ВКОП,ВКОП 30-160-063-4,ВКОП 30-160-063,630,3910 - 36390,74 - 509,7500,92,209700
1373,ВКОП,ВКОП 30-160-063-4,ВКОП 30-160-063,630,2970 - 35570,73 - 557,11000,76,277500
1374,ВКОП,ВКОП 30-160-063-5,ВКОП 30-160-063,630,3560 - 32820,64 - 508,11000,94,280400
1375,ВКОП,ВКОП 30-160-063-3,ВКОП 30-160-063,630,4040 - 29840,76 - 615,1500,75,120900
1376,ВКОП,ВКОП 30-160-063-2,ВКОП 30-160-063,630,3220 - 36400,70 - 520,2200,83,136200
1377,ВКОП,ВКОП 30-160-063-3,ВКОП 30-160-063,630,3950 - 32840,70 - 523,180,73,102400
1378,ВКОП,ВКОП 30-160-063-2,ВКОП 30-160-063,630,4000 - 36290,68 - 584,1100,87,111900
1379,ВКОП,ВКОП 30-160-063-3,ВКОП 30-160-063,630,4000 - 30920,66 - 541,750,94,104800
1380,ВКОП,ВКОП 30-160-063-2,ВКОП 30-160-063,630,3500 - 33360,63 - 572,1500,91,116800
1381,ВКОП,ВКОП 30-160-063-4,ВКОП 30-160-063,630,4050 - 33090,69 - 589,1500,97,120400
1382,ВКОП,ВКОП 30-160-063-3,ВКОП 30-160-063,630,3250 - 37570,73 - 543,7500,72,212600
1383,ВКОП,ВКОП 30-160-063-4,ВКОП 30-160-063,630,3800 - 31830,66 - 604,7500,96,204400
1384,ВКОП,ВКОП 30-160-063-3,ВКОП 30-160-063,630,3820 - 26140,68 - 584,4000,81,161900
1385,ВКОП,ВКОП 30-160-063-4,ВКОП 30-160-063,630,2960 - 32480,72 - 508,2200,97,119500
1386,ВКОП,ВКОП 30-160-063-5,ВКОП 30-160-063,630,3820 - 31930,64 - 507,750,82,107700
1387,ВКОП,ВКОП 30-160-063-2,ВКОП 30-160-063,630,2870 - 26200,66 - 516,1500,72,126800
1388,ВКОП,ВКОП 30-160-063-3,ВКОП 30-160-063,630,2940 - 30760,65 - 518,250,77,94300
1389,ВКОП,ВКОП 30-160-063-4,ВКОП 30-160-063,630,3510 - 31140,68 - 570,7500,80,221100
1390,ВКОП,ВКОП 30-160-063-5,ВКОП 30-160-063,630,3010 - 35780,72 - 594,5500,98,191900
1391,ВКОП,ВКОП 30-160-063-5,ВКОП 30-160-063,630,2800 - 33410,71 - 603,1500,100,125700
1392,ВКОП,ВКОП 30-160-063-5,ВКОП 30-160-063,630,2900 - 30140,66 - 585,370,87,90700
1393,ВКОП,ВКОП 30-160-063-4,ВКОП 30-160-063,630,3670 - 33700,63 - 595,250,72,90500
1394,ВКОП,ВКОП 30-160-063-1,ВКОП 30-160-063,630,4090 - 30180,71 - 566,250,93,90200
1395,ВКОП,ВКОП 30-160-063-3,ВКОП 30-160-063,630,3280 - 32920,64 - 531,1100,80,106600
1396,ВКОП,ВКОП 30-160-063-3,ВКОП 30-160-063,630,3600 - 34350,67 - 558,1100,95,104600
1397,ВКОП,ВКОП 30-160-063-5,ВКОП 30-160-063,630,3690 - 33210,72 - 531,1500,105,119400
1398,ВКОП,ВКОП 30-160-063-2,ВКОП 30-160-063,630,2880 - 35360,66 - 510,5500,73,176800
1399,ВКОП,ВКОП 30-160-063-1,ВКОП 30-160-063,630,3660 - 37030,63 - 545,4000,104,158800
1400,ВКОП,ВКОП 30-160-063-2,ВКОП 30-160-063,630,4140 - 37580,63 - 591,370,102,93000
1401,ВКОП,ВКОП 30-160-063-1,ВКОП 30-160-063,630,3060 - 25820,63 - 520,1100,73,101700
1402,ВКОП,ВКОП 30-160-063-2,ВКОП 30-160-063,630,3140 - 37780,72 - 586,550,99,98500
1403,ВКОП,ВКОП 30-160-063-3,ВКОП 30-160-063,630,2840 - 28960,63 - 553,5500,86,189400
1404,ВКОП,ВКОП 30-160-063-1,ВКОП 30-160-063,630,3280 - 32730,70 - 574,5500,95,192000
1405,ВКОП,ВКОП 30-160-063-2,ВКОП 30-160-063,630,2990 - 37080,64 - 575,370,96,94900
1406,ВКОП,ВКОП 30-160-063-4,ВКОП 30-160-063,630,4050 - 27570,69 - 576,15000,101,326000
1407,ВКОП,ВКОП 30-160-063-1,ВКОП 30-160-063,630,4140 - 29790,76 - 515,750,100,110200
1408,ВКОП,ВКОП 30-160-063-4,ВКОП 30-160-063,630,2900 - 31420,66 - 544,550,77,96300
1409,ВКОП,ВКОП 30-160-063-2,ВКОП 30-160-063,630,3430 - 30270,73 - 513,1100,85,107800
1410,ВКОП,ВКОП 30-160-063-5,ВКОП 30-160-063,630,3220 - 34080,75 - 543,250,82,104500
1411,ВКОП,ВКОП 30-160-063-5,ВКОП 30-160-063,630,3000 - 31400,66 - 608,4000,77,148900
1412,ВКОП,ВКОП 30-160-063-4,ВКОП 30-160-063,630,3220 - 29660,71 - 585,250,105,93500
1413,ВКОП,ВКОП 30-160-063-5,ВКОП 30-160-063,630,3830 - 28060,71 - 588,3000,85,145700
1414,ВКОП,ВКОП 30-160-063-1,ВКОП 30-160-063,630,3650 - 33300,75 - 587,4000,105,166300
1415,ВКОП,ВКОП 30-160-063-1,ВКОП 30-160-063,630,2820 - 25340,71 - 590,7500,76,218000
1416,ВКОП,ВКОП 30-160-063-1,ВКОП 30-160-063,630,3870 - 27230,70 - 577,11000,91,266800
1417,ВКОП,ВКОП 30-160-063-2,ВКОП 30-160-063,630,3900 - 30560,66 - 508,5500,95,172300
1418,ВКОП,ВКОП 30-160-063-1,ВКОП 30-160-063,630,3720 - 26380,76 - 550,11000,101,277600
1419,ВКОП,ВКОП 30-160-063-4,ВКОП 30-160-063,630,4070 - 26230,67 - 545,15000,91,331700
1420,ВКОП,ВКОП 30-160-063-4,ВКОП 30-160-063,630,2870 - 29550,74 - 520,550,94,107000
1421,ВКОП,ВКОП 30-160-063-5,ВКОП 30-160-063,630,3390 - 36690,70 - 588,180,91,85500
1422,ВКОП,ВКОП 30-160-063-1,ВКОП 30-160-063,630,3760 - 33450,65 - 512,1100,99,107400
1423,ВКОП,ВКОП 30-160-063-3,ВКОП 30-160-063,630,2970 - 31490,67 - 518,250,83,100100
1424,ВКОП,ВКОП 30-160-063-5,ВКОП 30-160-063,630,3320 - 28570,65 - 585,3000,102,150400
1425,ВКОП,ВКОП 30-160-063-3,ВКОП 30-160-063,630,2810 - 29290,74 - 511,11000,105,264100
1426,ВКОП,ВКОП 30-160-063-3,ВКОП 30-160-063,630,3990 - 35940,74 - 590,3000,76,152000
1427,ВКОП,ВКОП 30-160-063-2,ВКОП 30-160-063,630,3740 - 34920,64 - 520,3000,99,144000
1428,ВКОП,ВКОП 30-160-063-2,ВКОП 30-160-063,630,3050 - 29020,68 - 552,15000,92,331000
1429,ВКОП,ВКОП 30-160-063-2,ВКОП 30-160-063,630,2960 - 31830,72 - 549,11000,84,278800
1430,ВКОП,ВКОП 30-160-063-3,ВКОП 30-160-063,630,2870 - 28710,64 - 610,370,76,108200
1431,ВКОП,ВКОП 30-160-063-4,ВКОП 30-160-063,630,3590 - 33970,76 - 601,1100,104,116800
1432,ВКОП,ВКОП 30-160-063-3,ВКОП 30-160-063,630,3630 - 28100,73 - 559,2200,81,119100
1433,ВКОП,ВКОП 30-160-063-3,ВКОП 30-160-063,630,4180 - 30550,64 - 524,1100,78,116300
1434,ВКОП,ВКОП 30-160-063-5,ВКОП 30-160-063,630,4150 - 33410,64 - 531,180,80,98300
1435,ВКОП,ВКОП 30-160-063-1,ВКОП 30-160-063,630,4130 - 35900,68 - 535,2200,100,138800
1436,ВКОП,ВКОП 30-160-063-1,ВКОП 30-160-063,630,4150 - 26560,63 - 579,180,87,99800
1437,ВКОП,ВКОП 30-160-063-5,ВКОП 30-160-063,630,2870 - 27120,67 - 599,180,95,102700
1438,ВКОП,ВКОП 30-160-063-1,ВКОП 30-160-063,630,3300 - 31160,69 - 587,180,74,104000
1439,ВКОП,ВКОП 30-160-063-5,ВКОП 30-160-063,630,3100 - 36760,65 - 600,250,73,103100
1440,ВКОП,ВКОП 30-160-063-5,ВКОП 30-160-063,630,4180 - 34320,71 - 585,250,86,103800
1441,ВКОП,ВКОП 30-160-063-5,ВКОП 30-160-063,630,2940 - 27170,64 - 507,7500,93,220300
1442,ВКОП,ВКОП 30-160-063-1,ВКОП 30-160-063,630,3560 - 26190,69 - 594,180,78,103600
1443,ВКОП,ВКОП 30-160-063-1,ВКОП 30-160-063,630,3320 - 29410,63 - 562,550,92,109500
1444,ВКОП,ВКОП 30-160-063-5,ВКОП 30-160-063,630,4080 - 32450,69 - 555,550,101,106600
1445,ВКОП,ВКОП 30-160-063-3,ВКОП 30-160-063,630,3410 - 35860,67 - 558,11000,95,264100
1446,ВКОП,ВКОП 30-160-063-5,ВКОП 30-160-063,630,3590 - 30130,76 - 549,2200,84,139100
1447,ВКОП,ВКОП 30-160-063-2,ВКОП 30-160-063,630,3370 - 29360,67 - 519,370,91,101900
1448,ВКОП,ВКОП 30-160-063-4,ВКОП 30-160-063,630,3660 - 31210,67 - 506,3000,81,147000
1449,ВКОП,ВКОП 30-160-063-4,ВКОП 30-160-063,630,4100 - 37770,70 - 591,4000,77,153400
1450,ВКОП,ВКОП 30-160-063-2,ВКОП 30-160-063,630,3480 - 37680,64 - 602,2200,75,120500
1451,ВКОП,ВКОП 30-160-063-2,ВКОП 30-160-063,630,4030 - 29710,74 - 550,370,103,101900
1452,ВКОП,ВКОП 30-160-063-3,ВКОП 30-160-063,630,3120 - 29250,63 - 571,2200,87,129500
1453,ВКОП,ВКОП 30-160-063-3,ВКОП 30-160-063,630,4030 - 26090,64 - 521,11000,91,262000
1454,ВКОП,ВКОП 30-160-063-1,ВКОП 30-160-063,630,3080 - 31750,68 - 597,550,101,98200
1455,ВКОП,ВКОП 30-160-063-3,ВКОП 30-160-063,630,3540 - 25950,70 - 597,1100,71,121000
1456,ВКОП,ВКОП 30-160-063-3,ВКОП 30-160-063,630,2920 - 29310,69 - 562,2200,91,138700
1457,ВКОП,ВКОП 30-160-063-2,ВКОП 30-160-063,630,4170 - 27190,66 - 550,5500,98,185900
1458,ВКОП,ВКОП 30-160-063-2,ВКОП 30-160-063,630,3630 - 36450,70 - 533,370,102,91700
1459,ВКОП,ВКОП 30-160-063-1,ВКОП 30-160-063,630,2820 - 35870,67 - 521,550,97,101900
1460,ВКОП,ВКОП 30-160-063-4,ВКОП 30-160-063,630,4100 - 27010,69 - 610,250,86,98600
1461,ВКОП,ВКОП 30-160-063-5,ВКОП 30-160-063,630,3900 - 28260,64 - 556,180,88,94500
1462,ВКОП,ВКОП 30-160-063-5,ВКОП 30-160-063,630,3760 - 27450,75 - 537,4000,86,162300
1463,ВКОП,ВКОП 30-160-071-4,ВКОП 30-160-071,710,4250 - 37180,75 - 626,550,105,106400
1464,ВКОП,ВКОП 30-160-071-1,ВКОП 30-160-071,710,4200 - 34340,84 - 652,15000,77,353500
1465,ВКОП,ВКОП 30-160-071-1,ВКОП 30-160-071,710,3220 - 41230,86 - 673,15000,100,347900
1466,ВКОП,ВКОП 30-160-071-1,ВКОП 30-160-071,710,4250 - 34430,80 - 637,1100,70,124600
1467,ВКОП,ВКОП 30-160-071-1,ВКОП 30-160-071,710,3830 - 32230,79 - 686,2200,74,136100
1468,ВКОП,ВКОП 30-160-071-5,ВКОП 30-160-071,710,3870 - 35950,86 - 677,3000,90,149900
1469,ВКОП,ВКОП 30-160-071-1,ВКОП 30-160-071,710,4050 - 35980,72 - 621,2200,84,134900
1470,ВКОП,ВКОП 30-160-071-2,ВКОП 30-160-071,710,4330 - 32360,85 - 631,2200,88,137200
1471,ВКОП,ВКОП 30-160-071-4,ВКОП 30-160-071,710,4680 - 32050,79 - 661,3000,103,157300
1472,ВКОП,ВКОП 30-160-071-5,ВКОП 30-160-071,710,3900 - 29880,82 - 691,1500,89,135400
1473,ВКОП,ВКОП 30-160-071-1,ВКОП 30-160-071,710,4360 - 38950,71 - 685,370,105,107900
1474,ВКОП,ВКОП 30-160-071-4,ВКОП 30-160-071,710,4640 - 32450,79 - 596,4000,80,163700
1475,ВКОП,ВКОП 30-160-071-3,ВКОП 30-160-071,710,3910 - 37250,77 - 678,3000,97,157000
1476,ВКОП,ВКОП 30-160-071-3,ВКОП 30-160-071,710,4150 - 28890,80 - 611,370,98,116500
1477,ВКОП,ВКОП 30-160-071-3,ВКОП 30-160-071,710,3890 - 38580,77 - 616,15000,88,340700
1478,ВКОП,ВКОП 30-160-071-2,ВКОП 30-160-071,710,3820 - 42580,82 - 610,3000,85,142600
1479,ВКОП,ВКОП 30-160-071-2,ВКОП 30-160-071,710,4420 - 31800,74 - 629,15000,99,337600
1480,ВКОП,ВКОП 30-160-071-4,ВКОП 30-160-071,710,4090 - 30670,83 - 579,550,84,116800
1481,ВКОП,ВКОП 30-160-071-1,ВКОП 30-160-071,710,4730 - 41520,85 - 637,1100,82,129300
1482,ВКОП,ВКОП 30-160-071-3,ВКОП 30-160-071,710,3510 - 32010,76 - 668,2200,86,147000
1483,ВКОП,ВКОП 30-160-071-5,ВКОП 30-160-071,710,3380 - 28770,72 - 586,5500,83,201500
1484,ВКОП,ВКОП 30-160-071-3,ВКОП 30-160-071,710,4050 - 36800,81 - 612,3000,99,149800
1485,ВКОП,ВКОП 30-160-071-1,ВКОП 30-160-071,710,3530 - 31720,82 - 593,5500,73,196000
1486,ВКОП,ВКОП 30-160-071-5,ВКОП 30-160-071,710,4080 - 33370,77 - 673,370,99,114200
1487,ВКОП,ВКОП 30-160-071-3,ВКОП 30-160-071,710,4040 - 40070,84 - 690,5500,82,200100
1488,ВКОП,ВКОП 30-160-071-4,ВКОП 30-160-071,710,3560 - 32920,83 - 642,370,85,109400
1489,ВКОП,ВКОП 30-160-071-2,ВКОП 30-160-071,710,4450 - 36450,82 - 619,2200,87,142800
1490,ВКОП,ВКОП 30-160-071-1,ВКОП 30-160-071,710,3350 - 33330,85 - 587,370,75,102500
1491,ВКОП,ВКОП 30-160-071-3,ВКОП 30-160-071,710,3560 - 30380,79 - 651,15000,75,350900
1492,ВКОП,ВКОП 30-160-071-4,ВКОП 30-160-071,710,3660 - 42590,78 - 594,550,90,103700
1493,ВКОП,ВКОП 30-160-071-2,ВКОП 30-160-071,710,4340 - 41860,82 - 658,2200,75,139900
1494,ВКОП,ВКОП 30-160-071-5,ВКОП 30-160-071,710,4250 - 41770,81 - 585,750,75,103200
1495,ВКОП,ВКОП 30-160-071-4,ВКОП 30-160-071,710,4360 - 34400,80 - 666,5500,76,183100
1496,ВКОП,ВКОП 30-160-071-4,ВКОП 30-160-071,710,3270 - 36780,75 - 654,15000,93,350600
1497,ВКОП,ВКОП 30-160-071-4,ВКОП 30-160-071,710,3680 - 41710,79 - 693,1500,70,129500
1498,ВКОП,ВКОП 30-160-071-3,ВКОП 30-160-071,710,3220 - 32040,74 - 579,5500,91,197100
1499,ВКОП,ВКОП 30-160-071-3,ВКОП 30-160-071,710,4200 - 40190,79 - 652,1500,90,123700
1500,ВКОП,ВКОП 30-160-071-1,ВКОП 30-160-071,710,3900 - 42380,86 - 610,1100,72,110200
1501,ВКОП,ВКОП 30-160-071-5,ВКОП 30-160-071,710,3910 - 31690,82 - 592,180,103,102900
1502,ВКОП,ВКОП 30-160-071-5,ВКОП 30-160-071,710,4650 - 33510,72 - 585,7500,75,223000
1503,ВКОП,ВКОП 30-160-071-2,ВКОП 30-160-071,710,4280 - 29420,71 - 678,1100,78,128500
1504,ВКОП,ВКОП 30-160-071-1,ВКОП 30-160-071,710,4650 - 30090,80 - 639,4000,92,173100
1505,ВКОП,ВКОП 30-160-071-5,ВКОП 30-160-071,710,3730 - 32170,74 - 628,2200,82,135800
1506,ВКОП,ВКОП 30-160-071-2,ВКОП 30-160-071,710,3840 - 35950,80 - 581,250,104,115300
1507,ВКОП,ВКОП 30-160-071-3,ВКОП 30-160-071,710,3750 - 33000,73 - 611,750,89,108200
1508,ВКОП,ВКОП 30-160-071-4,ВКОП 30-160-071,710,4170 - 34550,76 - 610,1500,94,124000
1509,ВКОП,ВКОП 30-160-071-1,ВКОП 30-160-071,710,3640 - 36330,80 - 647,4000,97,156600
1510,ВКОП,ВКОП 30-160-071-4,ВКОП 30-160-071,710,3960 - 29020,79 - 605,370,83,116500
1511,ВКОП,ВКОП 30-160-071-5,ВКОП 30-160-071,710,4270 - 38950,80 - 680,250,73,116600
1512,ВКОП,ВКОП 30-160-071-2,ВКОП 30-160-071,710,3690 - 40470,73 - 569,750,94,113500
1513,ВКОП,ВКОП 30-160-071-4,ВКОП 30-160-071,710,4300 - 29870,84 - 609,2200,75,138900
1514,ВКОП,ВКОП 30-160-071-1,ВКОП 30-160-071,710,4330 - 40010,84 - 676,5500,79,190700
1515,ВКОП,ВКОП 30-160-071-2,ВКОП 30-160-071,710,3510 - 37670,78 - 670,4000,83,167700
1516,ВКОП,ВКОП 30-160-071-2,ВКОП 30-160-071,710,4580 - 38580,84 - 577,1100,105,123100
1517,ВКОП,ВКОП 30-160-071-5,ВКОП 30-160-071,710,3160 - 33290,81 - 677,2200,103,127200
1518,ВКОП,ВКОП 30-160-071-1,ВКОП 30-160-071,710,4390 - 29750,77 - 675,4000,100,170500
1519,ВКОП,ВКОП 30-160-071-3,ВКОП 30-160-071,710,3280 - 41620,78 - 583,15000,76,343100
1520,ВКОП,ВКОП 30-160-071-2,ВКОП 30-160-071,710,4100 - 30540,77 - 660,2200,76,130700
1521,ВКОП,ВКОП 30-160-071-4,ВКОП 30-160-071,710,3780 - 38690,82 - 620,550,97,120600
1522,ВКОП,ВКОП 30-160-071-1,ВКОП 30-160-071,710,3280 - 31150,82 - 654,3000,84,143900
1523,ВКОП,ВКОП 30-160-071-4,ВКОП 30-160-071,710,3440 - 32990,73 - 677,15000,104,349700
1524,ВКОП,ВКОП 30-160-071-2,ВКОП 30-160-071,710,3530 - 39870,71 - 670,15000,82,343200
1525,ВКОП,ВКОП 30-160-071-4,ВКОП 30-160-071,710,3480 - 38000,81 - 677,5500,95,184000
1526,ВКОП,ВКОП 30-160-071-1,ВКОП 30-160-071,710,3500 - 31180,85 - 602,2200,99,140900
1527,ВКОП,ВКОП 30-160-071-5,ВКОП 30-160-071,710,3760 - 41430,73 - 610,2200,74,144300
1528,ВКОП,ВКОП 30-160-071-4,ВКОП 30-160-071,710,4480 - 38530,85 - 678,4000,98,161700
1529,ВКОП,ВКОП 30-160-071-5,ВКОП 30-160-071,710,3670 - 33100,81 - 584,180,83,94200
1530,ВКОП,ВКОП 30-160-071-4,ВКОП 30-160-071,710,3630 - 29260,83 - 684,1500,74,118100
1531,ВКОП,ВКОП 30-160-071-2,ВКОП 30-160-071,710,4520 - 37330,84 - 614,370,97,99500
1532,ВКОП,ВКОП 30-160-071-2,ВКОП 30-160-071,710,3190 - 36800,76 - 615,7500,73,223000
1533,ВКОП,ВКОП 30-160-071-5,ВКОП 30-160-071,710,4480 - 33560,72 - 581,180,75,106500
1534,ВКОП,ВКОП 30-160-071-4,ВКОП 30-160-071,710,3330 - 31190,72 - 649,1100,84,109700
1535,ВКОП,ВКОП 30-160-071-5,ВКОП 30-160-071,710,3930 - 31690,86 - 647,1500,77,134600
1536,ВКОП,ВКОП 30-160-071-2,ВКОП 30-160-071,710,3310 - 35790,82 - 597,15000,95,349600
1537,ВКОП,ВКОП 30-160-071-4,ВКОП 30-160-071,710,3810 - 31350,86 - 575,180,89,98300
1538,ВКОП,ВКОП 30-160-071-5,ВКОП 30-160-071,710,3990 - 31600,74 - 630,4000,85,175100
1539,ВКОП,ВКОП 30-160-071-4,ВКОП 30-160-071,710,4510 - 38900,86 - 677,750,99,112400
1540,ВКОП,ВКОП 30-160-071-5,ВКОП 30-160-071,710,3810 - 39690,84 - 628,11000,70,270100
1541,ВКОП,ВКОП 30-160-071-2,ВКОП 30-160-071,710,3350 - 41940,75 - 620,1100,89,128800
1542,ВКОП,ВКОП 30-160-071-5,ВКОП 30-160-071,710,3200 - 38820,84 - 649,250,76,105600
1543,ВКОП,ВКОП 30-160-071-4,ВКОП 30-160-071,710,4090 - 37500,78 - 679,370,102,99300
1544,ВКОП,ВКОП 30-160-071-2,ВКОП 30-160-071,710,3400 - 30310,83 - 609,7500,102,225100
1545,ВКОП,ВКОП 30-160-071-2,ВКОП 30-160-071,710,4580 - 32080,85 - 641,7500,91,233800
1546,ВКОП,ВКОП 30-160-071-3,ВКОП 30-160-071,710,3180 - 42360,79 - 685,7500,92,217400
1547,ВКОП,ВКОП 30-160-071-5,ВКОП 30-160-071,710,3520 - 33830,72 - 675,180,104,110900
1548,ВКОП,ВКОП 30-160-071-5,ВКОП 30-160-071,710,3900 - 30970,86 - 688,2200,90,134300
1549,ВКОП,ВКОП 30-160-071-2,ВКОП 30-160-071,710,3830 - 35190,85 - 621,15000,91,342200
1550,ВКОП,ВКОП 30-160-071-1,ВКОП 30-160-071,710,4390 - 29320,85 - 620,2200,81,145600
1551,ВКОП,ВКОП 30-160-071-4,ВКОП 30-160-071,710,3620 - 38340,72 - 583,1100,76,109900
1552,ВКОП,ВКОП 30-160-071-2,ВКОП 30-160-071,710,3920 - 39020,81 - 586,7500,103,220000
1553,ВКОП,ВКОП 30-160-071-3,ВКОП 30-160-071,710,3310 - 35860,81 - 635,2200,102,143400
1554,ВКОП,ВКОП 30-160-071-2,ВКОП 30-160-071,710,3990 - 42180,77 - 620,750,102,117100
1555,ВКОП,ВКОП 30-160-071-1,ВКОП 30-160-071,710,4520 - 36590,84 - 586,2200,99,141900
1556,ВКОП,ВКОП 30-160-071-5,ВКОП 30-160-071,710,4290 - 38370,76 - 678,1500,104,117100
1557,ВКОП,ВКОП 30-160-071-5,ВКОП 30-160-071,710,3990 - 32270,73 - 660,250,92,112200
1558,ВКОП,ВКОП 30-160-071-2,ВКОП 30-160-071,710,3260 - 37970,80 - 596,2200,72,132400
1559,ВКОП,ВКОП 30-160-071-3,ВКОП 30-160-071,710,3430 - 31840,86 - 638,250,85,111000
1560,ВКОП,ВКОП 30-160-071-3,ВКОП 30-160-071,710,3630 - 35590,76 - 657,2200,70,134700
1561,ВКОП,ВКОП 30-160-071-2,ВКОП 30-160-071,710,4270 - 35430,78 - 654,1100,93,121200
1562,ВКОП,ВКОП 30-160-071-4,ВКОП 30-160-071,710,4200 - 35940,81 - 680,3000,96,161000
1563,ВКОП,ВКОП 30-160-080-2,ВКОП 30-160-080,800,4940 - 45410,81 - 653,750,85,114700
1564,ВКОП,ВКОП 30-160-080-3,ВКОП 30-160-080,800,4850 - 45310,90 - 728,750,71,119900
1565,ВКОП,ВКОП 30-160-080-2,ВКОП 30-160-080,800,5250 - 32010,82 - 675,1100,101,121800
1566,ВКОП,ВКОП 30-160-080-4,ВКОП 30-160-080,800,3660 - 39820,82 - 748,5500,76,190300
1567,ВКОП,ВКОП 30-160-080-4,ВКОП 30-160-080,800,4660 - 47110,91 - 745,370,99,108500
1568,ВКОП,ВКОП 30-160-080-5,ВКОП 30-160-080,800,3810 - 33200,82 - 640,2200,87,156300
1569,ВКОП,ВКОП 30-160-080-3,ВКОП 30-160-080,800,4470 - 43840,90 - 716,3000,80,168700
1570,ВКОП,ВКОП 30-160-080-1,ВКОП 30-160-080,800,5020 - 42540,95 - 668,1500,77,134800
1571,ВКОП,ВКОП 30-160-080-2,ВКОП 30-160-080,800,5060 - 46770,90 - 742,2200,80,151200
1572,ВКОП,ВКОП 30-160-080-1,ВКОП 30-160-080,800,4910 - 35570,86 - 771,11000,91,280400
1573,ВКОП,ВКОП 30-160-080-5,ВКОП 30-160-080,800,4680 - 35740,84 - 660,550,77,116700
1574,ВКОП,ВКОП 30-160-080-3,ВКОП 30-160-080,800,4530 - 41570,93 - 677,15000,99,349100
1575,ВКОП,ВКОП 30-160-080-4,ВКОП 30-160-080,800,5320 - 33930,96 - 642,11000,89,293600
1576,ВКОП,ВКОП 30-160-080-1,ВКОП 30-160-080,800,3810 - 41510,86 - 761,250,104,117800
1577,ВКОП,ВКОП 30-160-080-5,ВКОП 30-160-080,800,4960 - 32950,81 - 686,1500,99,135900
1578,ВКОП,ВКОП 30-160-080-1,ВКОП 30-160-080,800,3570 - 43230,88 - 738,550,91,115500
1579,ВКОП,ВКОП 30-160-080-2,ВКОП 30-160-080,800,4610 - 44010,84 - 759,750,94,132000
1580,ВКОП,ВКОП 30-160-080-5,ВКОП 30-160-080,800,3760 - 36530,84 - 643,550,93,118000
1581,ВКОП,ВКОП 30-160-080-2,ВКОП 30-160-080,800,5110 - 43860,91 - 752,370,89,116900
1582,ВКОП,ВКОП 30-160-080-3,ВКОП 30-160-080,800,5020 - 40820,97 - 701,2200,70,153800
1583,ВКОП,ВКОП 30-160-080-5,ВКОП 30-160-080,800,5320 - 46040,96 - 744,4000,101,178500
1584,ВКОП,ВКОП 30-160-080-3,ВКОП 30-160-080,800,5300 - 34550,81 - 780,2200,85,149000
1585,ВКОП,ВКОП 30-160-080-1,ВКОП 30-160-080,800,4330 - 37390,80 - 703,7500,70,223400
1586,ВКОП,ВКОП 30-160-080-1,ВКОП 30-160-080,800,4730 - 34100,81 - 702,5500,72,210300
1587,ВКОП,ВКОП 30-160-080-2,ВКОП 30-160-080,800,4630 - 44260,94 - 730,1500,100,136500
1588,ВКОП,ВКОП 30-160-080-2,ВКОП 30-160-080,800,4640 - 35980,90 - 751,3000,82,150000
1589,ВКОП,ВКОП 30-160-080-2,ВКОП 30-160-080,800,4840 - 46820,90 - 696,11000,88,292400
1590,ВКОП,ВКОП 30-160-080-2,ВКОП 30-160-080,800,4760 - 47510,85 - 673,750,102,118700
1591,ВКОП,ВКОП 30-160-080-5,ВКОП 30-160-080,800,4920 - 40860,82 - 671,550,103,125200
1592,ВКОП,ВКОП 30-160-080-3,ВКОП 30-160-080,800,4480 - 39560,95 - 763,11000,72,296700
1593,ВКОП,ВКОП 30-160-080-3,ВКОП 30-160-080,800,5050 - 32480,90 - 664,5500,103,198200
1594,ВКОП,ВКОП 30-160-080-2,ВКОП 30-160-080,800,4870 - 47230,95 - 642,2200,101,147800
1595,ВКОП,ВКОП 30-160-080-2,ВКОП 30-160-080,800,4280 - 39020,90 - 730,250,99,123100
1596,ВКОП,ВКОП 30-160-080-3,ВКОП 30-160-080,800,4740 - 37240,96 - 692,7500,88,237700
1597,ВКОП,ВКОП 30-160-080-2,ВКОП 30-160-080,800,3830 - 34100,92 - 729,5500,70,198200
1598,ВКОП,ВКОП 30-160-080-3,ВКОП 30-160-080,800,4630 - 42160,96 - 687,250,85,121400
1599,ВКОП,ВКОП 30-160-080-4,ВКОП 30-160-080,800,5200 - 43720,94 - 675,11000,86,286800
1600,ВКОП,ВКОП 30-160-080-3,ВКОП 30-160-080,800,4320 - 36630,95 - 736,5500,93,202400
1601,ВКОП,ВКОП 30-160-080-1,ВКОП 30-160-080,800,5320 - 33080,83 - 761,5500,72,203800
1602,ВКОП,ВКОП 30-160-080-3,ВКОП 30-160-080,800,4230 - 40610,90 - 709,15000,101,357000
1603,ВКОП,ВКОП 30-160-080-3,ВКОП 30-160-080,800,3790 - 41030,83 - 707,180,98,117500
1604,ВКОП,ВКОП 30-160-080-4,ВКОП 30-160-080,800,4950 - 39800,92 - 777,7500,74,233500
1605,ВКОП,ВКОП 30-160-080-3,ВКОП 30-160-080,800,3630 - 33960,91 - 679,750,94,114600
1606,ВКОП,ВКОП 30-160-080-3,ВКОП 30-160-080,800,3570 - 40570,89 - 759,11000,100,283500
1607,ВКОП,ВКОП 30-160-080-5,ВКОП 30-160-080,800,5240 - 40230,96 - 695,4000,101,173600
1608,ВКОП,ВКОП 30-160-080-2,ВКОП 30-160-080,800,3630 - 40580,86 - 716,550,88,118200
1609,ВКОП,ВКОП 30-160-080-5,ВКОП 30-160-080,800,4290 - 44540,97 - 697,5500,77,205900
1610,ВКОП,ВКОП 30-160-080-2,ВКОП 30-160-080,800,4110 - 34380,93 - 701,2200,78,147300
1611,ВКОП,ВКОП 30-160-080-2,ВКОП 30-160-080,800,3620 - 41780,85 - 665,4000,105,171400
1612,ВКОП,ВКОП 30-160-080-3,ВКОП 30-160-080,800,3830 - 46270,91 - 662,370,90,123600
1613,ВКОП,ВКОП 30-160-080-5,ВКОП 30-160-080,800,4620 - 37910,81 - 692,7500,97,224700
1614,ВКОП,ВКОП 30-160-080-4,ВКОП 30-160-080,800,3940 - 34430,96 - 752,1100,86,131900
1615,ВКОП,ВКОП 30-160-080-5,ВКОП 30-160-080,800,4320 - 47420,82 - 671,7500,104,225500
1616,ВКОП,ВКОП 30-160-080-2,ВКОП 30-160-080,800,4030 - 38320,91 - 766,11000,73,296600
1617,ВКОП,ВКОП 30-160-080-1,ВКОП 30-160-080,800,3840 - 45280,90 - 719,370,84,112500
1618,ВКОП,ВКОП 30-160-080-1,ВКОП 30-160-080,800,4480 - 45060,92 - 648,180,86,106900
1619,ВКОП,ВКОП 30-160-080-2,ВКОП 30-160-080,800,3910 - 45110,93 - 767,5500,73,195000
1620,ВКОП,ВКОП 30-160-080-4,ВКОП 30-160-080,800,4900 - 41230,80 - 654,180,84,113000
1621,ВКОП,ВКОП 30-160-080-5,ВКОП 30-160-080,800,5140 - 33980,94 - 679,5500,99,203800
1622,ВКОП,ВКОП 30-160-080-4,ВКОП 30-160-080,800,4010 - 37080,84 - 740,11000,83,291300
1623,ВКОП,ВКОП 30-160-080-5,ВКОП 30-160-080,800,3740 - 34810,82 - 692,11000,93,283000
1624,ВКОП,ВКОП 30-160-080-2,ВКОП 30-160-080,800,4490 - 46790,81 - 775,11000,97,290900
1625,ВКОП,ВКОП 30-160-080-2,ВКОП 30-160-080,800,4610 - 36120,95 - 656,2200,101,148900
1626,ВКОП,ВКОП 30-160-080-5,ВКОП 30-160-080,800,3760 - 42850,93 - 684,15000,80,347800
1627,ВКОП,ВКОП 30-160-080-3,ВКОП 30-160-080,800,3730 - 44370,96 - 690,5500,71,208600
1628,ВКОП,ВКОП 30-160-080-5,ВКОП 30-160-080,800,4210 - 43490,95 - 734,180,72,109900
1629,ВКОП,ВКОП 30-160-080-4,ВКОП 30-160-080,800,3720 - 38810,90 - 665,7500,97,231900
1630,ВКОП,ВКОП 30-160-080-5,ВКОП 30-160-080,800,3700 - 36310,88 - 644,750,84,134000
1631,ВКОП,ВКОП 30-160-080-4,ВКОП 30-160-080,800,4880 - 46060,84 - 701,11000,83,296200
1632,ВКОП,ВКОП 30-160-080-4,ВКОП 30-160-080,800,4540 - 42280,87 - 644,1500,100,144000
1633,ВКОП,ВКОП 30-160-080-4,ВКОП 30-160-080,800,5030 - 47820,85 - 674,250,74,119100
1634,ВКОП,ВКОП 30-160-080-2,ВКОП 30-160-080,800,4790 - 37920,87 - 701,180,85,104200
1635,ВКОП,ВКОП 30-160-080-1,ВКОП 30-160-080,800,4500 - 43990,93 - 668,370,86,118200
1636,ВКОП,ВКОП 30-160-080-5,ВКОП 30-160-080,800,5080 - 43640,94 - 659,550,101,116400
1637,ВКОП,ВКОП 30-160-080-4,ВКОП 30-160-080,800,4900 - 44310,82 - 709,1100,93,131200
1638,ВКОП,ВКОП 30-160-080-2,ВКОП 30-160-080,800,3870 - 41950,92 - 779,550,70,125100
1639,ВКОП,ВКОП 30-160-080-3,ВКОП 30-160-080,800,5050 - 33790,88 - 722,1500,99,144300
1640,ВКОП,ВКОП 30-160-080-4,ВКОП 30-160-080,800,5020 - 46020,81 - 670,250,82,113300
1641,ВКОП,ВКОП 30-160-080-3,ВКОП 30-160-080,800,4440 - 39740,95 - 664,4000,79,180100
1642,ВКОП,ВКОП 30-160-080-2,ВКОП 30-160-080,800,4900 - 34090,82 - 694,5500,89,207100
1643,ВКОП,ВКОП 30-160-080-3,ВКОП 30-160-080,800,4080 - 41810,85 - 718,3000,70,153700
1644,ВКОП,ВКОП 30-160-080-2,ВКОП 30-160-080,800,4850 - 34120,97 - 655,180,91,123500
1645,ВКОП,ВКОП 30-160-080-3,ВКОП 30-160-080,800,4450 - 37790,82 - 656,180,71,123200
1646,ВКОП,ВКОП 30-160-080-4,ВКОП 30-160-080,800,3840 - 32640,96 - 689,370,99,125000
1647,ВКОП,ВКОП 30-160-080-5,ВКОП 30-160-080,800,4390 - 34150,90 - 664,2200,103,142400
1648,ВКОП,ВКОП 30-160-080-4,ВКОП 30-160-080,800,4760 - 40680,91 - 672,1100,101,122000
1649,ВКОП,ВКОП 30-160-080-1,ВКОП 30-160-080,800,4040 - 32580,84 - 772,180,103,118500
1650,ВКОП,ВКОП 30-160-080-4,ВКОП 30-160-080,800,5080 - 37800,90 - 749,1100,102,122000
1651,ВКОП,ВКОП 30-160-080-3,ВКОП 30-160-080,800,4200 - 37480,89 - 700,4000,90,185300
1652,ВКОП,ВКОП 30-160-080-4,ВКОП 30-160-080,800,4800 - 37860,97 - 760,550,99,120000
1653,ВКОП,ВКОП 30-160-080-4,ВКОП 30-160-080,800,5000 - 36250,85 - 749,180,91,109600
1654,ВКОП,ВКОП 30-160-080-4,ВКОП 30-160-080,800,4200 - 38100,93 - 644,11000,100,294100
1655,ВКОП,ВКОП 30-160-080-3,ВКОП 30-160-080,800,4300 - 37080,81 - 761,7500,75,239200
1656,ВКОП,ВКОП 30-160-080-3,ВКОП 30-160-080,800,5220 - 36960,89 - 725,370,78,112600
1657,ВКОП,ВКОП 30-160-080-4,ВКОП 30-160-080,800,5280 - 43470,88 - 722,1500,98,140600
1658,ВКОП,ВКОП 30-160-080-3,ВКОП 30-160-080,800,5170 - 35200,88 - 719,750,71,126300
1659,ВКОП,ВКОП 30-160-080-2,ВКОП 30-160-080,800,4890 - 47650,86 - 643,4000,79,167700
1660,ВКОП,ВКОП 30-160-080-5,ВКОП 30-160-080,800,3840 - 37810,83 - 772,5500,103,206300
1661,ВКОП,ВКОП 30-160-080-5,ВКОП 30-160-080,800,4940 - 35900,81 - 681,550,94,117400
1662,ВКОП,ВКОП 30-160-080-3,ВКОП 30-160-080,800,5230 - 42010,88 - 738,180,90,105400
1663,ВКОП,ВКОП 30-160-080-1,ВКОП 30-160-080,800,4590 - 39910,87 - 728,7500,91,226300
1664,ВКОП,ВКОП 30-160-080-5,ВКОП 30-160-080,800,4990 - 39500,83 - 680,5500,80,197900
1665,ВКОП,ВКОП 30-160-080-2,ВКОП 30-160-080,800,4350 - 37920,93 - 751,11000,91,284800
1666,ВКОП,ВКОП 30-160-090-4,ВКОП 30-160-090,900,4440 - 37450,99 - 843,550,93,129400
1667,ВКОП,ВКОП 30-160-090-3,ВКОП 30-160-090,900,5170 - 49640,105 - 852,750,83,125900
1668,ВКОП,ВКОП 30-160-090-1,ВКОП 30-160-090,900,4730 - 37330,103 - 878,370,72,126000
1669,ВКОП,ВКОП 30-160-090-3,ВКОП 30-160-090,900,4330 - 36980,94 - 744,15000,100,372700
1670,ВКОП,ВКОП 30-160-090-1,ВКОП 30-160-090,900,5230 - 42270,103 - 790,1500,99,150100
1671,ВКОП,ВКОП 30-160-090-4,ВКОП 30-160-090,900,4170 - 38920,99 - 740,550,105,137100
1672,ВКОП,ВКОП 30-160-090-2,ВКОП 30-160-090,900,5860 - 41130,91 - 751,4000,94,195300
1673,ВКОП,ВКОП 30-160-090-3,ВКОП 30-160-090,900,5210 - 40020,107 - 839,5500,88,205800
1674,ВКОП,ВКОП 30-160-090-1,ВКОП 30-160-090,900,4950 - 40910,91 - 760,180,71,128800
1675,ВКОП,ВКОП 30-160-090-3,ВКОП 30-160-090,900,4100 - 44340,101 - 806,3000,79,179000
1676,ВКОП,ВКОП 30-160-090-1,ВКОП 30-160-090,900,4230 - 39780,91 - 795,1100,77,146600
1677,ВКОП,ВКОП 30-160-090-4,ВКОП 30-160-090,900,4800 - 52440,102 - 724,2200,77,155400
1678,ВКОП,ВКОП 30-160-090-5,ВКОП 30-160-090,900,5950 - 52150,99 - 781,5500,82,217400
1679,ВКОП,ВКОП 30-160-090-2,ВКОП 30-160-090,900,5350 - 44160,103 - 754,4000,96,185000
1680,ВКОП,ВКОП 30-160-090-4,ВКОП 30-160-090,900,5950 - 52350,107 - 834,250,93,124900
1681,ВКОП,ВКОП 30-160-090-2,ВКОП 30-160-090,900,4130 - 53040,91 - 820,370,75,125000
1682,ВКОП,ВКОП 30-160-090-4,ВКОП 30-160-090,900,5170 - 39180,93 - 760,7500,80,250200
1683,ВКОП,ВКОП 30-160-090-2,ВКОП 30-160-090,900,5850 - 39070,91 - 850,1500,78,156500
1684,ВКОП,ВКОП 30-160-090-1,ВКОП 30-160-090,900,5600 - 48300,108 - 731,1100,101,145400
1685,ВКОП,ВКОП 30-160-090-3,ВКОП 30-160-090,900,4640 - 36990,91 - 766,2200,79,155700
1686,ВКОП,ВКОП 30-160-090-4,ВКОП 30-160-090,900,4310 - 44880,97 - 779,370,81,135300
1687,ВКОП,ВКОП 30-160-090-1,ВКОП 30-160-090,900,4630 - 37320,101 - 874,750,74,142100
1688,ВКОП,ВКОП 30-160-090-5,ВКОП 30-160-090,900,5420 - 37580,109 - 875,250,72,129200
1689,ВКОП,ВКОП 30-160-090-4,ВКОП 30-160-090,900,5020 - 49090,99 - 841,180,82,131800
1690,ВКОП,ВКОП 30-160-090-1,ВКОП 30-160-090,900,4020 - 47710,93 - 750,250,90,133700
1691,ВКОП,ВКОП 30-160-090-5,ВКОП 30-160-090,900,5430 - 46070,106 - 765,1500,83,156000
1692,ВКОП,ВКОП 30-160-090-1,ВКОП 30-160-090,900,4390 - 44880,107 - 749,1100,92,147800
1693,ВКОП,ВКОП 30-160-090-5,ВКОП 30-160-090,900,4820 - 36330,99 - 730,2200,85,158600
1694,ВКОП,ВКОП 30-160-090-1,ВКОП 30-160-090,900,5660 - 40460,105 - 869,750,79,137600
1695,ВКОП,ВКОП 30-160-090-1,ВКОП 30-160-090,900,5190 - 39830,103 - 790,5500,91,215200
1696,ВКОП,ВКОП 30-160-090-2,ВКОП 30-160-090,900,4530 - 52420,103 - 792,250,80,123500
1697,ВКОП,ВКОП 30-160-090-5,ВКОП 30-160-090,900,5630 - 46260,99 - 836,4000,77,182100
1698,ВКОП,ВКОП 30-160-090-1,ВКОП 30-160-090,900,4160 - 39200,103 - 834,180,105,123500
1699,ВКОП,ВКОП 30-160-090-2,ВКОП 30-160-090,900,4050 - 40080,109 - 791,4000,101,187200
1700,ВКОП,ВКОП 30-160-090-4,ВКОП 30-160-090,900,5290 - 45870,103 - 750,2200,94,160600
1701,ВКОП,ВКОП 30-160-090-5,ВКОП 30-160-090,900,4640 - 46880,104 - 755,550,80,121000
1702,ВКОП,ВКОП 30-160-090-5,ВКОП 30-160-090,900,5240 - 42950,106 - 857,1100,71,141000
1703,ВКОП,ВКОП 30-160-090-4,ВКОП 30-160-090,900,5360 - 45500,100 - 872,3000,77,177300
1704,ВКОП,ВКОП 30-160-090-1,ВКОП 30-160-090,900,4310 - 46850,103 - 813,370,83,138400
1705,ВКОП,ВКОП 30-160-090-4,ВКОП 30-160-090,900,4650 - 38330,104 - 804,250,96,128800
1706,ВКОП,ВКОП 30-160-090-1,ВКОП 30-160-090,900,5920 - 38630,93 - 730,3000,98,176900
1707,ВКОП,ВКОП 30-160-090-3,ВКОП 30-160-090,900,5590 - 42250,91 - 867,1100,83,140200
1708,ВКОП,ВКОП 30-160-090-4,ВКОП 30-160-090,900,4960 - 47130,101 - 767,7500,105,238000
1709,ВКОП,ВКОП 30-160-090-4,ВКОП 30-160-090,900,4620 - 45040,107 - 785,15000,87,369900
1710,ВКОП,ВКОП 30-160-090-3,ВКОП 30-160-090,900,4750 - 39850,107 - 844,180,73,120800
1711,ВКОП,ВКОП 30-160-090-5,ВКОП 30-160-090,900,5320 - 42020,97 - 779,1500,72,152600
1712,ВКОП,ВКОП 30-160-090-1,ВКОП 30-160-090,900,5730 - 47870,98 - 836,250,103,124200
1713,ВКОП,ВКОП 30-160-090-3,ВКОП 30-160-090,900,5580 - 47410,93 - 871,7500,82,236600
1714,ВКОП,ВКОП 30-160-090-4,ВКОП 30-160-090,900,4280 - 37480,109 - 846,15000,91,373400
1715,ВКОП,ВКОП 30-160-090-2,ВКОП 30-160-090,900,5000 - 51990,96 - 808,250,70,126300
1716,ВКОП,ВКОП 30-160-090-2,ВКОП 30-160-090,900,5430 - 47500,109 - 747,4000,88,187300
1717,ВКОП,ВКОП 30-160-090-3,ВКОП 30-160-090,900,5630 - 45720,91 - 862,11000,87,303700
1718,ВКОП,ВКОП 30-160-090-1,ВКОП 30-160-090,900,5430 - 43530,93 - 730,3000,100,161100
1719,ВКОП,ВКОП 30-160-090-3,ВКОП 30-160-090,900,5580 - 45230,106 - 765,250,87,119700
1720,ВКОП,ВКОП 30-160-090-3,ВКОП 30-160-090,900,5490 - 47810,102 - 783,15000,99,374000
1721,ВКОП,ВКОП 30-160-090-5,ВКОП 30-160-090,900,5360 - 36680,91 - 765,4000,99,185800
1722,ВКОП,ВКОП 30-160-090-3,ВКОП 30-160-090,900,5130 - 47950,90 - 805,550,79,136600
1723,ВКОП,ВКОП 30-160-090-5,ВКОП 30-160-090,900,4680 - 38050,91 - 729,180,74,126000
1724,ВКОП,ВКОП 30-160-090-4,ВКОП 30-160-090,900,5080 - 44820,107 - 839,2200,100,153600
1725,ВКОП,ВКОП 30-160-090-4,ВКОП 30-160-090,900,5590 - 42820,101 - 729,370,103,129900
1726,ВКОП,ВКОП 30-160-090-1,ВКОП 30-160-090,900,5370 - 36980,104 - 869,15000,70,356600
1727,ВКОП,ВКОП 30-160-090-4,ВКОП 30-160-090,900,4340 - 49930,102 - 744,180,81,123700
1728,ВКОП,ВКОП 30-160-090-3,ВКОП 30-160-090,900,4950 - 42210,95 - 878,7500,85,251900
1729,ВКОП,ВКОП 30-160-090-1,ВКОП 30-160-090,900,4740 - 39090,95 - 791,5500,82,205000
1730,ВКОП,ВКОП 30-160-090-5,ВКОП 30-160-090,900,5440 - 48580,109 - 778,250,98,116200
1731,ВКОП,ВКОП 30-160-090-2,ВКОП 30-160-090,900,5480 - 36010,108 - 728,750,101,137400
1732,ВКОП,ВКОП 30-160-090-1,ВКОП 30-160-090,900,4110 - 39450,98 - 787,1500,81,138100
1733,ВКОП,ВКОП 30-160-090-1,ВКОП 30-160-090,900,5520 - 51480,105 - 836,180,86,122800
1734,ВКОП,ВКОП 30-160-090-4,ВКОП 30-160-090,900,5250 - 44240,102 - 725,7500,70,245700
1735,ВКОП,ВКОП 30-160-090-5,ВКОП 30-160-090,900,4930 - 53430,98 - 785,4000,74,192400
1736,ВКОП,ВКОП 30-160-090-2,ВКОП 30-160-090,900,4170 - 40520,99 - 766,3000,102,165700
1737,ВКОП,ВКОП 30-160-090-4,ВКОП 30-160-090,900,4020 - 40120,96 - 822,1500,87,144600
1738,ВКОП,ВКОП 30-160-090-4,ВКОП 30-160-090,900,5300 - 51350,109 - 828,2200,93,155900
1739,ВКОП,ВКОП 30-160-090-5,ВКОП 30-160-090,900,4320 - 37250,105 - 803,180,80,124900
1740,ВКОП,ВКОП 30-160-090-5,ВКОП 30-160-090,900,5740 - 37760,104 - 776,250,98,131700
1741,ВКОП,ВКОП 30-160-090-5,ВКОП 30-160-090,900,5230 - 42920,107 - 779,250,77,117200
1742,ВКОП,ВКОП 30-160-090-4,ВКОП 30-160-090,900,4130 - 46050,95 - 779,1100,96,150500
1743,ВКОП,ВКОП 30-160-090-1,ВКОП 30-160-090,900,5840 - 53040,104 - 874,4000,77,186100
1744,ВКОП,ВКОП 30-160-090-4,ВКОП 30-160-090,900,5300 - 41380,104 - 829,1500,94,136200
1745,ВКОП,ВКОП 30-160-090-2,ВКОП 30-160-090,900,5470 - 53870,104 - 832,370,104,135800
1746,ВКОП,ВКОП 30-160-090-4,ВКОП 30-160-090,900,5040 - 49370,100 - 812,750,95,134400
1747,ВКОП,ВКОП 30-160-090-4,ВКОП 30-160-090,900,5790 - 50070,92 - 769,11000,78,309400
1748,ВКОП,ВКОП 30-160-090-5,ВКОП 30-160-090,900,5560 - 37700,101 - 806,250,79,129900
1749,ВКОП,ВКОП 30-160-090-2,ВКОП 30-160-090,900,4720 - 49090,96 - 826,370,85,128000
1750,ВКОП,ВКОП 30-160-090-2,ВКОП 30-160-090,900,5860 - 52920,101 - 785,7500,105,237400
1751,ВКОП,ВКОП 30-160-090-4,ВКОП 30-160-090,900,5760 - 46700,107 - 816,1100,78,131600
1752,ВКОП,ВКОП 30-160-090-1,ВКОП 30-160-090,900,5190 - 36420,102 - 765,11000,91,294000
1753,ВКОП,ВКОП 30-160-090-4,ВКОП 30-160-090,900,4030 - 37940,92 - 868,180,88,133100
1754,ВКОП,ВКОП 30-160-090-3,ВКОП 30-160-090,900,4390 - 41090,96 - 741,370,96,130700
1755,ВКОП,ВКОП 30-160-090-1,ВКОП 30-160-090,900,5960 - 37730,98 - 729,550,100,133700
1756,ВКОП,ВКОП 30-160-090-1,ВКОП 30-160-090,900,5780 - 43970,91 - 832,4000,88,185300
1757,ВКОП,ВКОП 30-160-090-4,ВКОП 30-160-090,900,4710 - 49350,100 - 820,180,92,119400
1758,ВКОП,ВКОП 30-160-090-5,ВКОП 30-160-090,900,4970 - 47470,102 - 786,3000,82,167000
1759,ВКОП,ВКОП 30-160-090-4,ВКОП 30-160-090,900,4550 - 37670,109 - 859,11000,80,294600
1760,ВКОП,ВКОП 30-160-090-4,ВКОП 30-160-090,900,5410 - 48240,101 - 834,180,76,118200
1761,ВКОП,ВКОП 30-160-090-3,ВКОП 30-160-090,900,4630 - 52400,108 - 852,750,90,126100
1762,ВКОП,ВКОП 30-160-090-4,ВКОП 30-160-090,900,4480 - 41090,98 - 874,11000,83,300600
1763,ВКОП,ВКОП 30-160-090-4,ВКОП 30-160-090,900,4500 - 37750,99 - 801,2200,77,168200
1764,ВКОП,ВКОП 30-160-090-1,ВКОП 30-160-090,900,4050 - 36210,101 - 729,15000,83,371100
1765,ВКОП,ВКОП 30-160-090-1,ВКОП 30-160-090,900,5510 - 51030,94 - 732,3000,80,167800
1766,ВКОП,ВКОП 30-160-090-4,ВКОП 30-160-090,900,4390 - 47290,105 - 743,4000,73,187400
1767,ВКОП,ВКОП 30-160-090-2,ВКОП 30-160-090,900,5710 - 36020,100 - 844,550,94,123200
1768,ВКОП,ВКОП 30-160-090-3,ВКОП 30-160-090,900,5130 - 44350,95 - 812,180,95,120300
1769,ВКОП,ВКОП 30-160-090-3,ВКОП 30-160-090,900,5730 - 36460,93 - 841,180,72,133300
1770,ВКОП,ВКОП 30-160-090-5,ВКОП 30-160-090,900,5550 - 36980,90 - 842,250,73,127600
1771,ВКОП,ВКОП 30-160-090-5,ВКОП 30-160-090,900,4630 - 39530,103 - 869,750,105,129200
1772,ВКОП,ВКОП 30-160-090-5,ВКОП 30-160-090,900,4660 - 46300,108 - 850,250,81,135600
1773,ВКОП,ВКОП 30-160-090-4,ВКОП 30-160-090,900,5890 - 48340,97 - 842,7500,92,246600
1774,ВО,ВО 30-160-031-3,ВО 30-160-031,315,290 - 18640,12 - 375,7500,73,96800
1775,ВО,ВО 30-160-031-3,ВО 30-160-031,315,360 - 19140,11 - 399,370,76,37000
1776,ВО,ВО 30-160-031-1,ВО 30-160-031,315,290 - 16150,11 - 400,15000,78,165600
1777,ВО,ВО 30-160-031-3,ВО 30-160-031,315,410 - 22060,11 - 370,550,90,36100
1778,ВО,ВО 30-160-031-5,ВО 30-160-031,315,280 - 19150,12 - 386,750,103,41700
1779,ВО,ВО 30-160-031-4,ВО 30-160-031,315,400 - 20480,11 - 373,2200,90,46800
1780,ВО,ВО 30-160-031-5,ВО 30-160-031,315,310 - 20520,12 - 370,7500,91,103000
1781,ВО,ВО 30-160-031-2,ВО 30-160-031,315,400 - 18460,11 - 402,11000,80,135500
1782,ВО,ВО 30-160-031-2,ВО 30-160-031,315,400 - 21900,12 - 381,11000,86,127700
1783,ВО,ВО 30-160-031-3,ВО 30-160-031,315,320 - 15360,11 - 423,5500,105,78600
1784,ВО,ВО 30-160-031-3,ВО 30-160-031,315,300 - 20520,10 - 427,250,92,31200
1785,ВО,ВО 30-160-031-2,ВО 30-160-031,315,400 - 17070,11 - 421,2200,84,51700
1786,ВО,ВО 30-160-031-4,ВО 30-160-031,315,420 - 17770,10 - 416,550,104,43400
1787,ВО,ВО 30-160-031-2,ВО 30-160-031,315,360 - 17360,10 - 364,5500,83,85800
1788,ВО,ВО 30-160-031-3,ВО 30-160-031,315,360 - 18560,11 - 387,11000,105,129900
1789,ВО,ВО 30-160-031-4,ВО 30-160-031,315,300 - 16170,12 - 361,7500,75,95200
1790,ВО,ВО 30-160-031-5,ВО 30-160-031,315,280 - 18090,12 - 383,250,99,39800
1791,ВО,ВО 30-160-031-5,ВО 30-160-031,315,390 - 16240,11 - 426,2200,87,49800
1792,ВО,ВО 30-160-031-2,ВО 30-160-031,315,300 - 17440,11 - 407,250,98,39500
1793,ВО,ВО 30-160-031-1,ВО 30-160-031,315,350 - 16230,11 - 416,250,85,31000
1794,ВО,ВО 30-160-031-4,ВО 30-160-031,315,290 - 21560,10 - 372,5500,105,81100
1795,ВО,ВО 30-160-031-4,ВО 30-160-031,315,400 - 22010,12 - 387,370,90,35500
1796,ВО,ВО 30-160-031-5,ВО 30-160-031,315,410 - 21590,11 - 405,15000,89,168600
1797,ВО,ВО 30-160-031-3,ВО 30-160-031,315,380 - 17540,10 - 419,15000,71,173700
1798,ВО,ВО 30-160-031-5,ВО 30-160-031,315,410 - 20900,12 - 370,1100,103,43900
1799,ВО,ВО 30-160-031-1,ВО 30-160-031,315,360 - 16170,11 - 403,180,104,29700
1800,ВО,ВО 30-160-031-5,ВО 30-160-031,315,300 - 20840,10 - 407,11000,103,137700
1801,ВО,ВО 30-160-031-5,ВО 30-160-031,315,340 - 20780,11 - 390,15000,104,167200
1802,ВО,ВО 30-160-031-3,ВО 30-160-031,315,360 - 15650,11 - 389,550,71,40800
1803,ВО,ВО 30-160-031-2,ВО 30-160-031,315,410 - 15560,10 - 377,11000,78,130100
1804,ВО,ВО 30-160-031-4,ВО 30-160-031,315,370 - 18730,11 - 385,370,75,34000
1805,ВО,ВО 30-160-031-2,ВО 30-160-031,315,310 - 19560,12 - 381,1100,81,37200
1806,ВО,ВО 30-160-031-3,ВО 30-160-031,315,380 - 16310,12 - 421,370,86,32400
1807,ВО,ВО 30-160-031-2,ВО 30-160-031,315,400 - 18400,12 - 396,180,88,38100
1808,ВО,ВО 30-160-031-4,ВО 30-160-031,315,290 - 15680,10 - 407,750,86,43100
1809,ВО,ВО 30-160-031-2,ВО 30-160-031,315,280 - 18080,11 - 427,4000,97,68800
1810,ВО,ВО 30-160-031-3,ВО 30-160-031,315,310 - 17570,12 - 409,1500,84,48200
1811,ВО,ВО 30-160-031-3,ВО 30-160-031,315,400 - 19890,12 - 403,11000,93,126500
1812,ВО,ВО 30-160-031-3,ВО 30-160-031,315,330 - 17150,11 - 381,3000,91,55500
1813,ВО,ВО 30-160-031-1,ВО 30-160-031,315,320 - 18590,11 - 408,1100,73,48500
1814,ВО,ВО 30-160-031-4,ВО 30-160-031,315,410 - 20740,11 - 412,3000,90,61000
1815,ВО,ВО 30-160-031-1,ВО 30-160-031,315,320 - 21520,12 - 365,1100,95,41500
1816,ВО,ВО 30-160-031-2,ВО 30-160-031,315,370 - 21520,12 - 410,3000,72,61900
1817,ВО,ВО 30-160-031-2,ВО 30-160-031,315,320 - 20950,12 - 368,750,75,41200
1818,ВО,ВО 30-160-031-3,ВО 30-160-031,315,290 - 21670,11 - 393,180,72,34000
1819,ВО,ВО 30-160-031-5,ВО 30-160-031,315,370 - 18750,11 - 425,550,75,37900
1820,ВО,ВО 30-160-031-5,ВО 30-160-031,315,400 - 21920,11 - 383,1500,93,45400
1821,ВО,ВО 30-160-031-5,ВО 30-160-031,315,280 - 18410,11 - 360,2200,91,49500
1822,ВО,ВО 30-160-031-1,ВО 30-160-031,315,370 - 18720,11 - 407,1500,90,40600
1823,ВО,ВО 30-160-031-3,ВО 30-160-031,315,400 - 21490,12 - 396,370,97,36400
1824,ВО,ВО 30-160-031-2,ВО 30-160-031,315,410 - 21540,12 - 400,4000,76,73200
1825,ВО,ВО 30-160-031-4,ВО 30-160-031,315,350 - 21240,11 - 361,4000,93,73600
1826,ВО,ВО 30-160-031-2,ВО 30-160-031,315,390 - 20450,11 - 428,750,99,40900
1827,ВО,ВО 30-160-031-3,ВО 30-160-031,315,380 - 17360,10 - 402,750,78,38900
1828,ВО,ВО 30-160-031-2,ВО 30-160-031,315,410 - 19300,11 - 373,550,94,41200
1829,ВО,ВО 30-160-031-3,ВО 30-160-031,315,400 - 17460,10 - 382,550,103,40800
1830,ВО,ВО 30-160-031-1,ВО 30-160-031,315,300 - 18090,10 - 423,1100,104,42700
1831,ВО,ВО 30-160-031-5,ВО 30-160-031,315,290 - 20650,11 - 391,750,97,37100
1832,ВО,ВО 30-160-031-4,ВО 30-160-031,315,420 - 22060,11 - 385,250,81,29500
1833,ВО,ВО 30-160-031-5,ВО 30-160-031,315,350 - 19660,12 - 357,4000,80,71900
1834,ВО,ВО 30-160-031-2,ВО 30-160-031,315,390 - 17790,12 - 354,15000,71,170400
1835,ВО,ВО 30-160-031-5,ВО 30-160-031,315,340 - 18390,12 - 408,550,75,41500
1836,ВО,ВО 30-160-031-4,ВО 30-160-031,315,370 - 19860,12 - 364,370,93,30400
1837,ВО,ВО 30-160-031-3,ВО 30-160-031,315,340 - 21780,11 - 373,4000,99,64300
1838,ВО,ВО 30-160-031-2,ВО 30-160-031,315,410 - 16170,12 - 432,1500,88,49200
1839,ВО,ВО 30-160-031-2,ВО 30-160-031,315,290 - 19270,11 - 397,1100,77,37600
1840,ВО,ВО 30-160-031-5,ВО 30-160-031,315,420 - 17840,11 - 356,2200,96,46900
1841,ВО,ВО 30-160-031-4,ВО 30-160-031,315,370 - 22570,11 - 403,370,93,38400
1842,ВО,ВО 30-160-031-2,ВО 30-160-031,315,300 - 20660,10 - 387,750,90,34900
1843,ВО,ВО 30-160-031-1,ВО 30-160-031,315,360 - 20800,12 - 400,5500,102,80200
1844,ВО,ВО 30-160-031-3,ВО 30-160-031,315,300 - 17350,12 - 393,11000,94,131100
1845,ВО,ВО 30-160-031-1,ВО 30-160-031,315,300 - 21740,10 - 374,1500,83,49800
1846,ВО,ВО 30-160-031-2,ВО 30-160-031,315,320 - 17690,12 - 426,1100,101,46400
1847,ВО,ВО 30-160-031-1,ВО 30-160-031,315,410 - 17740,10 - 355,15000,72,166400
1848,ВО,ВО 30-160-031-1,ВО 30-160-031,315,360 - 17640,12 - 405,1500,78,46400
1849,ВО,ВО 30-160-031-1,ВО 30-160-031,315,360 - 18820,11 - 420,750,84,44500
1850,ВО,ВО 30-160-031-5,ВО 30-160-031,315,330 - 20250,11 - 396,7500,102,95100
1851,ВО,ВО 30-160-031-5,ВО 30-160-031,315,400 - 15230,12 - 410,550,75,36900
1852,ВО,ВО 30-160-031-5,ВО 30-160-031,315,400 - 18150,10 - 374,180,82,32400
1853,ВО,ВО 30-160-031-2,ВО 30-160-031,315,280 - 21610,12 - 360,3000,86,62100
1854,ВО,ВО 30-160-031-3,ВО 30-160-031,315,390 - 16740,11 - 374,550,91,32700
1855,ВО,ВО 30-160-031-5,ВО 30-160-031,315,410 - 19220,12 - 391,4000,102,70300
1856,ВО,ВО 30-160-031-5,ВО 30-160-031,315,320 - 17470,12 - 378,370,95,33200
1857,ВО,ВО 30-160-031-2,ВО 30-160-031,315,390 - 18310,12 - 404,3000,99,62300
1858,ВО,ВО 30-160-031-4,ВО 30-160-031,315,300 - 16430,12 - 401,15000,85,171500
1859,ВО,ВО 30-160-031-4,ВО 30-160-031,315,320 - 19700,11 - 364,250,93,30100
1860,ВО,ВО 30-160-031-1,ВО 30-160-031,315,360 - 18180,12 - 381,3000,103,54800
1861,ВО,ВО 30-160-031-2,ВО 30-160-031,315,410 - 20030,11 - 355,550,81,32000
1862,ВО,ВО 30-160-031-3,ВО 30-160-031,315,320 - 17010,12 - 408,2200,102,51300
1863,ВО,ВО 30-160-031-4,ВО 30-160-031,315,400 - 19420,12 - 381,370,103,38700
1864,ВО,ВО 30-160-031-5,ВО 30-160-031,315,380 - 18360,11 - 369,180,89,36100
1865,ВО,ВО 30-160-031-3,ВО 30-160-031,315,390 - 17980,12 - 386,7500,85,97100
1866,ВО,ВО 30-160-031-1,ВО 30-160-031,315,330 - 22420,11 - 388,11000,79,131400
1867,ВО,ВО 30-160-031-4,ВО 30-160-031,315,330 - 20200,11 - 402,180,102,37400
1868,ВО,ВО 30-160-040-3,ВО 30-160-040,400,440 - 19480,14 - 539,750,91,48100
1869,ВО,ВО 30-160-040-4,ВО 30-160-040,400,440 - 22210,15 - 531,11000,93,141900
1870,ВО,ВО 30-160-040-2,ВО 30-160-040,400,400 - 20270,14 - 501,1100,86,50300
1871,ВО,ВО 30-160-040-1,ВО 30-160-040,400,390 - 22770,15 - 549,3000,82,60600
1872,ВО,ВО 30-160-040-5,ВО 30-160-040,400,500 - 24230,14 - 459,2200,88,60600
1873,ВО,ВО 30-160-040-4,ВО 30-160-040,400,360 - 24530,15 - 470,1500,105,53800
1874,ВО,ВО 30-160-040-4,ВО 30-160-040,400,530 - 26240,15 - 515,7500,83,110600
1875,ВО,ВО 30-160-040-4,ВО 30-160-040,400,360 - 25220,13 - 488,2200,77,56800
1876,ВО,ВО 30-160-040-3,ВО 30-160-040,400,390 - 24640,15 - 546,370,98,41100
1877,ВО,ВО 30-160-040-1,ВО 30-160-040,400,460 - 22950,14 - 475,550,96,45400
1878,ВО,ВО 30-160-040-4,ВО 30-160-040,400,420 - 23710,15 - 513,2200,88,54500
1879,ВО,ВО 30-160-040-1,ВО 30-160-040,400,420 - 27230,14 - 496,2200,97,52100
1880,ВО,ВО 30-160-040-2,ВО 30-160-040,400,440 - 21250,14 - 545,1100,96,43800
1881,ВО,ВО 30-160-040-5,ВО 30-160-040,400,450 - 23550,14 - 469,3000,86,63700
1882,ВО,ВО 30-160-040-4,ВО 30-160-040,400,380 - 23710,15 - 459,180,102,41400
1883,ВО,ВО 30-160-040-4,ВО 30-160-040,400,390 - 23140,16 - 537,7500,74,101600
1884,ВО,ВО 30-160-040-4,ВО 30-160-040,400,440 - 21470,15 - 479,15000,94,176900
1885,ВО,ВО 30-160-040-3,ВО 30-160-040,400,370 - 24160,14 - 466,2200,86,55800
1886,ВО,ВО 30-160-040-3,ВО 30-160-040,400,460 - 20420,13 - 481,2200,94,58700
1887,ВО,ВО 30-160-040-5,ВО 30-160-040,400,360 - 27660,14 - 528,11000,92,142500
1888,ВО,ВО 30-160-040-3,ВО 30-160-040,400,370 - 25310,13 - 522,4000,101,76100
1889,ВО,ВО 30-160-040-1,ВО 30-160-040,400,490 - 21760,15 - 544,11000,71,135500
1890,ВО,ВО 30-160-040-2,ВО 30-160-040,400,420 - 28740,14 - 472,2200,103,53500
1891,ВО,ВО 30-160-040-4,ВО 30-160-040,400,440 - 25760,15 - 454,1100,74,51900
1892,ВО,ВО 30-160-040-2,ВО 30-160-040,400,500 - 26790,15 - 500,750,82,49700
1893,ВО,ВО 30-160-040-4,ВО 30-160-040,400,520 - 26330,14 - 544,15000,83,176500
1894,ВО,ВО 30-160-040-4,ВО 30-160-040,400,490 - 25100,15 - 482,15000,82,168100
1895,ВО,ВО 30-160-040-2,ВО 30-160-040,400,440 - 20560,14 - 491,7500,93,109400
1896,ВО,ВО 30-160-040-1,ВО 30-160-040,400,370 - 23310,16 - 515,5500,78,87700
1897,ВО,ВО 30-160-040-1,ВО 30-160-040,400,460 - 27060,13 - 522,3000,104,69300
1898,ВО,ВО 30-160-040-4,ВО 30-160-040,400,510 - 20650,16 - 544,7500,96,109900
1899,ВО,ВО 30-160-040-4,ВО 30-160-040,400,440 - 23490,15 - 494,1500,84,50800
1900,ВО,ВО 30-160-040-1,ВО 30-160-040,400,360 - 27900,14 - 517,370,74,44100
1901,ВО,ВО 30-160-040-3,ВО 30-160-040,400,420 - 25520,15 - 464,750,94,47600
1902,ВО,ВО 30-160-040-1,ВО 30-160-040,400,410 - 25770,15 - 513,250,100,41700
1903,ВО,ВО 30-160-040-4,ВО 30-160-040,400,520 - 27890,15 - 470,7500,89,104400
1904,ВО,ВО 30-160-040-5,ВО 30-160-040,400,420 - 25150,13 - 482,370,100,46300
1905,ВО,ВО 30-160-040-1,ВО 30-160-040,400,470 - 21430,15 - 535,370,92,47200
1906,ВО,ВО 30-160-040-1,ВО 30-160-040,400,440 - 20050,15 - 498,1500,99,51300
1907,ВО,ВО 30-160-040-4,ВО 30-160-040,400,490 - 27400,15 - 479,370,93,36300
1908,ВО,ВО 30-160-040-4,ВО 30-160-040,400,390 - 22140,15 - 521,1500,74,46200
1909,ВО,ВО 30-160-040-3,ВО 30-160-040,400,380 - 28320,16 - 537,3000,73,59300
1910,ВО,ВО 30-160-040-2,ВО 30-160-040,400,510 - 23240,14 - 456,750,81,43100
1911,ВО,ВО 30-160-040-4,ВО 30-160-040,400,460 - 25940,15 - 462,7500,73,105600
1912,ВО,ВО 30-160-040-2,ВО 30-160-040,400,460 - 26140,14 - 505,2200,77,55700
1913,ВО,ВО 30-160-040-2,ВО 30-160-040,400,440 - 25550,14 - 487,1500,100,51700
1914,ВО,ВО 30-160-040-2,ВО 30-160-040,400,510 - 26240,15 - 474,2200,87,53700
1915,ВО,ВО 30-160-040-3,ВО 30-160-040,400,470 - 26730,14 - 458,5500,83,85000
1916,ВО,ВО 30-160-040-3,ВО 30-160-040,400,470 - 22950,13 - 469,370,73,37000
1917,ВО,ВО 30-160-040-2,ВО 30-160-040,400,420 - 27430,13 - 498,370,92,36100
1918,ВО,ВО 30-160-040-5,ВО 30-160-040,400,360 - 19640,13 - 525,750,76,42700
1919,ВО,ВО 30-160-040-5,ВО 30-160-040,400,440 - 24910,15 - 494,550,96,46300
1920,ВО,ВО 30-160-040-3,ВО 30-160-040,400,480 - 27340,14 - 484,4000,101,76700
1921,ВО,ВО 30-160-040-1,ВО 30-160-040,400,420 - 26510,13 - 503,250,71,35600
1922,ВО,ВО 30-160-040-2,ВО 30-160-040,400,380 - 25050,16 - 545,180,105,43200
1923,ВО,ВО 30-160-040-3,ВО 30-160-040,400,380 - 19720,14 - 484,1500,87,48200
1924,ВО,ВО 30-160-040-2,ВО 30-160-040,400,500 - 27850,14 - 460,550,70,46100
1925,ВО,ВО 30-160-040-3,ВО 30-160-040,400,490 - 26790,14 - 506,250,83,43700
1926,ВО,ВО 30-160-040-4,ВО 30-160-040,400,470 - 23910,14 - 513,4000,80,70700
1927,ВО,ВО 30-160-040-4,ВО 30-160-040,400,490 - 26160,13 - 548,7500,105,104900
1928,ВО,ВО 30-160-040-2,ВО 30-160-040,400,460 - 26210,15 - 452,1500,88,51400
1929,ВО,ВО 30-160-040-5,ВО 30-160-040,400,380 - 21350,14 - 523,370,77,40400
1930,ВО,ВО 30-160-040-2,ВО 30-160-040,400,380 - 20420,15 - 478,11000,102,137300
1931,ВО,ВО 30-160-040-1,ВО 30-160-040,400,500 - 19600,14 - 529,15000,97,177800
1932,ВО,ВО 30-160-040-4,ВО 30-160-040,400,370 - 20520,15 - 523,5500,98,92100
1933,ВО,ВО 30-160-040-3,ВО 30-160-040,400,400 - 27370,14 - 535,250,83,39000
1934,ВО,ВО 30-160-040-5,ВО 30-160-040,400,360 - 28050,16 - 473,5500,91,84900
1935,ВО,ВО 30-160-040-4,ВО 30-160-040,400,520 - 22110,14 - 452,370,76,36300
1936,ВО,ВО 30-160-040-4,ВО 30-160-040,400,510 - 22470,13 - 509,4000,103,75500
1937,ВО,ВО 30-160-040-5,ВО 30-160-040,400,480 - 26230,16 - 516,180,88,36600
1938,ВО,ВО 30-160-040-1,ВО 30-160-040,400,470 - 19440,14 - 548,180,97,42900
1939,ВО,ВО 30-160-040-1,ВО 30-160-040,400,420 - 20480,15 - 491,1500,75,53800
1940,ВО,ВО 30-160-040-2,ВО 30-160-040,400,380 - 22600,15 - 540,370,78,37500
1941,ВО,ВО 30-160-040-2,ВО 30-160-040,400,380 - 28160,14 - 521,180,103,39900
1942,ВО,ВО 30-160-040-1,ВО 30-160-040,400,470 - 19220,14 - 531,2200,79,56400
1943,ВО,ВО 30-160-040-5,ВО 30-160-040,400,460 - 22250,15 - 507,2200,73,54200
1944,ВО,ВО 30-160-040-1,ВО 30-160-040,400,400 - 25840,15 - 495,550,80,46100
1945,ВО,ВО 30-160-040-2,ВО 30-160-040,400,390 - 25120,15 - 505,15000,75,169500
1946,ВО,ВО 30-160-040-1,ВО 30-160-040,400,500 - 19830,16 - 548,3000,101,64800
1947,ВО,ВО 30-160-040-5,ВО 30-160-040,400,440 - 22260,13 - 473,7500,95,103700
1948,ВО,ВО 30-160-040-3,ВО 30-160-040,400,470 - 26190,16 - 545,7500,79,110600
1949,ВО,ВО 30-160-040-3,ВО 30-160-040,400,440 - 19960,13 - 543,550,86,38800
1950,ВО,ВО 30-160-040-2,ВО 30-160-040,400,380 - 20440,14 - 526,7500,105,108300
1951,ВО,ВО 30-160-040-5,ВО 30-160-040,400,410 - 27350,15 - 512,5500,74,81600
1952,ВО,ВО 30-160-040-4,ВО 30-160-040,400,470 - 22220,13 - 521,550,84,44100
1953,ВО,ВО 30-160-040-5,ВО 30-160-040,400,360 - 22420,15 - 499,15000,84,173300
1954,ВО,ВО 30-160-040-4,ВО 30-160-040,400,430 - 22200,15 - 531,3000,86,66100
1955,ВО,ВО 30-160-040-2,ВО 30-160-040,400,360 - 25390,16 - 534,7500,81,102300
1956,ВО,ВО 30-160-040-2,ВО 30-160-040,400,480 - 21220,13 - 538,1500,102,51300
1957,ВО,ВО 30-160-040-2,ВО 30-160-040,400,430 - 24050,15 - 464,2200,83,61200
1958,ВО,ВО 30-160-040-2,ВО 30-160-040,400,420 - 21390,14 - 493,4000,96,71000
1959,ВО,ВО 30-160-040-3,ВО 30-160-040,400,500 - 27240,15 - 533,550,87,40600
1960,ВО,ВО 30-160-040-5,ВО 30-160-040,400,360 - 26310,16 - 470,250,95,40600
1961,ВО,ВО 30-160-040-3,ВО 30-160-040,400,450 - 21910,14 - 467,3000,83,65200
1962,ВО,ВО 30-160-040-2,ВО 30-160-040,400,380 - 26390,13 - 459,15000,82,178700
1963,ВО,ВО 30-160-040-4,ВО 30-160-040,400,470 - 20940,14 - 549,3000,99,60100
1964,ВО,ВО 30-160-040-3,ВО 30-160-040,400,510 - 25730,13 - 452,370,86,36400
1965,ВО,ВО 30-160-040-1,ВО 30-160-040,400,440 - 24910,14 - 451,550,99,44800
1966,ВО,ВО 30-160-040-4,ВО 30-160-040,400,530 - 20860,16 - 490,15000,84,168900
1967,ВО,ВО 30-160-040-2,ВО 30-160-040,400,420 - 24960,14 - 516,370,72,36200
1968,ВО,ВО 30-160-040-3,ВО 30-160-040,400,450 - 21890,14 - 505,7500,99,110900
1969,ВО,ВО 30-160-040-4,ВО 30-160-040,400,390 - 20310,13 - 466,750,75,47800
1970,ВО,ВО 30-160-040-1,ВО 30-160-040,400,480 - 20870,15 - 509,3000,76,64000
1971,ВО,ВО 30-160-040-5,ВО 30-160-040,400,460 - 27780,15 - 479,750,79,49100
1972,ВО,ВО 30-160-040-2,ВО 30-160-040,400,490 - 23810,15 - 491,250,98,44000
1973,ВО,ВО 30-160-050-4,ВО 30-160-050,500,600 - 32170,19 - 615,750,85,54800
1974,ВО,ВО 30-160-050-5,ВО 30-160-050,500,590 - 25490,17 - 647,5500,72,91700
1975,ВО,ВО 30-160-050-4,ВО 30-160-050,500,640 - 31920,17 - 601,2200,82,58200
1976,ВО,ВО 30-160-050-2,ВО 30-160-050,500,610 - 29550,19 - 586,2200,98,66500
1977,ВО,ВО 30-160-050-2,ВО 30-160-050,500,570 - 32210,17 - 605,550,99,51000
1978,ВО,ВО 30-160-050-5,ВО 30-160-050,500,540 - 29930,18 - 681,5500,71,88200
1979,ВО,ВО 30-160-050-2,ВО 30-160-050,500,540 - 27130,19 - 648,4000,89,80600
1980,ВО,ВО 30-160-050-3,ВО 30-160-050,500,670 - 34110,19 - 581,250,89,52000
1981,ВО,ВО 30-160-050-5,ВО 30-160-050,500,490 - 26960,17 - 680,370,77,46400
1982,ВО,ВО 30-160-050-3,ВО 30-160-050,500,570 - 25180,20 - 623,3000,84,67300
1983,ВО,ВО 30-160-050-1,ВО 30-160-050,500,540 - 34940,19 - 682,1100,87,59000
1984,ВО,ВО 30-160-050-2,ВО 30-160-050,500,570 - 26520,17 - 636,3000,84,76300
1985,ВО,ВО 30-160-050-1,ВО 30-160-050,500,530 - 26850,18 - 643,370,79,41900
1986,ВО,ВО 30-160-050-2,ВО 30-160-050,500,520 - 28870,18 - 597,1100,87,57100
1987,ВО,ВО 30-160-050-4,ВО 30-160-050,500,510 - 31330,18 - 588,3000,88,68100
1988,ВО,ВО 30-160-050-2,ВО 30-160-050,500,450 - 28570,17 - 646,180,95,44500
1989,ВО,ВО 30-160-050-3,ВО 30-160-050,500,510 - 25570,17 - 684,550,96,51500
1990,ВО,ВО 30-160-050-5,ВО 30-160-050,500,520 - 30530,18 - 639,1500,78,55700
1991,ВО,ВО 30-160-050-3,ВО 30-160-050,500,460 - 28520,19 - 580,370,97,42800
1992,ВО,ВО 30-160-050-3,ВО 30-160-050,500,490 - 28900,18 - 650,550,91,47100
1993,ВО,ВО 30-160-050-1,ВО 30-160-050,500,590 - 26500,18 - 681,4000,105,82200
1994,ВО,ВО 30-160-050-5,ВО 30-160-050,500,480 - 32030,18 - 624,370,80,48900
1995,ВО,ВО 30-160-050-1,ВО 30-160-050,500,650 - 27990,18 - 629,7500,94,112800
1996,ВО,ВО 30-160-050-3,ВО 30-160-050,500,580 - 28810,18 - 663,550,71,47000
1997,ВО,ВО 30-160-050-4,ВО 30-160-050,500,600 - 27310,19 - 677,5500,75,87900
1998,ВО,ВО 30-160-050-5,ВО 30-160-050,500,670 - 26470,19 - 569,15000,88,177400
1999,ВО,ВО 30-160-050-4,ВО 30-160-050,500,570 - 35500,20 - 595,4000,102,76200
2000,ВО,ВО 30-160-050-1,ВО 30-160-050,500,660 - 33790,18 - 587,370,94,49600
2001,ВО,ВО 30-160-050-4,ВО 30-160-050,500,540 - 27010,19 - 683,1100,80,51200
2002,ВО,ВО 30-160-050-1,ВО 30-160-050,500,550 - 30650,18 - 564,750,81,50800
2003,ВО,ВО 30-160-050-2,ВО 30-160-050,500,510 - 28560,19 - 582,2200,79,67900
2004,ВО,ВО 30-160-050-4,ВО 30-160-050,500,520 - 35570,17 - 615,1100,103,49600
2005,ВО,ВО 30-160-050-4,ВО 30-160-050,500,670 - 25150,17 - 637,1500,91,60700
2006,ВО,ВО 30-160-050-1,ВО 30-160-050,500,640 - 28440,20 - 615,4000,82,78600
2007,ВО,ВО 30-160-050-1,ВО 30-160-050,500,610 - 31690,20 - 564,180,95,48100
2008,ВО,ВО 30-160-050-1,ВО 30-160-050,500,630 - 30860,18 - 667,11000,78,148900
2009,ВО,ВО 30-160-050-1,ВО 30-160-050,500,450 - 35390,17 - 580,15000,101,179800
2010,ВО,ВО 30-160-050-3,ВО 30-160-050,500,460 - 27530,16 - 562,3000,102,67900
2011,ВО,ВО 30-160-050-4,ВО 30-160-050,500,500 - 27600,17 - 683,370,91,44300
2012,ВО,ВО 30-160-050-5,ВО 30-160-050,500,490 - 31410,17 - 656,4000,102,74000
2013,ВО,ВО 30-160-050-3,ВО 30-160-050,500,470 - 30610,18 - 635,7500,100,106700
2014,ВО,ВО 30-160-050-4,ВО 30-160-050,500,610 - 27600,17 - 678,5500,88,95900
2015,ВО,ВО 30-160-050-1,ВО 30-160-050,500,500 - 34940,17 - 682,1500,74,54200
2016,ВО,ВО 30-160-050-2,ВО 30-160-050,500,610 - 26320,17 - 594,550,100,45700
2017,ВО,ВО 30-160-050-4,ВО 30-160-050,500,500 - 35450,17 - 661,3000,82,72100
2018,ВО,ВО 30-160-050-1,ВО 30-160-050,500,480 - 32990,17 - 679,1500,70,55500
2019,ВО,ВО 30-160-050-1,ВО 30-160-050,500,660 - 29550,19 - 585,11000,74,139700
2020,ВО,ВО 30-160-050-1,ВО 30-160-050,500,640 - 35340,17 - 584,180,79,40100
2021,ВО,ВО 30-160-050-5,ВО 30-160-050,500,630 - 33280,18 - 617,750,99,45500
2022,ВО,ВО 30-160-050-4,ВО 30-160-050,500,630 - 24420,17 - 669,15000,92,178700
2023,ВО,ВО 30-160-050-3,ВО 30-160-050,500,450 - 32840,17 - 588,1500,91,57600
2024,ВО,ВО 30-160-050-4,ВО 30-160-050,500,590 - 31990,19 - 647,550,91,44900
2025,ВО,ВО 30-160-050-2,ВО 30-160-050,500,500 - 26120,17 - 682,2200,98,60000
2026,ВО,ВО 30-160-050-4,ВО 30-160-050,500,660 - 26250,18 - 573,550,81,47500
2027,ВО,ВО 30-160-050-5,ВО 30-160-050,500,560 - 27840,19 - 584,7500,71,105500
2028,ВО,ВО 30-160-050-3,ВО 30-160-050,500,480 - 26580,18 - 585,4000,74,85200
2029,ВО,ВО 30-160-050-1,ВО 30-160-050,500,480 - 26540,17 - 678,4000,89,84000
2030,ВО,ВО 30-160-050-3,ВО 30-160-050,500,580 - 26160,18 - 634,7500,96,115600
2031,ВО,ВО 30-160-050-4,ВО 30-160-050,500,470 - 33100,17 - 668,7500,80,113900
2032,ВО,ВО 30-160-050-4,ВО 30-160-050,500,620 - 24100,17 - 659,750,94,46100
2033,ВО,ВО 30-160-050-5,ВО 30-160-050,500,640 - 35770,17 - 606,5500,73,92400
2034,ВО,ВО 30-160-050-5,ВО 30-160-050,500,550 - 34010,17 - 686,550,104,48000
2035,ВО,ВО 30-160-050-4,ВО 30-160-050,500,530 - 27430,18 - 634,4000,85,76000
2036,ВО,ВО 30-160-050-5,ВО 30-160-050,500,450 - 35530,17 - 655,550,102,43300
2037,ВО,ВО 30-160-050-3,ВО 30-160-050,500,480 - 27440,18 - 657,7500,73,116200
2038,ВО,ВО 30-160-050-1,ВО 30-160-050,500,460 - 28620,19 - 624,5500,85,97200
2039,ВО,ВО 30-160-050-2,ВО 30-160-050,500,530 - 29990,20 - 580,250,70,41600
2040,ВО,ВО 30-160-050-2,ВО 30-160-050,500,620 - 27180,19 - 671,15000,80,179300
2041,ВО,ВО 30-160-050-5,ВО 30-160-050,500,470 - 31290,19 - 634,1100,79,51500
2042,ВО,ВО 30-160-050-1,ВО 30-160-050,500,590 - 26680,17 - 656,370,91,52200
2043,ВО,ВО 30-160-050-3,ВО 30-160-050,500,450 - 28060,20 - 641,11000,74,147300
2044,ВО,ВО 30-160-050-2,ВО 30-160-050,500,500 - 29760,20 - 678,5500,105,88200
2045,ВО,ВО 30-160-050-5,ВО 30-160-050,500,640 - 28090,19 - 647,180,71,41700
2046,ВО,ВО 30-160-050-3,ВО 30-160-050,500,640 - 26570,17 - 622,550,105,47700
2047,ВО,ВО 30-160-050-5,ВО 30-160-050,500,640 - 27960,20 - 645,7500,72,108600
2048,ВО,ВО 30-160-050-5,ВО 30-160-050,500,490 - 29860,18 - 685,180,92,49800
2049,ВО,ВО 30-160-050-2,ВО 30-160-050,500,660 - 28000,17 - 654,750,95,56700
2050,ВО,ВО 30-160-050-4,ВО 30-160-050,500,520 - 24450,17 - 684,7500,87,111900
2051,ВО,ВО 30-160-050-1,ВО 30-160-050,500,550 - 24760,17 - 653,15000,81,175800
2052,ВО,ВО 30-160-050-5,ВО 30-160-050,500,460 - 32710,19 - 634,250,77,43300
2053,ВО,ВО 30-160-050-2,ВО 30-160-050,500,540 - 34780,17 - 594,7500,87,115700
2054,ВО,ВО 30-160-050-1,ВО 30-160-050,500,560 - 35070,17 - 648,15000,82,179200
2055,ВО,ВО 30-160-050-2,ВО 30-160-050,500,620 - 35480,20 - 627,3000,95,68800
2056,ВО,ВО 30-160-050-2,ВО 30-160-050,500,520 - 27910,19 - 590,180,80,44800
2057,ВО,ВО 30-160-050-2,ВО 30-160-050,500,540 - 25680,19 - 606,4000,78,74400
2058,ВО,ВО 30-160-050-3,ВО 30-160-050,500,580 - 33020,18 - 675,2200,79,64600
2059,ВО,ВО 30-160-050-1,ВО 30-160-050,500,530 - 25020,17 - 606,5500,70,95000
2060,ВО,ВО 30-160-050-2,ВО 30-160-050,500,570 - 30530,20 - 598,1100,103,51000
2061,ВО,ВО 30-160-050-4,ВО 30-160-050,500,650 - 29940,18 - 668,750,81,55100
2062,ВО,ВО 30-160-050-2,ВО 30-160-050,500,650 - 33960,18 - 597,180,71,43300
2063,ВО,ВО 30-160-050-2,ВО 30-160-050,500,480 - 33390,17 - 628,370,75,52100
2064,ВО,ВО 30-160-050-4,ВО 30-160-050,500,620 - 26260,20 - 572,180,101,43600
2065,ВО,ВО 30-160-050-3,ВО 30-160-050,500,550 - 34210,19 - 662,550,102,48500
2066,ВО,ВО 30-160-050-1,ВО 30-160-050,500,620 - 28220,19 - 682,11000,74,147800
2067,ВО,ВО 30-160-050-1,ВО 30-160-050,500,540 - 35120,17 - 613,550,75,54600
2068,ВО,ВО 30-160-050-4,ВО 30-160-050,500,600 - 28220,18 - 669,370,101,50200
2069,ВО,ВО 30-160-050-5,ВО 30-160-050,500,590 - 30430,17 - 668,250,93,48400
2070,ВО,ВО 30-160-050-2,ВО 30-160-050,500,490 - 24050,19 - 573,7500,103,108100
2071,ВО,ВО 30-160-050-2,ВО 30-160-050,500,550 - 33960,20 - 624,4000,94,84900
2072,ВО,ВО 30-160-050-2,ВО 30-160-050,500,590 - 28070,18 - 668,4000,90,74300
2073,ВО,ВО 30-160-050-4,ВО 30-160-050,500,450 - 29260,19 - 572,3000,71,74400
2074,ВО,ВО 30-160-050-1,ВО 30-160-050,500,480 - 35540,19 - 620,3000,100,72200
2075,ВО,ВО 30-160-050-5,ВО 30-160-050,500,590 - 31090,17 - 674,1500,87,52900
2076,ВО,ВО 30-160-050-2,ВО 30-160-050,500,650 - 32400,20 - 576,2200,87,65500
2077,ВО,ВО 30-160-050-1,ВО 30-160-050,500,600 - 28160,18 - 573,11000,102,146600
2078,ВО,ВО 30-160-050-2,ВО 30-160-050,500,630 - 27480,19 - 670,5500,89,98000
2079,ВО,ВО 30-160-050-3,ВО 30-160-050,500,610 - 29800,16 - 627,180,78,41400
2080,ВО,ВО 30-160-050-1,ВО 30-160-050,500,620 - 31610,19 - 570,3000,73,73000
2081,ВО,ВО 30-160-050-2,ВО 30-160-050,500,480 - 35430,19 - 650,4000,74,74000
2082,ВО,ВО 30-160-063-5,ВО 30-160-063,630,830 - 35180,21 - 728,750,96,63300
2083,ВО,ВО 30-160-063-3,ВО 30-160-063,630,750 - 39100,23 - 811,5500,84,99100
2084,ВО,ВО 30-160-063-3,ВО 30-160-063,630,620 - 44890,22 - 751,750,71,61700
2085,ВО,ВО 30-160-063-3,ВО 30-160-063,630,810 - 34550,24 - 740,370,104,56300
2086,ВО,ВО 30-160-063-2,ВО 30-160-063,630,570 - 34940,23 - 841,11000,76,148700
2087,ВО,ВО 30-160-063-1,ВО 30-160-063,630,820 - 41340,21 - 788,11000,83,152900
2088,ВО,ВО 30-160-063-2,ВО 30-160-063,630,640 - 43490,25 - 830,11000,77,147000
2089,ВО,ВО 30-160-063-1,ВО 30-160-063,630,730 - 41570,24 - 817,2200,104,76900
2090,ВО,ВО 30-160-063-5,ВО 30-160-063,630,740 - 35580,25 - 736,2200,72,66600
2091,ВО,ВО 30-160-063-4,ВО 30-160-063,630,660 - 33180,25 - 826,1500,99,70800
2092,ВО,ВО 30-160-063-5,ВО 30-160-063,630,600 - 38600,25 - 836,750,105,62700
2093,ВО,ВО 30-160-063-5,ВО 30-160-063,630,660 - 35220,24 - 781,180,79,48000
2094,ВО,ВО 30-160-063-5,ВО 30-160-063,630,720 - 40950,21 - 745,7500,84,115400
2095,ВО,ВО 30-160-063-2,ВО 30-160-063,630,790 - 34600,22 - 784,550,75,60400
2096,ВО,ВО 30-160-063-3,ВО 30-160-063,630,830 - 40710,22 - 741,1500,99,67200
2097,ВО,ВО 30-160-063-4,ВО 30-160-063,630,800 - 36180,24 - 770,7500,82,121000
2098,ВО,ВО 30-160-063-3,ВО 30-160-063,630,630 - 32470,25 - 744,7500,79,120500
2099,ВО,ВО 30-160-063-1,ВО 30-160-063,630,710 - 36370,25 - 795,5500,92,103800
2100,ВО,ВО 30-160-063-3,ВО 30-160-063,630,580 - 30940,22 - 736,2200,97,70300
2101,ВО,ВО 30-160-063-2,ВО 30-160-063,630,780 - 32790,24 - 758,3000,93,83300
2102,ВО,ВО 30-160-063-2,ВО 30-160-063,630,640 - 40860,23 - 776,15000,97,186100
2103,ВО,ВО 30-160-063-2,ВО 30-160-063,630,790 - 39180,23 - 795,550,89,55300
2104,ВО,ВО 30-160-063-2,ВО 30-160-063,630,830 - 45300,23 - 818,15000,100,185300
2105,ВО,ВО 30-160-063-4,ВО 30-160-063,630,790 - 32630,23 - 776,2200,93,69200
2106,ВО,ВО 30-160-063-1,ВО 30-160-063,630,770 - 45240,24 - 749,750,88,53700
2107,ВО,ВО 30-160-063-3,ВО 30-160-063,630,680 - 31140,25 - 758,3000,77,79200
2108,ВО,ВО 30-160-063-3,ВО 30-160-063,630,680 - 38060,22 - 855,2200,71,66300
2109,ВО,ВО 30-160-063-5,ВО 30-160-063,630,780 - 41200,25 - 825,250,96,59400
2110,ВО,ВО 30-160-063-1,ВО 30-160-063,630,660 - 35800,21 - 821,11000,105,151300
2111,ВО,ВО 30-160-063-4,ВО 30-160-063,630,660 - 32880,21 - 761,250,93,57500
2112,ВО,ВО 30-160-063-3,ВО 30-160-063,630,580 - 39700,22 - 826,2200,104,73000
2113,ВО,ВО 30-160-063-3,ВО 30-160-063,630,590 - 32780,23 - 855,370,80,56500
2114,ВО,ВО 30-160-063-2,ВО 30-160-063,630,630 - 43230,24 - 793,750,85,52500
2115,ВО,ВО 30-160-063-1,ВО 30-160-063,630,840 - 39260,24 - 839,3000,101,83400
2116,ВО,ВО 30-160-063-4,ВО 30-160-063,630,780 - 36080,25 - 763,11000,99,148500
2117,ВО,ВО 30-160-063-4,ВО 30-160-063,630,730 - 38460,23 - 748,1500,84,60500
2118,ВО,ВО 30-160-063-2,ВО 30-160-063,630,760 - 31180,25 - 768,1100,98,58800
2119,ВО,ВО 30-160-063-2,ВО 30-160-063,630,590 - 34920,23 - 758,370,72,59600
2120,ВО,ВО 30-160-063-2,ВО 30-160-063,630,720 - 32550,24 - 840,250,79,51600
2121,ВО,ВО 30-160-063-1,ВО 30-160-063,630,570 - 39160,22 - 742,250,105,56900
2122,ВО,ВО 30-160-063-1,ВО 30-160-063,630,570 - 36240,23 - 847,750,77,55900
2123,ВО,ВО 30-160-063-5,ВО 30-160-063,630,750 - 35040,21 - 716,3000,70,77400
2124,ВО,ВО 30-160-063-5,ВО 30-160-063,630,680 - 43930,23 - 859,11000,105,152700
2125,ВО,ВО 30-160-063-2,ВО 30-160-063,630,590 - 32610,22 - 734,1500,104,59600
2126,ВО,ВО 30-160-063-5,ВО 30-160-063,630,610 - 43540,22 - 721,1500,102,64500
2127,ВО,ВО 30-160-063-2,ВО 30-160-063,630,700 - 41310,22 - 772,5500,86,98900
2128,ВО,ВО 30-160-063-2,ВО 30-160-063,630,750 - 38450,25 - 764,550,97,54200
2129,ВО,ВО 30-160-063-5,ВО 30-160-063,630,610 - 40870,25 - 831,1100,85,58400
2130,ВО,ВО 30-160-063-4,ВО 30-160-063,630,740 - 33730,21 - 781,7500,75,118000
2131,ВО,ВО 30-160-063-5,ВО 30-160-063,630,560 - 38950,23 - 789,370,93,54300
2132,ВО,ВО 30-160-063-3,ВО 30-160-063,630,680 - 31610,23 - 853,1500,91,67300
2133,ВО,ВО 30-160-063-2,ВО 30-160-063,630,770 - 43570,21 - 778,550,79,60000
2134,ВО,ВО 30-160-063-1,ВО 30-160-063,630,580 - 41440,22 - 816,1500,81,69800
2135,ВО,ВО 30-160-063-3,ВО 30-160-063,630,570 - 38140,25 - 738,550,80,56100
2136,ВО,ВО 30-160-063-4,ВО 30-160-063,630,790 - 36650,24 - 798,550,100,55200
2137,ВО,ВО 30-160-063-1,ВО 30-160-063,630,750 - 37140,21 - 793,5500,86,106100
2138,ВО,ВО 30-160-063-2,ВО 30-160-063,630,810 - 31530,24 - 806,3000,91,81100
2139,ВО,ВО 30-160-063-2,ВО 30-160-063,630,670 - 38710,23 - 811,1100,83,62500
2140,ВО,ВО 30-160-063-5,ВО 30-160-063,630,730 - 39170,24 - 804,370,82,57000
2141,ВО,ВО 30-160-063-5,ВО 30-160-063,630,740 - 41800,21 - 758,1100,95,65800
2142,ВО,ВО 30-160-063-5,ВО 30-160-063,630,810 - 36700,25 - 827,750,70,53500
2143,ВО,ВО 30-160-063-4,ВО 30-160-063,630,790 - 32040,22 - 789,180,79,48800
2144,ВО,ВО 30-160-063-2,ВО 30-160-063,630,560 - 38320,25 - 737,15000,77,187300
2145,ВО,ВО 30-160-063-4,ВО 30-160-063,630,780 - 40920,24 - 770,550,75,56600
2146,ВО,ВО 30-160-063-5,ВО 30-160-063,630,640 - 39100,25 - 713,250,86,48800
2147,ВО,ВО 30-160-063-3,ВО 30-160-063,630,770 - 31770,24 - 739,5500,88,102300
2148,ВО,ВО 30-160-063-3,ВО 30-160-063,630,820 - 40330,21 - 763,11000,76,152800
2149,ВО,ВО 30-160-063-1,ВО 30-160-063,630,810 - 33300,23 - 816,180,76,49900
2150,ВО,ВО 30-160-063-5,ВО 30-160-063,630,580 - 36130,24 - 820,11000,81,149800
2151,ВО,ВО 30-160-063-2,ВО 30-160-063,630,740 - 41880,24 - 837,750,88,60900
2152,ВО,ВО 30-160-063-5,ВО 30-160-063,630,570 - 41080,23 - 747,11000,83,149300
2153,ВО,ВО 30-160-063-4,ВО 30-160-063,630,820 - 32120,22 - 716,1500,87,66300
2154,ВО,ВО 30-160-063-4,ВО 30-160-063,630,620 - 32840,24 - 806,750,72,60300
2155,ВО,ВО 30-160-063-2,ВО 30-160-063,630,620 - 35530,23 - 718,180,97,55800
2156,ВО,ВО 30-160-063-2,ВО 30-160-063,630,600 - 34900,24 - 743,7500,104,114100
2157,ВО,ВО 30-160-063-5,ВО 30-160-063,630,770 - 32920,21 - 722,2200,77,76900
2158,ВО,ВО 30-160-063-3,ВО 30-160-063,630,690 - 33790,22 - 777,550,83,61300
2159,ВО,ВО 30-160-063-4,ВО 30-160-063,630,660 - 44640,23 - 844,1100,82,65300
2160,ВО,ВО 30-160-063-1,ВО 30-160-063,630,840 - 34110,25 - 848,180,83,47400
2161,ВО,ВО 30-160-063-1,ВО 30-160-063,630,690 - 41590,23 - 825,11000,70,154300
2162,ВО,ВО 30-160-063-1,ВО 30-160-063,630,840 - 36590,21 - 833,7500,97,120600
2163,ВО,ВО 30-160-063-3,ВО 30-160-063,630,730 - 45160,23 - 783,1500,104,65700
2164,ВО,ВО 30-160-063-5,ВО 30-160-063,630,660 - 35600,22 - 781,370,71,49100
2165,ВО,ВО 30-160-063-4,ВО 30-160-063,630,850 - 31760,23 - 758,180,91,58100
2166,ВО,ВО 30-160-063-1,ВО 30-160-063,630,780 - 34080,24 - 794,2200,94,68500
2167,ВО,ВО 30-160-063-2,ВО 30-160-063,630,720 - 35160,24 - 847,750,93,54300
2168,ВО,ВО 30-160-063-4,ВО 30-160-063,630,600 - 35790,22 - 791,2200,79,71700
2169,ВО,ВО 30-160-063-4,ВО 30-160-063,630,710 - 35870,23 - 749,370,102,52100
2170,ВО,ВО 30-160-063-5,ВО 30-160-063,630,780 - 39650,24 - 862,7500,104,119400
2171,ВО,ВО 30-160-063-5,ВО 30-160-063,630,650 - 40370,24 - 819,180,98,47800
2172,ВО,ВО 30-160-063-4,ВО 30-160-063,630,820 - 41970,22 - 716,2200,104,74400
2173,ВО,ВО 30-160-063-5,ВО 30-160-063,630,830 - 39960,23 - 781,2200,71,72100
2174,ВО,ВО 30-160-063-2,ВО 30-160-063,630,780 - 38750,23 - 849,1500,94,62200
2175,ВО,ВО 30-160-063-5,ВО 30-160-063,630,740 - 42930,24 - 851,180,72,51500
2176,ВО,ВО 30-160-063-3,ВО 30-160-063,630,840 - 39350,22 - 840,7500,74,114900
2177,ВО,ВО 30-160-063-4,ВО 30-160-063,630,720 - 37530,25 - 766,750,87,53300
2178,ВО,ВО 30-160-063-4,ВО 30-160-063,630,600 - 35740,22 - 711,11000,72,150800
2179,ВО,ВО 30-160-063-2,ВО 30-160-063,630,610 - 34060,23 - 736,4000,72,86100
2180,ВО,ВО 30-160-063-5,ВО 30-160-063,630,600 - 33840,25 - 810,2200,78,72500
2181,ВО,ВО 30-160-063-1,ВО 30-160-063,630,810 - 44440,23 - 836,7500,70,114600
2182,ВО,ВО 30-160-071-3,ВО 30-160-071,710,720 - 43200,24 - 907,750,84,58400
2183,ВО,ВО 30-160-071-4,ВО 30-160-071,710,930 - 34920,24 - 971,4000,97,89300
2184,ВО,ВО 30-160-071-2,ВО 30-160-071,710,660 - 35030,29 - 845,370,80,62700
2185,ВО,ВО 30-160-071-3,ВО 30-160-071,710,740 - 42340,25 - 965,1100,86,63600
2186,ВО,ВО 30-160-071-4,ВО 30-160-071,710,660 - 36320,27 - 930,2200,88,71000
2187,ВО,ВО 30-160-071-5,ВО 30-160-071,710,700 - 48030,29 - 952,1500,81,66600
2188,ВО,ВО 30-160-071-2,ВО 30-160-071,710,860 - 39540,27 - 843,7500,81,129600
2189,ВО,ВО 30-160-071-5,ВО 30-160-071,710,700 - 49060,25 - 951,550,85,65600
2190,ВО,ВО 30-160-071-2,ВО 30-160-071,710,780 - 47650,24 - 823,5500,74,107200
2191,ВО,ВО 30-160-071-4,ВО 30-160-071,710,640 - 41260,27 - 816,370,80,57400
2192,ВО,ВО 30-160-071-2,ВО 30-160-071,710,950 - 49060,25 - 944,15000,93,186700
2193,ВО,ВО 30-160-071-1,ВО 30-160-071,710,860 - 41350,28 - 854,7500,74,127600
2194,ВО,ВО 30-160-071-1,ВО 30-160-071,710,650 - 41480,28 - 799,4000,101,92900
2195,ВО,ВО 30-160-071-2,ВО 30-160-071,710,640 - 40980,26 - 814,370,91,54100
2196,ВО,ВО 30-160-071-1,ВО 30-160-071,710,940 - 36650,28 - 858,5500,72,106800
2197,ВО,ВО 30-160-071-2,ВО 30-160-071,710,780 - 48730,28 - 905,1500,97,69900
2198,ВО,ВО 30-160-071-1,ВО 30-160-071,710,650 - 34530,28 - 860,11000,101,154700
2199,ВО,ВО 30-160-071-2,ВО 30-160-071,710,830 - 47450,24 - 858,5500,82,108900
2200,ВО,ВО 30-160-071-1,ВО 30-160-071,710,890 - 38850,29 - 888,250,84,61800
2201,ВО,ВО 30-160-071-2,ВО 30-160-071,710,770 - 49360,27 - 927,11000,81,157200
2202,ВО,ВО 30-160-071-1,ВО 30-160-071,710,770 - 46960,27 - 863,2200,70,71600
2203,ВО,ВО 30-160-071-2,ВО 30-160-071,710,820 - 43440,24 - 904,15000,105,188500
2204,ВО,ВО 30-160-071-5,ВО 30-160-071,710,780 - 37620,28 - 954,3000,82,79600
2205,ВО,ВО 30-160-071-3,ВО 30-160-071,710,930 - 50280,25 - 947,3000,91,84300
2206,ВО,ВО 30-160-071-4,ВО 30-160-071,710,810 - 42680,25 - 812,1100,105,68800
2207,ВО,ВО 30-160-071-3,ВО 30-160-071,710,830 - 34530,25 - 869,2200,103,78600
2208,ВО,ВО 30-160-071-2,ВО 30-160-071,710,940 - 45140,25 - 930,15000,94,188900
2209,ВО,ВО 30-160-071-4,ВО 30-160-071,710,920 - 40890,26 - 892,1500,80,76000
2210,ВО,ВО 30-160-071-2,ВО 30-160-071,710,640 - 47370,27 - 831,550,75,62300
2211,ВО,ВО 30-160-071-4,ВО 30-160-071,710,840 - 40870,26 - 852,370,105,60100
2212,ВО,ВО 30-160-071-3,ВО 30-160-071,710,700 - 42650,27 - 932,7500,73,125500
2213,ВО,ВО 30-160-071-5,ВО 30-160-071,710,670 - 49800,26 - 845,1100,85,71700
2214,ВО,ВО 30-160-071-3,ВО 30-160-071,710,850 - 43870,24 - 805,750,93,61400
2215,ВО,ВО 30-160-071-3,ВО 30-160-071,710,710 - 43830,28 - 941,15000,79,188400
2216,ВО,ВО 30-160-071-5,ВО 30-160-071,710,690 - 39130,28 - 897,7500,81,120800
2217,ВО,ВО 30-160-071-4,ВО 30-160-071,710,640 - 50580,29 - 839,750,99,68800
2218,ВО,ВО 30-160-071-4,ВО 30-160-071,710,920 - 35380,26 - 873,250,91,55500
2219,ВО,ВО 30-160-071-4,ВО 30-160-071,710,750 - 43140,29 - 835,250,74,53100
2220,ВО,ВО 30-160-071-1,ВО 30-160-071,710,720 - 37310,28 - 832,1500,86,65200
2221,ВО,ВО 30-160-071-4,ВО 30-160-071,710,730 - 48010,26 - 847,750,74,68800
2222,ВО,ВО 30-160-071-5,ВО 30-160-071,710,700 - 41470,28 - 887,180,74,58900
2223,ВО,ВО 30-160-071-2,ВО 30-160-071,710,690 - 51010,25 - 873,1100,80,61400
2224,ВО,ВО 30-160-071-4,ВО 30-160-071,710,830 - 49020,25 - 847,3000,105,85500
2225,ВО,ВО 30-160-071-3,ВО 30-160-071,710,900 - 34080,27 - 846,550,92,65300
2226,ВО,ВО 30-160-071-3,ВО 30-160-071,710,930 - 49290,28 - 970,750,81,67300
2227,ВО,ВО 30-160-071-1,ВО 30-160-071,710,670 - 40180,26 - 962,15000,99,192400
2228,ВО,ВО 30-160-071-1,ВО 30-160-071,710,820 - 37480,28 - 931,250,91,55100
2229,ВО,ВО 30-160-071-1,ВО 30-160-071,710,860 - 34760,24 - 906,2200,93,71800
2230,ВО,ВО 30-160-071-3,ВО 30-160-071,710,850 - 43670,24 - 803,1500,102,75800
2231,ВО,ВО 30-160-071-4,ВО 30-160-071,710,840 - 36110,26 - 918,2200,101,76500
2232,ВО,ВО 30-160-071-2,ВО 30-160-071,710,770 - 50770,28 - 933,750,84,58000
2233,ВО,ВО 30-160-071-5,ВО 30-160-071,710,800 - 38320,29 - 943,7500,71,122700
2234,ВО,ВО 30-160-071-4,ВО 30-160-071,710,790 - 39060,29 - 864,2200,99,75100
2235,ВО,ВО 30-160-071-4,ВО 30-160-071,710,660 - 44370,25 - 903,370,105,59500
2236,ВО,ВО 30-160-071-4,ВО 30-160-071,710,710 - 42550,26 - 954,7500,82,119700
2237,ВО,ВО 30-160-071-3,ВО 30-160-071,710,810 - 45940,28 - 883,4000,85,90400
2238,ВО,ВО 30-160-071-5,ВО 30-160-071,710,950 - 36740,25 - 920,15000,92,194800
2239,ВО,ВО 30-160-071-4,ВО 30-160-071,710,910 - 34610,28 - 818,2200,90,79500
2240,ВО,ВО 30-160-071-5,ВО 30-160-071,710,680 - 43260,25 - 804,550,98,66700
2241,ВО,ВО 30-160-071-2,ВО 30-160-071,710,860 - 45200,24 - 820,1500,86,73800
2242,ВО,ВО 30-160-071-4,ВО 30-160-071,710,810 - 40950,26 - 849,1100,76,62100
2243,ВО,ВО 30-160-071-4,ВО 30-160-071,710,730 - 38360,26 - 932,11000,72,160000
2244,ВО,ВО 30-160-071-5,ВО 30-160-071,710,920 - 34470,26 - 800,4000,88,94600
2245,ВО,ВО 30-160-071-5,ВО 30-160-071,710,740 - 50740,27 - 815,1500,84,68400
2246,ВО,ВО 30-160-071-1,ВО 30-160-071,710,830 - 39720,25 - 967,180,90,59900
2247,ВО,ВО 30-160-071-3,ВО 30-160-071,710,870 - 41150,26 - 861,15000,100,192900
2248,ВО,ВО 30-160-071-2,ВО 30-160-071,710,830 - 34670,28 - 806,3000,95,77800
2249,ВО,ВО 30-160-071-1,ВО 30-160-071,710,950 - 42220,28 - 830,1100,70,67700
2250,ВО,ВО 30-160-071-1,ВО 30-160-071,710,830 - 45630,29 - 799,370,91,54800
2251,ВО,ВО 30-160-071-2,ВО 30-160-071,710,830 - 43320,28 - 952,250,88,64300
2252,ВО,ВО 30-160-071-5,ВО 30-160-071,710,750 - 48150,27 - 928,3000,96,82200
2253,ВО,ВО 30-160-071-2,ВО 30-160-071,710,880 - 44470,27 - 889,180,99,54500
2254,ВО,ВО 30-160-071-1,ВО 30-160-071,710,790 - 43400,27 - 801,1100,91,68300
2255,ВО,ВО 30-160-071-3,ВО 30-160-071,710,830 - 46480,27 - 976,5500,102,100300
2256,ВО,ВО 30-160-071-3,ВО 30-160-071,710,920 - 40180,26 - 865,550,78,61400
2257,ВО,ВО 30-160-071-3,ВО 30-160-071,710,850 - 51000,24 - 968,5500,91,105800
2258,ВО,ВО 30-160-071-3,ВО 30-160-071,710,780 - 36730,28 - 975,750,81,61500
2259,ВО,ВО 30-160-071-2,ВО 30-160-071,710,710 - 35650,25 - 912,11000,90,149900
2260,ВО,ВО 30-160-071-3,ВО 30-160-071,710,880 - 44260,28 - 914,7500,74,118500
2261,ВО,ВО 30-160-071-4,ВО 30-160-071,710,920 - 34730,25 - 835,3000,72,85300
2262,ВО,ВО 30-160-071-1,ВО 30-160-071,710,650 - 36600,25 - 802,1100,78,64000
2263,ВО,ВО 30-160-071-4,ВО 30-160-071,710,670 - 41700,25 - 934,2200,77,76500
2264,ВО,ВО 30-160-071-5,ВО 30-160-071,710,710 - 37870,26 - 877,5500,81,111700
2265,ВО,ВО 30-160-071-2,ВО 30-160-071,710,930 - 35590,27 - 877,250,76,59200
2266,ВО,ВО 30-160-071-1,ВО 30-160-071,710,830 - 48630,28 - 947,1100,77,63600
2267,ВО,ВО 30-160-071-5,ВО 30-160-071,710,760 - 39310,27 - 847,5500,105,104300
2268,ВО,ВО 30-160-071-5,ВО 30-160-071,710,880 - 46080,27 - 800,750,90,58500
2269,ВО,ВО 30-160-071-3,ВО 30-160-071,710,930 - 50670,27 - 863,250,70,59400
2270,ВО,ВО 30-160-071-4,ВО 30-160-071,710,770 - 35970,27 - 914,1500,90,66900
2271,ВО,ВО 30-160-071-1,ВО 30-160-071,710,840 - 35200,27 - 808,3000,104,78600
2272,ВО,ВО 30-160-071-2,ВО 30-160-071,710,830 - 50800,27 - 957,750,92,58800
2273,ВО,ВО 30-160-071-1,ВО 30-160-071,710,900 - 44030,23 - 813,180,75,56300
2274,ВО,ВО 30-160-071-1,ВО 30-160-071,710,940 - 34840,26 - 958,7500,81,129000
2275,ВО,ВО 30-160-071-4,ВО 30-160-071,710,670 - 49000,24 - 811,550,86,57800
2276,ВО,ВО 30-160-071-5,ВО 30-160-071,710,810 - 47370,26 - 802,750,105,66100
2277,ВО,ВО 30-160-071-2,ВО 30-160-071,710,930 - 43420,24 - 951,3000,99,86000
2278,ВО,ВО 30-160-071-4,ВО 30-160-071,710,720 - 46240,25 - 830,11000,89,158100
2279,ВО,ВО 30-160-071-4,ВО 30-160-071,710,750 - 42860,28 - 881,250,90,55000
2280,ВО,ВО 30-160-071-2,ВО 30-160-071,710,660 - 50010,25 - 825,750,83,62100
2281,ВО,ВО 30-160-071-1,ВО 30-160-071,710,680 - 42470,24 - 850,1500,83,74700
2282,ВО,ВО 30-160-071-2,ВО 30-160-071,710,740 - 34490,24 - 825,370,80,60300
2283,ВО,ВО 30-160-071-3,ВО 30-160-071,710,830 - 42350,24 - 827,550,100,63400
2284,ВО,ВО 30-160-071-2,ВО 30-160-071,710,880 - 36080,26 - 907,180,105,59500
2285,ВО,ВО 30-160-071-1,ВО 30-160-071,710,860 - 40480,27 - 907,7500,98,124300
2286,ВО,ВО 30-160-071-5,ВО 30-160-071,710,940 - 37820,25 - 901,750,74,65100
2287,ВО,ВО 30-160-071-5,ВО 30-160-071,710,750 - 46960,27 - 934,180,83,60500
2288,ВО,ВО 30-160-071-1,ВО 30-160-071,710,940 - 34770,28 - 928,7500,96,128000
2289,ВО,ВО 30-160-071-4,ВО 30-160-071,710,780 - 37790,25 - 879,370,77,58200
2290,ВО,ВО 30-160-071-1,ВО 30-160-071,710,810 - 43250,24 - 867,4000,76,91500
2291,ВО,ВО 30-160-071-3,ВО 30-160-071,710,940 - 48300,24 - 884,370,79,56000
2292,ВО,ВО 30-160-080-3,ВО 30-160-080,800,750 - 40180,31 - 908,3000,71,94100
2293,ВО,ВО 30-160-080-3,ВО 30-160-080,800,730 - 40040,32 - 965,750,78,73600
2294,ВО,ВО 30-160-080-4,ВО 30-160-080,800,1010 - 41540,29 - 979,750,94,67600
2295,ВО,ВО 30-160-080-1,ВО 30-160-080,800,910 - 55470,28 - 1080,180,97,63200
2296,ВО,ВО 30-160-080-2,ВО 30-160-080,800,1000 - 39410,31 - 1031,750,86,70200
2297,ВО,ВО 30-160-080-5,ВО 30-160-080,800,1000 - 46020,31 - 1023,370,79,61000
2298,ВО,ВО 30-160-080-1,ВО 30-160-080,800,1070 - 49530,29 - 1031,4000,84,101900
2299,ВО,ВО 30-160-080-5,ВО 30-160-080,800,1000 - 42960,32 - 987,550,76,72200
2300,ВО,ВО 30-160-080-2,ВО 30-160-080,800,950 - 46610,30 - 1092,3000,88,93000
2301,ВО,ВО 30-160-080-1,ВО 30-160-080,800,770 - 54340,31 - 1093,11000,97,158700
2302,ВО,ВО 30-160-080-5,ВО 30-160-080,800,960 - 40510,32 - 902,4000,87,103600
2303,ВО,ВО 30-160-080-5,ВО 30-160-080,800,860 - 42960,27 - 1068,15000,86,196900
2304,ВО,ВО 30-160-080-3,ВО 30-160-080,800,980 - 38890,27 - 1090,7500,83,131400
2305,ВО,ВО 30-160-080-5,ВО 30-160-080,800,760 - 42760,29 - 1039,1100,85,68500
2306,ВО,ВО 30-160-080-4,ВО 30-160-080,800,800 - 49970,30 - 1045,550,99,63100
2307,ВО,ВО 30-160-080-3,ВО 30-160-080,800,1030 - 38490,32 - 909,11000,88,165600
2308,ВО,ВО 30-160-080-3,ВО 30-160-080,800,970 - 56750,32 - 948,1500,103,71200
2309,ВО,ВО 30-160-080-1,ВО 30-160-080,800,760 - 56610,27 - 1038,550,73,69900
2310,ВО,ВО 30-160-080-4,ВО 30-160-080,800,810 - 50550,29 - 950,11000,90,160400
2311,ВО,ВО 30-160-080-4,ВО 30-160-080,800,1030 - 55340,32 - 979,550,75,72100
2312,ВО,ВО 30-160-080-2,ВО 30-160-080,800,1060 - 45720,27 - 900,7500,99,126300
2313,ВО,ВО 30-160-080-4,ВО 30-160-080,800,810 - 41030,31 - 905,11000,86,163300
2314,ВО,ВО 30-160-080-3,ВО 30-160-080,800,1020 - 42100,28 - 1085,750,84,67100
2315,ВО,ВО 30-160-080-3,ВО 30-160-080,800,820 - 55870,30 - 926,250,85,61000
2316,ВО,ВО 30-160-080-4,ВО 30-160-080,800,960 - 50800,29 - 992,750,85,66700
2317,ВО,ВО 30-160-080-5,ВО 30-160-080,800,790 - 51040,32 - 1033,5500,82,106600
2318,ВО,ВО 30-160-080-3,ВО 30-160-080,800,820 - 52410,28 - 1066,15000,85,191800
2319,ВО,ВО 30-160-080-1,ВО 30-160-080,800,970 - 50880,27 - 1091,3000,101,88800
2320,ВО,ВО 30-160-080-2,ВО 30-160-080,800,870 - 41600,31 - 1067,4000,102,94000
2321,ВО,ВО 30-160-080-1,ВО 30-160-080,800,970 - 39410,30 - 1003,180,94,68900
2322,ВО,ВО 30-160-080-4,ВО 30-160-080,800,1030 - 53220,32 - 979,7500,83,124500
2323,ВО,ВО 30-160-080-4,ВО 30-160-080,800,860 - 50530,28 - 1022,15000,70,194300
2324,ВО,ВО 30-160-080-3,ВО 30-160-080,800,1030 - 44840,30 - 1041,2200,86,77700
2325,ВО,ВО 30-160-080-5,ВО 30-160-080,800,1070 - 47990,29 - 1022,750,84,64600
2326,ВО,ВО 30-160-080-2,ВО 30-160-080,800,1070 - 45620,31 - 963,250,85,68400
2327,ВО,ВО 30-160-080-2,ВО 30-160-080,800,720 - 39130,31 - 960,370,95,62200
2328,ВО,ВО 30-160-080-3,ВО 30-160-080,800,870 - 48960,27 - 1079,4000,104,92500
2329,ВО,ВО 30-160-080-2,ВО 30-160-080,800,720 - 43020,31 - 1030,250,73,60600
2330,ВО,ВО 30-160-080-2,ВО 30-160-080,800,980 - 57550,30 - 1065,2200,89,78400
2331,ВО,ВО 30-160-080-3,ВО 30-160-080,800,750 - 56670,32 - 923,2200,82,78400
2332,ВО,ВО 30-160-080-5,ВО 30-160-080,800,930 - 44000,27 - 969,250,89,59700
2333,ВО,ВО 30-160-080-4,ВО 30-160-080,800,1000 - 56650,27 - 1093,250,100,63200
2334,ВО,ВО 30-160-080-3,ВО 30-160-080,800,960 - 52880,29 - 1052,11000,83,165700
2335,ВО,ВО 30-160-080-2,ВО 30-160-080,800,970 - 54690,27 - 1013,15000,90,193000
2336,ВО,ВО 30-160-080-2,ВО 30-160-080,800,810 - 54380,31 - 1076,4000,92,103500
2337,ВО,ВО 30-160-080-2,ВО 30-160-080,800,1030 - 53390,29 - 1055,370,96,67000
2338,ВО,ВО 30-160-080-5,ВО 30-160-080,800,750 - 40780,30 - 909,4000,99,102400
2339,ВО,ВО 30-160-080-3,ВО 30-160-080,800,1030 - 44030,30 - 1014,180,105,68600
2340,ВО,ВО 30-160-080-2,ВО 30-160-080,800,790 - 56650,28 - 945,11000,79,164600
2341,ВО,ВО 30-160-080-1,ВО 30-160-080,800,780 - 39530,32 - 1017,3000,102,87200
2342,ВО,ВО 30-160-080-3,ВО 30-160-080,800,1030 - 45100,31 - 946,750,84,72700
2343,ВО,ВО 30-160-080-4,ВО 30-160-080,800,870 - 42460,31 - 1094,5500,83,111200
2344,ВО,ВО 30-160-080-3,ВО 30-160-080,800,910 - 55820,31 - 942,4000,80,103600
2345,ВО,ВО 30-160-080-5,ВО 30-160-080,800,1050 - 50620,29 - 1065,3000,93,92300
2346,ВО,ВО 30-160-080-3,ВО 30-160-080,800,920 - 53280,28 - 1002,370,104,70400
2347,ВО,ВО 30-160-080-1,ВО 30-160-080,800,990 - 47100,28 - 916,15000,79,196100
2348,ВО,ВО 30-160-080-4,ВО 30-160-080,800,810 - 50230,29 - 953,5500,73,110000
2349,ВО,ВО 30-160-080-5,ВО 30-160-080,800,720 - 40250,29 - 1094,370,78,68900
2350,ВО,ВО 30-160-080-1,ВО 30-160-080,800,840 - 52290,29 - 920,750,90,63300
2351,ВО,ВО 30-160-080-2,ВО 30-160-080,800,970 - 52480,27 - 928,1100,98,67800
2352,ВО,ВО 30-160-080-5,ВО 30-160-080,800,1040 - 51650,27 - 1033,1100,105,68900
2353,ВО,ВО 30-160-080-3,ВО 30-160-080,800,890 - 48770,29 - 1054,7500,75,133500
2354,ВО,ВО 30-160-080-1,ВО 30-160-080,800,820 - 39270,29 - 939,180,89,61300
2355,ВО,ВО 30-160-080-5,ВО 30-160-080,800,920 - 40730,31 - 1076,4000,93,102100
2356,ВО,ВО 30-160-080-5,ВО 30-160-080,800,980 - 42240,27 - 1019,7500,105,125800
2357,ВО,ВО 30-160-080-1,ВО 30-160-080,800,720 - 44740,30 - 991,1100,96,71700
2358,ВО,ВО 30-160-080-4,ВО 30-160-080,800,910 - 55570,32 - 1060,250,77,67300
2359,ВО,ВО 30-160-080-2,ВО 30-160-080,800,820 - 44180,31 - 1016,2200,86,82800
2360,ВО,ВО 30-160-080-1,ВО 30-160-080,800,970 - 43430,28 - 1066,3000,74,84700
2361,ВО,ВО 30-160-080-3,ВО 30-160-080,800,1060 - 41690,30 - 928,7500,73,134200
2362,ВО,ВО 30-160-080-1,ВО 30-160-080,800,1050 - 44480,31 - 967,3000,101,85800
2363,ВО,ВО 30-160-080-5,ВО 30-160-080,800,1050 - 51440,32 - 1086,1100,73,76200
2364,ВО,ВО 30-160-080-3,ВО 30-160-080,800,970 - 48620,29 - 1066,3000,80,90000
2365,ВО,ВО 30-160-080-1,ВО 30-160-080,800,900 - 39560,28 - 979,4000,99,97800
2366,ВО,ВО 30-160-080-4,ВО 30-160-080,800,960 - 43830,32 - 955,2200,76,75900
2367,ВО,ВО 30-160-080-1,ВО 30-160-080,800,1030 - 56920,29 - 1036,4000,95,103800
2368,ВО,ВО 30-160-080-3,ВО 30-160-080,800,970 - 41020,32 - 1095,370,101,68000
2369,ВО,ВО 30-160-080-3,ВО 30-160-080,800,1040 - 42840,29 - 968,5500,87,112200
2370,ВО,ВО 30-160-080-2,ВО 30-160-080,800,960 - 39380,28 - 1069,15000,90,192400
2371,ВО,ВО 30-160-080-3,ВО 30-160-080,800,760 - 56450,31 - 967,750,88,70900
2372,ВО,ВО 30-160-080-4,ВО 30-160-080,800,910 - 38970,27 - 964,15000,91,197500
2373,ВО,ВО 30-160-080-3,ВО 30-160-080,800,840 - 50150,29 - 1071,550,94,69000
2374,ВО,ВО 30-160-080-2,ВО 30-160-080,800,1070 - 42990,31 - 1086,3000,71,87400
2375,ВО,ВО 30-160-080-3,ВО 30-160-080,800,910 - 48580,28 - 1021,1500,77,71600
2376,ВО,ВО 30-160-080-4,ВО 30-160-080,800,980 - 39130,31 - 970,7500,70,133200
2377,ВО,ВО 30-160-080-2,ВО 30-160-080,800,990 - 55610,29 - 1063,4000,89,100300
2378,ВО,ВО 30-160-080-2,ВО 30-160-080,800,1030 - 51800,31 - 1049,550,102,64300
2379,ВО,ВО 30-160-080-2,ВО 30-160-080,800,760 - 43340,28 - 1047,370,74,59800
2380,ВО,ВО 30-160-080-5,ВО 30-160-080,800,740 - 41000,28 - 966,11000,104,164900
2381,ВО,ВО 30-160-080-3,ВО 30-160-080,800,990 - 50780,31 - 1075,3000,70,84000
2382,ВО,ВО 30-160-080-4,ВО 30-160-080,800,890 - 45310,29 - 913,550,76,72200
2383,ВО,ВО 30-160-080-1,ВО 30-160-080,800,830 - 55140,27 - 928,11000,77,161600
2384,ВО,ВО 30-160-080-4,ВО 30-160-080,800,870 - 49490,31 - 1069,750,74,65700
2385,ВО,ВО 30-160-080-3,ВО 30-160-080,800,720 - 46740,28 - 989,15000,105,195200
2386,ВО,ВО 30-160-080-2,ВО 30-160-080,800,760 - 48140,32 - 998,370,73,69700
2387,ВО,ВО 30-160-080-4,ВО 30-160-080,800,780 - 56750,32 - 1044,5500,95,107000
2388,ВО,ВО 30-160-080-5,ВО 30-160-080,800,930 - 54580,30 - 1008,5500,75,114400
2389,ВО,ВО 30-160-080-3,ВО 30-160-080,800,1030 - 45700,31 - 1031,7500,97,132300
2390,ВО,ВО 30-160-080-3,ВО 30-160-080,800,800 - 39680,29 - 949,750,80,67700
2391,ВО,ВО 30-160-080-4,ВО 30-160-080,800,820 - 39530,31 - 1026,15000,71,193700
2392,ВО,ВО 30-160-080-3,ВО 30-160-080,800,1000 - 39250,30 - 1042,4000,100,98800
2393,ВО,ВО 30-160-080-4,ВО 30-160-080,800,900 - 43720,27 - 946,7500,94,131300
2394,ВО,ВО 30-160-080-4,ВО 30-160-080,800,860 - 55840,29 - 1089,750,77,64700
2395,ВО,ВО 30-160-080-2,ВО 30-160-080,800,930 - 39970,28 - 1043,750,76,74400
2396,ВО,ВО 30-160-080-3,ВО 30-160-080,800,930 - 42160,30 - 1078,1500,76,77000
2397,ВР,ВР 30-160-025-4,ВР 30-160-025,250,280 - 6840,150 - 790,2200,96,61000
2398,ВР,ВР 30-160-025-2,ВР 30-160-025,250,290 - 8580,146 - 706,370,88,46200
2399,ВР,ВР 30-160-025-4,ВР 30-160-025,250,310 - 7930,146 - 806,3000,85,72800
2400,ВР,ВР 30-160-025-3,ВР 30-160-025,250,280 - 6830,129 - 740,250,88,47600
2401,ВР,ВР 30-160-025-2,ВР 30-160-025,250,300 - 8590,137 - 792,2200,82,64100
2402,ВР,ВР 30-160-025-2,ВР 30-160-025,250,240 - 7520,139 - 719,2200,97,60600
2403,ВР,ВР 30-160-025-1,ВР 30-160-025,250,260 - 8580,147 - 809,2200,101,64400
2404,ВР,ВР 30-160-025-3,ВР 30-160-025,250,320 - 8930,144 - 835,250,101,42400
2405,ВР,ВР 30-160-025-4,ВР 30-160-025,250,220 - 7240,136 - 750,11000,73,164900
2406,ВР,ВР 30-160-025-5,ВР 30-160-025,250,250 - 9280,147 - 815,180,79,46200
2407,ВР,ВР 30-160-025-2,ВР 30-160-025,250,230 - 7810,132 - 746,4000,83,90900
2408,ВР,ВР 30-160-025-1,ВР 30-160-025,250,240 - 7720,149 - 698,550,93,50000
2409,ВР,ВР 30-160-025-1,ВР 30-160-025,250,290 - 8950,145 - 792,7500,95,119500
2410,ВР,ВР 30-160-025-2,ВР 30-160-025,250,300 - 7870,152 - 805,7500,87,124000
2411,ВР,ВР 30-160-025-2,ВР 30-160-025,250,250 - 7420,152 - 722,15000,90,213600
2412,ВР,ВР 30-160-025-4,ВР 30-160-025,250,260 - 7890,144 - 699,7500,104,120100
2413,ВР,ВР 30-160-025-4,ВР 30-160-025,250,290 - 7620,147 - 714,11000,75,165000
2414,ВР,ВР 30-160-025-1,ВР 30-160-025,250,300 - 7260,151 - 751,1100,79,44700
2415,ВР,ВР 30-160-025-3,ВР 30-160-025,250,320 - 8390,146 - 749,4000,94,91600
2416,ВР,ВР 30-160-025-5,ВР 30-160-025,250,300 - 8540,133 - 806,250,82,44500
2417,ВР,ВР 30-160-025-1,ВР 30-160-025,250,280 - 7630,151 - 767,550,102,40300
2418,ВР,ВР 30-160-025-4,ВР 30-160-025,250,280 - 7380,127 - 731,2200,75,64000
2419,ВР,ВР 30-160-025-4,ВР 30-160-025,250,230 - 6450,140 - 721,180,103,39900
2420,ВР,ВР 30-160-025-3,ВР 30-160-025,250,300 - 8310,127 - 756,4000,77,87900
2421,ВР,ВР 30-160-025-1,ВР 30-160-025,250,250 - 6960,152 - 804,250,74,44600
2422,ВР,ВР 30-160-025-1,ВР 30-160-025,250,290 - 7240,139 - 733,11000,91,167100
2423,ВР,ВР 30-160-025-2,ВР 30-160-025,250,320 - 7660,128 - 843,2200,82,63500
2424,ВР,ВР 30-160-025-1,ВР 30-160-025,250,240 - 8370,140 - 725,15000,95,214600
2425,ВР,ВР 30-160-025-1,ВР 30-160-025,250,300 - 6920,147 - 848,2200,81,57700
2426,ВР,ВР 30-160-025-2,ВР 30-160-025,250,330 - 6980,151 - 705,370,92,38600
2427,ВР,ВР 30-160-025-3,ВР 30-160-025,250,330 - 7130,135 - 787,5500,105,101400
2428,ВР,ВР 30-160-025-4,ВР 30-160-025,250,330 - 8880,142 - 768,1500,70,59100
2429,ВР,ВР 30-160-025-1,ВР 30-160-025,250,240 - 7440,145 - 850,7500,105,121400
2430,ВР,ВР 30-160-025-4,ВР 30-160-025,250,320 - 7690,139 - 792,370,96,38700
2431,ВР,ВР 30-160-025-1,ВР 30-160-025,250,270 - 7230,138 - 845,1100,87,55800
2432,ВР,ВР 30-160-025-2,ВР 30-160-025,250,260 - 7330,138 - 792,15000,94,208600
2433,ВР,ВР 30-160-025-5,ВР 30-160-025,250,230 - 6640,149 - 793,15000,74,211200
2434,ВР,ВР 30-160-025-3,ВР 30-160-025,250,330 - 8620,144 - 843,7500,78,120200
2435,ВР,ВР 30-160-025-2,ВР 30-160-025,250,290 - 7590,145 - 723,1100,76,57300
2436,ВР,ВР 30-160-025-1,ВР 30-160-025,250,290 - 7470,141 - 786,550,85,42200
2437,ВР,ВР 30-160-025-5,ВР 30-160-025,250,310 - 7170,147 - 767,370,94,41500
2438,ВР,ВР 30-160-025-5,ВР 30-160-025,250,310 - 7000,152 - 698,750,85,47400
2439,ВР,ВР 30-160-025-4,ВР 30-160-025,250,300 - 6440,152 - 800,7500,99,132300
2440,ВР,ВР 30-160-025-1,ВР 30-160-025,250,330 - 7680,144 - 796,250,99,47300
2441,ВР,ВР 30-160-025-2,ВР 30-160-025,250,270 - 6830,137 - 702,5500,93,97900
2442,ВР,ВР 30-160-025-2,ВР 30-160-025,250,260 - 9120,147 - 779,750,95,46100
2443,ВР,ВР 30-160-025-3,ВР 30-160-025,250,310 - 8650,153 - 814,2200,81,68100
2444,ВР,ВР 30-160-025-5,ВР 30-160-025,250,270 - 6200,151 - 807,11000,81,171800
2445,ВР,ВР 30-160-025-5,ВР 30-160-025,250,300 - 7800,135 - 762,3000,86,76900
2446,ВР,ВР 30-160-025-4,ВР 30-160-025,250,330 - 7120,134 - 737,550,71,40700
2447,ВР,ВР 30-160-025-4,ВР 30-160-025,250,320 - 7880,132 - 812,11000,82,171800
2448,ВР,ВР 30-160-025-2,ВР 30-160-025,250,330 - 9170,137 - 743,750,104,47400
2449,ВР,ВР 30-160-025-2,ВР 30-160-025,250,270 - 8690,137 - 750,1100,71,51300
2450,ВР,ВР 30-160-025-5,ВР 30-160-025,250,250 - 6340,138 - 757,7500,94,128300
2451,ВР,ВР 30-160-025-3,ВР 30-160-025,250,270 - 8440,128 - 732,370,89,48100
2452,ВР,ВР 30-160-025-4,ВР 30-160-025,250,310 - 8410,151 - 722,5500,89,94300
2453,ВР,ВР 30-160-025-5,ВР 30-160-025,250,250 - 8390,149 - 742,180,98,32800
2454,ВР,ВР 30-160-025-5,ВР 30-160-025,250,260 - 8080,154 - 772,2200,83,63500
2455,ВР,ВР 30-160-025-5,ВР 30-160-025,250,320 - 7040,146 - 782,2200,75,66000
2456,ВР,ВР 30-160-025-3,ВР 30-160-025,250,230 - 9130,127 - 833,2200,80,61100
2457,ВР,ВР 30-160-025-2,ВР 30-160-025,250,270 - 8280,138 - 795,15000,91,220600
2458,ВР,ВР 30-160-025-4,ВР 30-160-025,250,240 - 9160,141 - 739,15000,91,207700
2459,ВР,ВР 30-160-025-3,ВР 30-160-025,250,290 - 6660,131 - 788,15000,83,217700
2460,ВР,ВР 30-160-025-1,ВР 30-160-025,250,230 - 7800,154 - 710,750,101,41600
2461,ВР,ВР 30-160-025-1,ВР 30-160-025,250,320 - 8900,135 - 761,15000,90,207200
2462,ВР,ВР 30-160-025-3,ВР 30-160-025,250,270 - 6840,128 - 770,750,72,40400
2463,ВР,ВР 30-160-025-5,ВР 30-160-025,250,320 - 7980,133 - 765,3000,87,65200
2464,ВР,ВР 30-160-025-5,ВР 30-160-025,250,330 - 8870,132 - 751,5500,88,101100
2465,ВР,ВР 30-160-025-1,ВР 30-160-025,250,240 - 7920,146 - 811,15000,74,211700
2466,ВР,ВР 30-160-025-2,ВР 30-160-025,250,280 - 6590,152 - 831,1100,96,50400
2467,ВР,ВР 30-160-025-2,ВР 30-160-025,250,330 - 6390,130 - 839,3000,104,70900
2468,ВР,ВР 30-160-025-1,ВР 30-160-025,250,330 - 9210,135 - 718,11000,97,166700
2469,ВР,ВР 30-160-025-2,ВР 30-160-025,250,320 - 8190,147 - 759,3000,81,70800
2470,ВР,ВР 30-160-025-5,ВР 30-160-025,250,290 - 7000,154 - 779,180,70,47200
2471,ВР,ВР 30-160-025-4,ВР 30-160-025,250,240 - 6540,133 - 752,3000,93,70300
2472,ВР,ВР 30-160-025-5,ВР 30-160-025,250,260 - 7620,147 - 839,7500,78,118200
2473,ВР,ВР 30-160-025-3,ВР 30-160-025,250,300 - 8120,150 - 803,15000,84,212900
2474,ВР,ВР 30-160-025-3,ВР 30-160-025,250,320 - 6360,137 - 704,2200,95,63300
2475,ВР,ВР 30-160-025-5,ВР 30-160-025,250,240 - 8990,136 - 705,2200,84,67300
2476,ВР,ВР 30-160-025-3,ВР 30-160-025,250,290 - 7620,137 - 705,5500,77,105000
2477,ВР,ВР 30-160-025-2,ВР 30-160-025,250,230 - 8470,152 - 821,4000,102,89000
2478,ВР,ВР 30-160-025-5,ВР 30-160-025,250,250 - 6330,137 - 821,1100,100,57600
2479,ВР,ВР 30-160-025-3,ВР 30-160-025,250,290 - 8710,136 - 797,5500,74,101000
2480,ВР,ВР 30-160-025-3,ВР 30-160-025,250,290 - 8010,128 - 729,7500,95,130400
2481,ВР,ВР 30-160-025-5,ВР 30-160-025,250,230 - 8740,152 - 815,180,88,39000
2482,ВР,ВР 30-160-025-2,ВР 30-160-025,250,250 - 6500,139 - 851,250,77,41900
2483,ВР,ВР 30-160-025-5,ВР 30-160-025,250,320 - 7550,135 - 714,5500,97,103600
2484,ВР,ВР 30-160-025-2,ВР 30-160-025,250,330 - 8650,130 - 747,15000,74,205600
2485,ВР,ВР 30-160-025-1,ВР 30-160-025,250,240 - 7220,129 - 745,5500,95,107300
2486,ВР,ВР 30-160-025-5,ВР 30-160-025,250,320 - 6620,145 - 793,5500,93,98300
2487,ВР,ВР 30-160-025-1,ВР 30-160-025,250,220 - 8520,135 - 782,5500,93,106700
2488,ВР,ВР 30-160-025-1,ВР 30-160-025,250,320 - 7770,132 - 742,750,99,47600
2489,ВР,ВР 30-160-025-3,ВР 30-160-025,250,310 - 7670,134 - 825,5500,94,96200
2490,ВР,ВР 30-160-025-3,ВР 30-160-025,250,260 - 8260,148 - 815,1100,83,53200
2491,ВР,ВР 30-160-025-1,ВР 30-160-025,250,240 - 8140,151 - 813,4000,96,79700
2492,ВР,ВР 30-160-025-2,ВР 30-160-025,250,320 - 6730,128 - 837,5500,70,109600
2493,ВР,ВР 30-160-025-3,ВР 30-160-025,250,310 - 7600,127 - 790,11000,73,166100
2494,ВР,ВР 30-160-025-5,ВР 30-160-025,250,330 - 8690,152 - 826,1500,102,56500
2495,ВР,ВР 30-160-025-2,ВР 30-160-025,250,310 - 6260,136 - 708,5500,72,106800
2496,ВР,ВР 30-160-025-3,ВР 30-160-025,250,330 - 8710,145 - 736,4000,77,83900
2497,ВР,ВР 30-160-025-3,ВР 30-160-025,250,330 - 8490,131 - 808,7500,94,132800
2498,ВР,ВР 30-160-025-5,ВР 30-160-025,250,300 - 6420,137 - 717,1500,77,51400
2499,ВР,ВР 30-160-025-5,ВР 30-160-025,250,320 - 8740,134 - 797,250,74,35400
2500,ВР,ВР 30-160-025-1,ВР 30-160-025,250,230 - 8040,144 - 757,250,94,41300
2501,ВР,ВР 30-160-025-1,ВР 30-160-025,250,310 - 7880,144 - 752,3000,103,67100
2502,ВР,ВР 30-160-025-2,ВР 30-160-025,250,290 - 6550,127 - 703,750,85,45800
2503,ВР,ВР 30-160-025-4,ВР 30-160-025,250,220 - 8040,129 - 814,550,87,43500
2504,ВР,ВР 30-160-025-3,ВР 30-160-025,250,260 - 6680,152 - 773,250,102,47600
2505,ВР,ВР 30-160-025-2,ВР 30-160-025,250,280 - 9230,154 - 715,1500,81,49200
2506,ВР,ВР 30-160-025-4,ВР 30-160-025,250,300 - 8090,143 - 811,750,86,39200
2507,ВР,ВР 30-160-031-1,ВР 30-160-031,315,370 - 8690,191 - 1030,250,70,43800
2508,ВР,ВР 30-160-031-3,ВР 30-160-031,315,310 - 8970,164 - 935,3000,96,79300
2509,ВР,ВР 30-160-031-1,ВР 30-160-031,315,330 - 10430,187 - 895,2200,80,64500
2510,ВР,ВР 30-160-031-1,ВР 30-160-031,315,340 - 10530,182 - 1004,7500,71,123500
2511,ВР,ВР 30-160-031-2,ВР 30-160-031,315,410 - 8020,171 - 891,750,73,54900
2512,ВР,ВР 30-160-031-3,ВР 30-160-031,315,380 - 9820,167 - 1018,1100,75,54200
2513,ВР,ВР 30-160-031-4,ВР 30-160-031,315,330 - 10290,185 - 930,550,88,55800
2514,ВР,ВР 30-160-031-3,ВР 30-160-031,315,330 - 7870,173 - 934,1500,92,64800
2515,ВР,ВР 30-160-031-1,ВР 30-160-031,315,290 - 8100,190 - 936,370,99,47500
2516,ВР,ВР 30-160-031-3,ВР 30-160-031,315,360 - 8200,191 - 990,11000,103,173700
2517,ВР,ВР 30-160-031-1,ВР 30-160-031,315,420 - 10300,170 - 1033,11000,91,173200
2518,ВР,ВР 30-160-031-4,ВР 30-160-031,315,370 - 9450,185 - 908,1500,100,67800
2519,ВР,ВР 30-160-031-2,ВР 30-160-031,315,320 - 9000,192 - 1022,4000,76,96000
2520,ВР,ВР 30-160-031-5,ВР 30-160-031,315,370 - 11300,173 - 1021,1100,75,59500
2521,ВР,ВР 30-160-031-3,ВР 30-160-031,315,290 - 11670,163 - 909,1500,77,66900
2522,ВР,ВР 30-160-031-2,ВР 30-160-031,315,360 - 9220,166 - 887,250,88,39600
2523,ВР,ВР 30-160-031-2,ВР 30-160-031,315,320 - 9920,182 - 954,1500,83,64700
2524,ВР,ВР 30-160-031-5,ВР 30-160-031,315,330 - 10190,194 - 1008,370,98,43700
2525,ВР,ВР 30-160-031-5,ВР 30-160-031,315,370 - 10810,164 - 898,5500,105,107400
2526,ВР,ВР 30-160-031-3,ВР 30-160-031,315,300 - 9050,163 - 1016,7500,98,123100
2527,ВР,ВР 30-160-031-5,ВР 30-160-031,315,360 - 10670,165 - 1018,180,82,48800
2528,ВР,ВР 30-160-031-5,ВР 30-160-031,315,320 - 10710,162 - 1023,370,86,53700
2529,ВР,ВР 30-160-031-1,ВР 30-160-031,315,290 - 7960,172 - 920,550,105,56500
2530,ВР,ВР 30-160-031-2,ВР 30-160-031,315,400 - 8530,172 - 894,4000,88,93700
2531,ВР,ВР 30-160-031-1,ВР 30-160-031,315,340 - 11270,175 - 1032,15000,70,225500
2532,ВР,ВР 30-160-031-2,ВР 30-160-031,315,340 - 10430,165 - 958,4000,102,90300
2533,ВР,ВР 30-160-031-2,ВР 30-160-031,315,360 - 8660,162 - 887,5500,95,100800
2534,ВР,ВР 30-160-031-1,ВР 30-160-031,315,340 - 8270,173 - 1037,5500,73,105000
2535,ВР,ВР 30-160-031-3,ВР 30-160-031,315,370 - 11210,182 - 969,550,102,50200
2536,ВР,ВР 30-160-031-5,ВР 30-160-031,315,390 - 8330,185 - 903,250,102,45800
2537,ВР,ВР 30-160-031-5,ВР 30-160-031,315,400 - 10960,171 - 1044,15000,84,215600
2538,ВР,ВР 30-160-031-4,ВР 30-160-031,315,390 - 10210,192 - 897,15000,73,222200
2539,ВР,ВР 30-160-031-5,ВР 30-160-031,315,380 - 10220,160 - 979,1100,101,49000
2540,ВР,ВР 30-160-031-5,ВР 30-160-031,315,380 - 7910,162 - 1053,3000,81,76300
2541,ВР,ВР 30-160-031-5,ВР 30-160-031,315,340 - 10260,168 - 1053,1100,80,48200
2542,ВР,ВР 30-160-031-5,ВР 30-160-031,315,360 - 10600,176 - 892,11000,102,165600
2543,ВР,ВР 30-160-031-2,ВР 30-160-031,315,400 - 9660,171 - 948,4000,105,94800
2544,ВР,ВР 30-160-031-3,ВР 30-160-031,315,400 - 9130,186 - 969,7500,87,124500
2545,ВР,ВР 30-160-031-2,ВР 30-160-031,315,410 - 11230,165 - 895,11000,91,164100
2546,ВР,ВР 30-160-031-5,ВР 30-160-031,315,300 - 7800,184 - 943,1500,81,58700
2547,ВР,ВР 30-160-031-3,ВР 30-160-031,315,400 - 11330,191 - 1030,3000,82,77100
2548,ВР,ВР 30-160-031-3,ВР 30-160-031,315,370 - 9670,166 - 895,1100,78,50900
2549,ВР,ВР 30-160-031-2,ВР 30-160-031,315,390 - 11280,179 - 1012,4000,76,91400
2550,ВР,ВР 30-160-031-4,ВР 30-160-031,315,310 - 10590,167 - 919,370,70,45800
2551,ВР,ВР 30-160-031-1,ВР 30-160-031,315,320 - 10530,180 - 1068,180,98,47400
2552,ВР,ВР 30-160-031-3,ВР 30-160-031,315,400 - 9280,164 - 1000,750,95,49000
2553,ВР,ВР 30-160-031-5,ВР 30-160-031,315,300 - 8920,163 - 918,1100,81,52300
2554,ВР,ВР 30-160-031-1,ВР 30-160-031,315,360 - 9490,187 - 982,3000,92,73800
2555,ВР,ВР 30-160-031-3,ВР 30-160-031,315,310 - 8590,160 - 882,4000,72,89400
2556,ВР,ВР 30-160-031-3,ВР 30-160-031,315,420 - 9760,180 - 972,370,85,54700
2557,ВР,ВР 30-160-031-1,ВР 30-160-031,315,350 - 8160,161 - 965,7500,71,131500
2558,ВР,ВР 30-160-031-3,ВР 30-160-031,315,290 - 10480,192 - 950,250,74,45900
2559,ВР,ВР 30-160-031-1,ВР 30-160-031,315,420 - 9400,182 - 961,5500,81,99300
2560,ВР,ВР 30-160-031-1,ВР 30-160-031,315,320 - 10410,190 - 1002,15000,98,217800
2561,ВР,ВР 30-160-031-2,ВР 30-160-031,315,380 - 7970,194 - 964,370,89,48800
2562,ВР,ВР 30-160-031-1,ВР 30-160-031,315,400 - 10240,179 - 1072,7500,93,127600
2563,ВР,ВР 30-160-031-4,ВР 30-160-031,315,370 - 8850,172 - 1044,2200,103,65200
2564,ВР,ВР 30-160-031-3,ВР 30-160-031,315,410 - 11260,164 - 941,370,80,43100
2565,ВР,ВР 30-160-031-4,ВР 30-160-031,315,370 - 8340,188 - 992,750,87,52600
2566,ВР,ВР 30-160-031-4,ВР 30-160-031,315,340 - 9340,173 - 1000,3000,95,70900
2567,ВР,ВР 30-160-031-3,ВР 30-160-031,315,340 - 8460,183 - 963,3000,97,79100
2568,ВР,ВР 30-160-031-4,ВР 30-160-031,315,300 - 8090,170 - 938,2200,71,69400
2569,ВР,ВР 30-160-031-4,ВР 30-160-031,315,320 - 10370,185 - 934,11000,80,168000
2570,ВР,ВР 30-160-031-3,ВР 30-160-031,315,310 - 8090,164 - 1021,15000,84,221400
2571,ВР,ВР 30-160-031-5,ВР 30-160-031,315,280 - 9830,170 - 1069,3000,84,84200
2572,ВР,ВР 30-160-031-1,ВР 30-160-031,315,380 - 9720,167 - 977,11000,80,173400
2573,ВР,ВР 30-160-031-2,ВР 30-160-031,315,410 - 8580,186 - 962,180,89,49800
2574,ВР,ВР 30-160-031-2,ВР 30-160-031,315,330 - 9530,184 - 945,4000,79,95000
2575,ВР,ВР 30-160-031-3,ВР 30-160-031,315,320 - 9090,185 - 1014,2200,102,63100
2576,ВР,ВР 30-160-031-1,ВР 30-160-031,315,410 - 9910,168 - 1016,7500,92,133100
2577,ВР,ВР 30-160-031-5,ВР 30-160-031,315,390 - 10370,167 - 1054,370,72,52800
2578,ВР,ВР 30-160-031-2,ВР 30-160-031,315,350 - 10830,188 - 1061,3000,81,75200
2579,ВР,ВР 30-160-031-5,ВР 30-160-031,315,400 - 11290,170 - 983,180,83,39700
2580,ВР,ВР 30-160-031-2,ВР 30-160-031,315,290 - 10570,176 - 1031,3000,89,80300
2581,ВР,ВР 30-160-031-3,ВР 30-160-031,315,340 - 10930,163 - 891,750,94,46700
2582,ВР,ВР 30-160-031-3,ВР 30-160-031,315,390 - 10160,180 - 903,180,98,50700
2583,ВР,ВР 30-160-031-1,ВР 30-160-031,315,300 - 9820,170 - 914,250,94,47200
2584,ВР,ВР 30-160-031-1,ВР 30-160-031,315,330 - 11170,186 - 923,2200,82,66400
2585,ВР,ВР 30-160-031-5,ВР 30-160-031,315,320 - 11100,176 - 955,11000,82,175900
2586,ВР,ВР 30-160-031-3,ВР 30-160-031,315,340 - 9020,167 - 903,1100,102,55700
2587,ВР,ВР 30-160-031-1,ВР 30-160-031,315,390 - 8110,180 - 952,750,81,48700
2588,ВР,ВР 30-160-031-5,ВР 30-160-031,315,400 - 10250,163 - 998,1500,91,62500
2589,ВР,ВР 30-160-031-3,ВР 30-160-031,315,310 - 9550,188 - 903,1500,90,58600
2590,ВР,ВР 30-160-031-4,ВР 30-160-031,315,330 - 9690,166 - 957,7500,78,135300
2591,ВР,ВР 30-160-031-4,ВР 30-160-031,315,290 - 10250,162 - 933,2200,95,67500
2592,ВР,ВР 30-160-031-1,ВР 30-160-031,315,300 - 11440,172 - 1020,15000,75,222900
2593,ВР,ВР 30-160-031-4,ВР 30-160-031,315,340 - 7950,192 - 1013,11000,76,173000
2594,ВР,ВР 30-160-031-2,ВР 30-160-031,315,410 - 11280,178 - 937,750,72,58800
2595,ВР,ВР 30-160-031-1,ВР 30-160-031,315,370 - 11370,171 - 894,4000,78,92700
2596,ВР,ВР 30-160-031-3,ВР 30-160-031,315,400 - 10320,168 - 1002,250,104,52800
2597,ВР,ВР 30-160-031-4,ВР 30-160-031,315,290 - 9320,191 - 971,250,101,44500
2598,ВР,ВР 30-160-031-2,ВР 30-160-031,315,410 - 10790,190 - 1038,5500,85,112000
2599,ВР,ВР 30-160-040-1,ВР 30-160-040,400,460 - 12920,246 - 1197,4000,77,94000
2600,ВР,ВР 30-160-040-3,ВР 30-160-040,400,510 - 11320,241 - 1213,3000,77,82900
2601,ВР,ВР 30-160-040-1,ВР 30-160-040,400,480 - 14180,213 - 1269,250,100,53400
2602,ВР,ВР 30-160-040-3,ВР 30-160-040,400,430 - 12810,233 - 1352,1100,93,59500
2603,ВР,ВР 30-160-040-5,ВР 30-160-040,400,480 - 14780,233 - 1324,370,76,48100
2604,ВР,ВР 30-160-040-1,ВР 30-160-040,400,540 - 12560,246 - 1314,2200,70,68900
2605,ВР,ВР 30-160-040-2,ВР 30-160-040,400,430 - 11080,210 - 1277,11000,83,177500
2606,ВР,ВР 30-160-040-3,ВР 30-160-040,400,370 - 11240,236 - 1360,1500,103,61000
2607,ВР,ВР 30-160-040-2,ВР 30-160-040,400,530 - 12960,213 - 1123,2200,85,75500
2608,ВР,ВР 30-160-040-4,ВР 30-160-040,400,530 - 13130,205 - 1275,3000,103,86300
2609,ВР,ВР 30-160-040-3,ВР 30-160-040,400,400 - 14080,204 - 1342,15000,96,219500
2610,ВР,ВР 30-160-040-1,ВР 30-160-040,400,470 - 11470,247 - 1361,250,94,58200
2611,ВР,ВР 30-160-040-3,ВР 30-160-040,400,400 - 13280,234 - 1161,5500,83,112700
2612,ВР,ВР 30-160-040-4,ВР 30-160-040,400,530 - 13300,231 - 1162,7500,83,139100
2613,ВР,ВР 30-160-040-1,ВР 30-160-040,400,450 - 13380,242 - 1245,15000,104,228100
2614,ВР,ВР 30-160-040-3,ВР 30-160-040,400,420 - 10480,206 - 1306,750,91,52500
2615,ВР,ВР 30-160-040-2,ВР 30-160-040,400,390 - 12740,219 - 1183,3000,92,80200
2616,ВР,ВР 30-160-040-4,ВР 30-160-040,400,400 - 11570,230 - 1326,550,70,52400
2617,ВР,ВР 30-160-040-4,ВР 30-160-040,400,360 - 12610,229 - 1169,3000,100,78600
2618,ВР,ВР 30-160-040-1,ВР 30-160-040,400,520 - 14490,207 - 1282,750,75,62000
2619,ВР,ВР 30-160-040-1,ВР 30-160-040,400,500 - 12600,203 - 1362,7500,96,138300
2620,ВР,ВР 30-160-040-1,ВР 30-160-040,400,450 - 11410,212 - 1181,4000,81,94900
2621,ВР,ВР 30-160-040-5,ВР 30-160-040,400,520 - 11180,238 - 1317,370,83,57200
2622,ВР,ВР 30-160-040-3,ВР 30-160-040,400,480 - 14230,230 - 1277,180,94,51100
2623,ВР,ВР 30-160-040-2,ВР 30-160-040,400,380 - 13980,235 - 1213,3000,83,82300
2624,ВР,ВР 30-160-040-5,ВР 30-160-040,400,530 - 11490,233 - 1141,750,88,55400
2625,ВР,ВР 30-160-040-2,ВР 30-160-040,400,490 - 10040,245 - 1301,750,89,60400
2626,ВР,ВР 30-160-040-1,ВР 30-160-040,400,400 - 10830,212 - 1242,15000,100,225300
2627,ВР,ВР 30-160-040-5,ВР 30-160-040,400,400 - 13210,236 - 1152,1500,96,74000
2628,ВР,ВР 30-160-040-5,ВР 30-160-040,400,520 - 10520,238 - 1303,370,89,59400
2629,ВР,ВР 30-160-040-5,ВР 30-160-040,400,520 - 11670,239 - 1253,250,78,53800
2630,ВР,ВР 30-160-040-5,ВР 30-160-040,400,450 - 14280,228 - 1270,11000,97,177400
2631,ВР,ВР 30-160-040-1,ВР 30-160-040,400,430 - 12420,212 - 1183,2200,98,71700
2632,ВР,ВР 30-160-040-5,ВР 30-160-040,400,480 - 10250,232 - 1288,15000,92,226600
2633,ВР,ВР 30-160-040-2,ВР 30-160-040,400,440 - 12680,223 - 1245,15000,80,221800
2634,ВР,ВР 30-160-040-3,ВР 30-160-040,400,470 - 14500,208 - 1308,11000,97,173600
2635,ВР,ВР 30-160-040-4,ВР 30-160-040,400,460 - 13260,223 - 1178,3000,102,84700
2636,ВР,ВР 30-160-040-1,ВР 30-160-040,400,480 - 14770,219 - 1340,4000,76,93200
2637,ВР,ВР 30-160-040-2,ВР 30-160-040,400,510 - 13520,230 - 1179,5500,93,120100
2638,ВР,ВР 30-160-040-1,ВР 30-160-040,400,370 - 13420,210 - 1269,7500,76,134700
2639,ВР,ВР 30-160-040-4,ВР 30-160-040,400,520 - 11250,230 - 1190,1500,70,69000
2640,ВР,ВР 30-160-040-4,ВР 30-160-040,400,490 - 11690,243 - 1193,750,98,52000
2641,ВР,ВР 30-160-040-1,ВР 30-160-040,400,510 - 13250,220 - 1263,15000,89,218100
2642,ВР,ВР 30-160-040-2,ВР 30-160-040,400,400 - 12370,219 - 1137,180,91,53500
2643,ВР,ВР 30-160-040-5,ВР 30-160-040,400,510 - 10850,222 - 1209,1500,93,70800
2644,ВР,ВР 30-160-040-4,ВР 30-160-040,400,480 - 10190,223 - 1319,2200,84,79500
2645,ВР,ВР 30-160-040-5,ВР 30-160-040,400,450 - 12870,240 - 1293,180,70,45200
2646,ВР,ВР 30-160-040-2,ВР 30-160-040,400,530 - 12280,205 - 1158,550,78,53000
2647,ВР,ВР 30-160-040-2,ВР 30-160-040,400,500 - 13220,208 - 1259,11000,73,177400
2648,ВР,ВР 30-160-040-2,ВР 30-160-040,400,410 - 14150,237 - 1229,15000,101,226200
2649,ВР,ВР 30-160-040-1,ВР 30-160-040,400,470 - 12190,205 - 1315,7500,72,139500
2650,ВР,ВР 30-160-040-3,ВР 30-160-040,400,410 - 10030,226 - 1347,370,103,57000
2651,ВР,ВР 30-160-040-1,ВР 30-160-040,400,460 - 13130,244 - 1179,180,74,57500
2652,ВР,ВР 30-160-040-5,ВР 30-160-040,400,360 - 13450,224 - 1289,3000,91,88000
2653,ВР,ВР 30-160-040-5,ВР 30-160-040,400,400 - 11240,213 - 1210,3000,80,77700
2654,ВР,ВР 30-160-040-1,ВР 30-160-040,400,490 - 11930,224 - 1153,1500,97,66600
2655,ВР,ВР 30-160-040-5,ВР 30-160-040,400,470 - 12220,223 - 1270,3000,76,81000
2656,ВР,ВР 30-160-040-3,ВР 30-160-040,400,450 - 12940,241 - 1348,4000,94,93100
2657,ВР,ВР 30-160-040-5,ВР 30-160-040,400,530 - 10390,212 - 1236,7500,101,140200
2658,ВР,ВР 30-160-040-5,ВР 30-160-040,400,460 - 14160,236 - 1295,7500,103,132500
2659,ВР,ВР 30-160-040-4,ВР 30-160-040,400,460 - 12850,207 - 1251,1500,103,68200
2660,ВР,ВР 30-160-040-2,ВР 30-160-040,400,390 - 11130,215 - 1270,750,81,65700
2661,ВР,ВР 30-160-040-1,ВР 30-160-040,400,390 - 13320,229 - 1184,370,85,55500
2662,ВР,ВР 30-160-040-2,ВР 30-160-040,400,400 - 14510,234 - 1203,750,103,51800
2663,ВР,ВР 30-160-040-5,ВР 30-160-040,400,370 - 11780,213 - 1226,550,79,53000
2664,ВР,ВР 30-160-040-5,ВР 30-160-040,400,410 - 12470,214 - 1295,370,94,51800
2665,ВР,ВР 30-160-040-1,ВР 30-160-040,400,530 - 10860,246 - 1243,370,93,46400
2666,ВР,ВР 30-160-040-5,ВР 30-160-040,400,460 - 13310,221 - 1279,250,76,47900
2667,ВР,ВР 30-160-040-3,ВР 30-160-040,400,390 - 10660,220 - 1141,750,77,56900
2668,ВР,ВР 30-160-040-1,ВР 30-160-040,400,490 - 12200,220 - 1187,2200,80,70400
2669,ВР,ВР 30-160-040-4,ВР 30-160-040,400,420 - 10310,207 - 1327,750,74,56700
2670,ВР,ВР 30-160-040-2,ВР 30-160-040,400,380 - 10330,247 - 1239,11000,89,174300
2671,ВР,ВР 30-160-040-3,ВР 30-160-040,400,420 - 10370,204 - 1148,550,101,58400
2672,ВР,ВР 30-160-040-1,ВР 30-160-040,400,490 - 11980,231 - 1263,11000,81,179600
2673,ВР,ВР 30-160-040-4,ВР 30-160-040,400,430 - 12810,236 - 1131,1100,78,69500
2674,ВР,ВР 30-160-040-3,ВР 30-160-040,400,420 - 9950,225 - 1360,3000,94,84900
2675,ВР,ВР 30-160-040-3,ВР 30-160-040,400,380 - 11060,247 - 1306,180,82,44800
2676,ВР,ВР 30-160-040-4,ВР 30-160-040,400,480 - 11800,219 - 1340,3000,85,78100
2677,ВР,ВР 30-160-040-3,ВР 30-160-040,400,520 - 11700,230 - 1220,11000,83,183300
2678,ВР,ВР 30-160-040-3,ВР 30-160-040,400,370 - 10680,212 - 1177,750,93,63600
2679,ВР,ВР 30-160-040-1,ВР 30-160-040,400,430 - 14380,221 - 1192,15000,94,229200
2680,ВР,ВР 30-160-040-4,ВР 30-160-040,400,410 - 10920,214 - 1124,3000,99,80800
2681,ВР,ВР 30-160-040-3,ВР 30-160-040,400,360 - 11190,203 - 1230,1100,76,65600
2682,ВР,ВР 30-160-040-4,ВР 30-160-040,400,460 - 13810,221 - 1310,250,84,50300
2683,ВР,ВР 30-160-040-3,ВР 30-160-040,400,450 - 13780,244 - 1181,4000,88,98600
2684,ВР,ВР 30-160-040-4,ВР 30-160-040,400,430 - 13670,245 - 1145,7500,100,134400
2685,ВР,ВР 30-160-040-2,ВР 30-160-040,400,460 - 14770,209 - 1315,750,74,57000
2686,ВР,ВР 30-160-040-4,ВР 30-160-040,400,400 - 14400,244 - 1283,550,76,50000
2687,ВР,ВР 30-160-040-1,ВР 30-160-040,400,380 - 10200,240 - 1173,11000,73,171200
2688,ВР,ВР 30-160-040-1,ВР 30-160-040,400,470 - 10430,235 - 1163,180,104,59100
2689,ВР,ВР 30-160-040-5,ВР 30-160-040,400,510 - 13650,210 - 1209,2200,71,71800
2690,ВР,ВР 30-160-040-2,ВР 30-160-040,400,430 - 10970,237 - 1306,750,104,50800
2691,ВР,ВР 30-160-040-5,ВР 30-160-040,400,510 - 10520,224 - 1270,1500,104,59300
2692,ВР,ВР 30-160-040-5,ВР 30-160-040,400,390 - 10070,228 - 1157,1500,70,61800
2693,ВР,ВР 30-160-040-4,ВР 30-160-040,400,420 - 12630,211 - 1232,550,87,50000
2694,ВР,ВР 30-160-040-4,ВР 30-160-040,400,390 - 14300,204 - 1229,2200,83,78600
2695,ВР,ВР 30-160-040-2,ВР 30-160-040,400,470 - 13790,231 - 1185,7500,78,144500
2696,ВР,ВР 30-160-040-5,ВР 30-160-040,400,360 - 13820,216 - 1323,15000,78,223200
2697,ВР,ВР 30-160-040-2,ВР 30-160-040,400,520 - 11180,219 - 1324,7500,77,134700
2698,ВР,ВР 30-160-050-1,ВР 30-160-050,500,510 - 13400,263 - 1439,1100,105,75700
2699,ВР,ВР 30-160-050-4,ВР 30-160-050,500,450 - 18340,285 - 1448,180,90,62600
2700,ВР,ВР 30-160-050-2,ВР 30-160-050,500,480 - 18240,301 - 1692,3000,87,90000
2701,ВР,ВР 30-160-050-3,ВР 30-160-050,500,560 - 17580,286 - 1420,750,92,62700
2702,ВР,ВР 30-160-050-5,ВР 30-160-050,500,660 - 16260,304 - 1678,2200,74,87100
2703,ВР,ВР 30-160-050-1,ВР 30-160-050,500,490 - 16120,284 - 1544,250,71,64600
2704,ВР,ВР 30-160-050-5,ВР 30-160-050,500,590 - 12820,308 - 1624,7500,92,152100
2705,ВР,ВР 30-160-050-1,ВР 30-160-050,500,650 - 13940,295 - 1525,11000,102,178300
2706,ВР,ВР 30-160-050-1,ВР 30-160-050,500,550 - 15620,296 - 1583,750,82,65400
2707,ВР,ВР 30-160-050-4,ВР 30-160-050,500,540 - 13970,261 - 1447,7500,79,146200
2708,ВР,ВР 30-160-050-5,ВР 30-160-050,500,580 - 16950,254 - 1557,2200,85,82200
2709,ВР,ВР 30-160-050-3,ВР 30-160-050,500,610 - 16600,271 - 1684,11000,103,180700
2710,ВР,ВР 30-160-050-2,ВР 30-160-050,500,550 - 13250,309 - 1587,750,102,66400
2711,ВР,ВР 30-160-050-5,ВР 30-160-050,500,540 - 16750,305 - 1579,7500,88,144200
2712,ВР,ВР 30-160-050-5,ВР 30-160-050,500,540 - 14340,306 - 1589,11000,88,191200
2713,ВР,ВР 30-160-050-2,ВР 30-160-050,500,650 - 18060,299 - 1568,250,91,60600
2714,ВР,ВР 30-160-050-2,ВР 30-160-050,500,540 - 13610,263 - 1448,250,103,60400
2715,ВР,ВР 30-160-050-2,ВР 30-160-050,500,450 - 17950,280 - 1593,370,92,55900
2716,ВР,ВР 30-160-050-2,ВР 30-160-050,500,480 - 16530,258 - 1606,5500,77,128600
2717,ВР,ВР 30-160-050-3,ВР 30-160-050,500,650 - 14480,262 - 1499,1100,78,66500
2718,ВР,ВР 30-160-050-1,ВР 30-160-050,500,560 - 12460,296 - 1492,1500,71,80700
2719,ВР,ВР 30-160-050-4,ВР 30-160-050,500,540 - 18150,261 - 1540,7500,78,147300
2720,ВР,ВР 30-160-050-1,ВР 30-160-050,500,610 - 13330,308 - 1462,7500,81,139100
2721,ВР,ВР 30-160-050-1,ВР 30-160-050,500,670 - 16260,297 - 1557,3000,84,89200
2722,ВР,ВР 30-160-050-3,ВР 30-160-050,500,540 - 15000,268 - 1413,5500,72,124000
2723,ВР,ВР 30-160-050-4,ВР 30-160-050,500,450 - 13090,277 - 1586,11000,82,182700
2724,ВР,ВР 30-160-050-5,ВР 30-160-050,500,630 - 17830,290 - 1611,180,96,53400
2725,ВР,ВР 30-160-050-3,ВР 30-160-050,500,450 - 16460,271 - 1469,750,88,58300
2726,ВР,ВР 30-160-050-1,ВР 30-160-050,500,610 - 18100,308 - 1651,550,78,63300
2727,ВР,ВР 30-160-050-2,ВР 30-160-050,500,590 - 14820,272 - 1417,4000,93,107900
2728,ВР,ВР 30-160-050-5,ВР 30-160-050,500,630 - 15100,293 - 1518,180,85,58700
2729,ВР,ВР 30-160-050-4,ВР 30-160-050,500,500 - 14690,294 - 1641,370,78,63000
2730,ВР,ВР 30-160-050-2,ВР 30-160-050,500,540 - 15230,286 - 1531,2200,95,87500
2731,ВР,ВР 30-160-050-4,ВР 30-160-050,500,630 - 16010,297 - 1529,370,100,67000
2732,ВР,ВР 30-160-050-4,ВР 30-160-050,500,620 - 18330,307 - 1514,1500,94,74000
2733,ВР,ВР 30-160-050-1,ВР 30-160-050,500,570 - 18180,261 - 1514,15000,105,233500
2734,ВР,ВР 30-160-050-2,ВР 30-160-050,500,600 - 13650,259 - 1622,550,92,70000
2735,ВР,ВР 30-160-050-5,ВР 30-160-050,500,640 - 14780,300 - 1518,5500,92,119500
2736,ВР,ВР 30-160-050-4,ВР 30-160-050,500,600 - 14100,271 - 1550,5500,92,123400
2737,ВР,ВР 30-160-050-1,ВР 30-160-050,500,460 - 18560,268 - 1687,1500,74,70600
2738,ВР,ВР 30-160-050-3,ВР 30-160-050,500,600 - 16140,265 - 1613,15000,85,231400
2739,ВР,ВР 30-160-050-1,ВР 30-160-050,500,650 - 14030,276 - 1605,750,99,73300
2740,ВР,ВР 30-160-050-1,ВР 30-160-050,500,470 - 18150,285 - 1405,1100,105,73800
2741,ВР,ВР 30-160-050-4,ВР 30-160-050,500,450 - 17320,282 - 1508,4000,92,104000
2742,ВР,ВР 30-160-050-5,ВР 30-160-050,500,590 - 14400,287 - 1623,180,96,63500
2743,ВР,ВР 30-160-050-4,ВР 30-160-050,500,520 - 18100,254 - 1528,370,71,59200
2744,ВР,ВР 30-160-050-4,ВР 30-160-050,500,580 - 12430,289 - 1595,250,70,59500
2745,ВР,ВР 30-160-050-3,ВР 30-160-050,500,620 - 17970,303 - 1683,1100,100,66500
2746,ВР,ВР 30-160-050-4,ВР 30-160-050,500,580 - 15550,259 - 1534,2200,81,87700
2747,ВР,ВР 30-160-050-2,ВР 30-160-050,500,510 - 14390,267 - 1488,2200,86,86800
2748,ВР,ВР 30-160-050-1,ВР 30-160-050,500,590 - 14520,278 - 1427,3000,73,92100
2749,ВР,ВР 30-160-050-4,ВР 30-160-050,500,470 - 16190,277 - 1456,2200,71,76300
2750,ВР,ВР 30-160-050-2,ВР 30-160-050,500,570 - 17220,276 - 1458,2200,73,89900
2751,ВР,ВР 30-160-050-5,ВР 30-160-050,500,450 - 12760,272 - 1600,550,103,56800
2752,ВР,ВР 30-160-050-1,ВР 30-160-050,500,520 - 13560,285 - 1615,370,73,65300
2753,ВР,ВР 30-160-050-5,ВР 30-160-050,500,570 - 17120,309 - 1536,750,74,66800
2754,ВР,ВР 30-160-050-1,ВР 30-160-050,500,500 - 14130,307 - 1456,2200,83,79400
2755,ВР,ВР 30-160-050-4,ВР 30-160-050,500,560 - 14570,303 - 1516,2200,77,82400
2756,ВР,ВР 30-160-050-5,ВР 30-160-050,500,620 - 13560,258 - 1682,180,92,61900
2757,ВР,ВР 30-160-050-2,ВР 30-160-050,500,570 - 15240,307 - 1622,15000,96,225600
2758,ВР,ВР 30-160-050-1,ВР 30-160-050,500,590 - 15070,272 - 1579,4000,102,111200
2759,ВР,ВР 30-160-050-3,ВР 30-160-050,500,650 - 15790,289 - 1592,1100,96,66800
2760,ВР,ВР 30-160-050-4,ВР 30-160-050,500,590 - 13460,254 - 1401,3000,76,95900
2761,ВР,ВР 30-160-050-3,ВР 30-160-050,500,560 - 14050,297 - 1632,1500,79,72900
2762,ВР,ВР 30-160-050-1,ВР 30-160-050,500,630 - 14940,292 - 1625,180,94,55500
2763,ВР,ВР 30-160-050-1,ВР 30-160-050,500,560 - 16820,294 - 1599,11000,89,178200
2764,ВР,ВР 30-160-050-3,ВР 30-160-050,500,570 - 12400,269 - 1596,15000,81,240200
2765,ВР,ВР 30-160-050-4,ВР 30-160-050,500,500 - 16990,254 - 1470,7500,93,152000
2766,ВР,ВР 30-160-050-2,ВР 30-160-050,500,580 - 15390,261 - 1685,7500,94,140500
2767,ВР,ВР 30-160-050-3,ВР 30-160-050,500,650 - 13660,297 - 1423,11000,89,189600
2768,ВР,ВР 30-160-050-1,ВР 30-160-050,500,450 - 13920,285 - 1543,370,103,61600
2769,ВР,ВР 30-160-050-1,ВР 30-160-050,500,580 - 14570,256 - 1493,1500,71,72900
2770,ВР,ВР 30-160-050-1,ВР 30-160-050,500,640 - 18270,284 - 1649,5500,98,120200
2771,ВР,ВР 30-160-050-2,ВР 30-160-050,500,670 - 12500,291 - 1566,1100,82,77000
2772,ВР,ВР 30-160-050-5,ВР 30-160-050,500,630 - 13260,268 - 1532,180,79,55900
2773,ВР,ВР 30-160-050-3,ВР 30-160-050,500,640 - 18550,258 - 1533,15000,97,239200
2774,ВР,ВР 30-160-050-5,ВР 30-160-050,500,480 - 13410,264 - 1458,4000,82,105600
2775,ВР,ВР 30-160-050-3,ВР 30-160-050,500,560 - 12970,266 - 1507,5500,91,127700
2776,ВР,ВР 30-160-050-1,ВР 30-160-050,500,550 - 17240,286 - 1484,3000,102,85400
2777,ВР,ВР 30-160-050-3,ВР 30-160-050,500,600 - 18110,259 - 1696,11000,102,184300
2778,ВР,ВР 30-160-050-1,ВР 30-160-050,500,480 - 16780,270 - 1616,5500,78,123700
2779,ВР,ВР 30-160-050-5,ВР 30-160-050,500,570 - 17940,264 - 1571,11000,86,182700
2780,ВР,ВР 30-160-050-3,ВР 30-160-050,500,510 - 17070,271 - 1505,370,103,56100
2781,ВР,ВР 30-160-050-4,ВР 30-160-050,500,460 - 14780,304 - 1700,750,71,66500
2782,ВР,ВР 30-160-050-4,ВР 30-160-050,500,500 - 17170,286 - 1587,15000,71,230500
2783,ВР,ВР 30-160-050-4,ВР 30-160-050,500,520 - 17610,266 - 1685,1500,73,68000
2784,ВР,ВР 30-160-050-2,ВР 30-160-050,500,630 - 18020,286 - 1495,550,105,63900
2785,ВР,ВР 30-160-050-3,ВР 30-160-050,500,460 - 16130,296 - 1656,15000,79,236000
2786,ВР,ВР 30-160-050-2,ВР 30-160-050,500,490 - 16580,307 - 1691,550,96,59400
2787,ВР,ВР 30-160-050-5,ВР 30-160-050,500,600 - 15040,269 - 1403,1100,83,74800
2788,ВР,ВР 30-160-050-2,ВР 30-160-050,500,590 - 12870,288 - 1479,550,91,70400
2789,ВР,ВР 30-160-050-1,ВР 30-160-050,500,600 - 16240,281 - 1396,4000,76,111000
2790,ВР,ВР 30-160-050-4,ВР 30-160-050,500,460 - 17960,268 - 1438,4000,81,105000
2791,ВР,ВР 30-160-050-4,ВР 30-160-050,500,510 - 16250,258 - 1611,550,80,65400
2792,ВР,ВР 30-160-050-3,ВР 30-160-050,500,450 - 16870,271 - 1403,180,71,64700
2793,ВР,ВР 30-160-050-5,ВР 30-160-050,500,490 - 16370,271 - 1459,11000,96,178800
2794,ВР,ВР 30-160-050-2,ВР 30-160-050,500,580 - 17620,280 - 1643,1100,105,74300
2795,ВР,ВР 30-160-050-3,ВР 30-160-050,500,640 - 14580,291 - 1554,550,78,63100
2796,ВР,ВР 30-160-050-3,ВР 30-160-050,500,530 - 17030,255 - 1394,550,98,59600
2797,ВР,ВР 30-160-050-5,ВР 30-160-050,500,630 - 13460,292 - 1546,1100,74,67400
2798,ВР,ВР 30-160-050-1,ВР 30-160-050,500,460 - 12600,304 - 1549,550,105,58500
2799,ВР,ВР 30-160-050-4,ВР 30-160-050,500,460 - 14930,266 - 1704,3000,96,85700
2800,ВР,ВР 30-160-050-5,ВР 30-160-050,500,640 - 18260,298 - 1613,1500,79,75700
2801,ВР,ВР 30-160-050-4,ВР 30-160-050,500,450 - 16970,261 - 1630,5500,99,122200
2802,ВР,ВР 30-160-050-1,ВР 30-160-050,500,560 - 18530,289 - 1477,15000,84,225700
2803,ВР,ВР 30-160-050-4,ВР 30-160-050,500,620 - 14950,281 - 1641,5500,81,114700
2804,ВР,ВР 30-160-050-3,ВР 30-160-050,500,540 - 13280,286 - 1485,5500,97,125400
2805,ВР,ВР 30-160-050-3,ВР 30-160-050,500,560 - 18300,285 - 1668,2200,103,80000
2806,ВР,ВР 30-160-050-4,ВР 30-160-050,500,540 - 18160,281 - 1410,750,103,60400
2807,ВР,ВР 30-160-063-2,ВР 30-160-063,630,700 - 16380,323 - 1760,3000,78,108800
2808,ВР,ВР 30-160-063-2,ВР 30-160-063,630,740 - 17770,353 - 1903,180,99,63600
2809,ВР,ВР 30-160-063-1,ВР 30-160-063,630,840 - 17340,352 - 1951,550,92,77000
2810,ВР,ВР 30-160-063-5,ВР 30-160-063,630,620 - 22180,379 - 1940,4000,77,117600
2811,ВР,ВР 30-160-063-5,ВР 30-160-063,630,630 - 20140,333 - 1948,11000,102,192600
2812,ВР,ВР 30-160-063-4,ВР 30-160-063,630,670 - 23020,384 - 2123,1500,97,89300
2813,ВР,ВР 30-160-063-2,ВР 30-160-063,630,830 - 21950,346 - 1834,1500,71,77500
2814,ВР,ВР 30-160-063-1,ВР 30-160-063,630,610 - 18040,364 - 2041,550,73,74900
2815,ВР,ВР 30-160-063-4,ВР 30-160-063,630,570 - 18190,378 - 2019,1100,86,87200
2816,ВР,ВР 30-160-063-5,ВР 30-160-063,630,620 - 21370,323 - 1870,1500,81,84200
2817,ВР,ВР 30-160-063-3,ВР 30-160-063,630,780 - 15820,350 - 1857,750,74,74000
2818,ВР,ВР 30-160-063-4,ВР 30-160-063,630,690 - 17550,362 - 1825,7500,81,147300
2819,ВР,ВР 30-160-063-3,ВР 30-160-063,630,650 - 22610,366 - 2062,11000,73,193600
2820,ВР,ВР 30-160-063-4,ВР 30-160-063,630,700 - 16470,349 - 1852,1500,88,90500
2821,ВР,ВР 30-160-063-1,ВР 30-160-063,630,630 - 18630,334 - 1902,11000,74,190800
2822,ВР,ВР 30-160-063-5,ВР 30-160-063,630,670 - 21470,360 - 1810,5500,93,139400
2823,ВР,ВР 30-160-063-1,ВР 30-160-063,630,800 - 19660,364 - 1972,11000,90,203100
2824,ВР,ВР 30-160-063-4,ВР 30-160-063,630,720 - 21070,327 - 1854,1100,81,81400
2825,ВР,ВР 30-160-063-5,ВР 30-160-063,630,840 - 21350,375 - 1985,370,70,73000
2826,ВР,ВР 30-160-063-4,ВР 30-160-063,630,770 - 15880,385 - 1780,2200,96,87600
2827,ВР,ВР 30-160-063-3,ВР 30-160-063,630,690 - 21060,345 - 1938,3000,72,103900
2828,ВР,ВР 30-160-063-4,ВР 30-160-063,630,820 - 19210,319 - 1986,11000,100,191700
2829,ВР,ВР 30-160-063-3,ВР 30-160-063,630,650 - 20940,340 - 1961,180,89,68000
2830,ВР,ВР 30-160-063-4,ВР 30-160-063,630,640 - 17950,350 - 1913,11000,81,195600
2831,ВР,ВР 30-160-063-4,ВР 30-160-063,630,600 - 18880,337 - 1785,750,98,79600
2832,ВР,ВР 30-160-063-3,ВР 30-160-063,630,570 - 23030,348 - 1909,5500,96,126900
2833,ВР,ВР 30-160-063-5,ВР 30-160-063,630,630 - 16360,321 - 1992,370,101,73800
2834,ВР,ВР 30-160-063-4,ВР 30-160-063,630,840 - 19650,353 - 2118,15000,73,240000
2835,ВР,ВР 30-160-063-5,ВР 30-160-063,630,780 - 19210,352 - 1881,5500,90,136200
2836,ВР,ВР 30-160-063-1,ВР 30-160-063,630,640 - 17610,382 - 1843,1100,83,76600
2837,ВР,ВР 30-160-063-2,ВР 30-160-063,630,770 - 21510,321 - 1901,5500,90,138300
2838,ВР,ВР 30-160-063-2,ВР 30-160-063,630,750 - 21170,349 - 1776,4000,84,107600
2839,ВР,ВР 30-160-063-4,ВР 30-160-063,630,830 - 21620,338 - 2082,250,81,68700
2840,ВР,ВР 30-160-063-5,ВР 30-160-063,630,610 - 17650,363 - 1843,750,75,72800
2841,ВР,ВР 30-160-063-5,ВР 30-160-063,630,650 - 16470,358 - 1942,750,91,68400
2842,ВР,ВР 30-160-063-4,ВР 30-160-063,630,650 - 19450,319 - 1934,550,79,67600
2843,ВР,ВР 30-160-063-3,ВР 30-160-063,630,800 - 20730,322 - 1787,1100,99,87500
2844,ВР,ВР 30-160-063-2,ВР 30-160-063,630,620 - 22040,346 - 1769,180,104,67100
2845,ВР,ВР 30-160-063-2,ВР 30-160-063,630,720 - 18380,321 - 1888,5500,90,137800
2846,ВР,ВР 30-160-063-5,ВР 30-160-063,630,680 - 18330,363 - 2110,11000,89,190500
2847,ВР,ВР 30-160-063-1,ВР 30-160-063,630,770 - 21340,321 - 2075,1100,70,87700
2848,ВР,ВР 30-160-063-4,ВР 30-160-063,630,570 - 18260,381 - 2082,370,91,72400
2849,ВР,ВР 30-160-063-1,ВР 30-160-063,630,700 - 22890,386 - 2011,250,79,76900
2850,ВР,ВР 30-160-063-2,ВР 30-160-063,630,770 - 17610,338 - 1887,2200,90,96700
2851,ВР,ВР 30-160-063-4,ВР 30-160-063,630,600 - 19730,345 - 2065,370,71,64700
2852,ВР,ВР 30-160-063-2,ВР 30-160-063,630,650 - 23060,332 - 1854,550,70,70300
2853,ВР,ВР 30-160-063-5,ВР 30-160-063,630,730 - 22000,363 - 1986,11000,75,190000
2854,ВР,ВР 30-160-063-4,ВР 30-160-063,630,730 - 22890,331 - 1937,250,94,62600
2855,ВР,ВР 30-160-063-2,ВР 30-160-063,630,780 - 21530,373 - 2103,15000,71,246000
2856,ВР,ВР 30-160-063-3,ВР 30-160-063,630,760 - 18160,361 - 2015,180,89,69500
2857,ВР,ВР 30-160-063-3,ВР 30-160-063,630,730 - 18690,349 - 1846,1100,79,81500
2858,ВР,ВР 30-160-063-1,ВР 30-160-063,630,740 - 19290,351 - 1925,5500,98,137800
2859,ВР,ВР 30-160-063-4,ВР 30-160-063,630,740 - 20780,356 - 1792,15000,80,236400
2860,ВР,ВР 30-160-063-4,ВР 30-160-063,630,630 - 23360,384 - 2053,5500,100,131200
2861,ВР,ВР 30-160-063-3,ВР 30-160-063,630,670 - 23170,383 - 1994,5500,80,125100
2862,ВР,ВР 30-160-063-1,ВР 30-160-063,630,580 - 20890,339 - 1922,180,80,66900
2863,ВР,ВР 30-160-063-4,ВР 30-160-063,630,620 - 18010,326 - 2137,370,104,70800
2864,ВР,ВР 30-160-063-1,ВР 30-160-063,630,730 - 21390,325 - 1901,370,75,67000
2865,ВР,ВР 30-160-063-3,ВР 30-160-063,630,700 - 20630,337 - 1789,550,101,73000
2866,ВР,ВР 30-160-063-2,ВР 30-160-063,630,700 - 17260,342 - 1924,4000,81,115100
2867,ВР,ВР 30-160-063-3,ВР 30-160-063,630,580 - 17360,385 - 2027,550,90,80000
2868,ВР,ВР 30-160-063-3,ВР 30-160-063,630,740 - 18940,326 - 1921,15000,74,236100
2869,ВР,ВР 30-160-063-3,ВР 30-160-063,630,680 - 19270,373 - 1827,1100,91,83800
2870,ВР,ВР 30-160-063-4,ВР 30-160-063,630,840 - 16280,371 - 1859,250,99,72100
2871,ВР,ВР 30-160-063-5,ВР 30-160-063,630,650 - 20210,387 - 1839,1100,93,80400
2872,ВР,ВР 30-160-063-2,ВР 30-160-063,630,590 - 19630,360 - 2088,15000,99,238000
2873,ВР,ВР 30-160-063-1,ВР 30-160-063,630,840 - 21790,323 - 2071,180,101,75600
2874,ВР,ВР 30-160-063-4,ВР 30-160-063,630,790 - 19840,362 - 1907,11000,92,199000
2875,ВР,ВР 30-160-063-1,ВР 30-160-063,630,840 - 19710,354 - 1807,370,104,75400
2876,ВР,ВР 30-160-063-4,ВР 30-160-063,630,690 - 19240,351 - 2110,1500,90,79700
2877,ВР,ВР 30-160-063-5,ВР 30-160-063,630,660 - 19120,355 - 1852,750,99,70900
2878,ВР,ВР 30-160-063-2,ВР 30-160-063,630,670 - 17940,384 - 2024,1500,85,89900
2879,ВР,ВР 30-160-063-3,ВР 30-160-063,630,650 - 22730,380 - 1895,3000,103,95700
2880,ВР,ВР 30-160-063-1,ВР 30-160-063,630,650 - 20110,323 - 2045,11000,75,189800
2881,ВР,ВР 30-160-063-4,ВР 30-160-063,630,700 - 16750,372 - 2027,7500,71,158100
2882,ВР,ВР 30-160-063-3,ВР 30-160-063,630,770 - 22910,341 - 1890,4000,87,118600
2883,ВР,ВР 30-160-063-2,ВР 30-160-063,630,600 - 20320,348 - 1946,2200,77,93400
2884,ВР,ВР 30-160-063-1,ВР 30-160-063,630,610 - 20440,364 - 2134,3000,101,102400
2885,ВР,ВР 30-160-063-4,ВР 30-160-063,630,780 - 19220,323 - 2054,7500,73,147900
2886,ВР,ВР 30-160-063-5,ВР 30-160-063,630,570 - 19810,367 - 1856,1100,100,81600
2887,ВР,ВР 30-160-063-5,ВР 30-160-063,630,710 - 22970,326 - 1827,750,84,69600
2888,ВР,ВР 30-160-063-1,ВР 30-160-063,630,580 - 20300,344 - 2043,15000,105,245100
2889,ВР,ВР 30-160-063-4,ВР 30-160-063,630,670 - 17080,339 - 2019,370,101,66800
2890,ВР,ВР 30-160-063-2,ВР 30-160-063,630,770 - 16360,371 - 1876,370,85,68100
2891,ВР,ВР 30-160-063-4,ВР 30-160-063,630,740 - 22900,385 - 1961,3000,99,96800
2892,ВР,ВР 30-160-063-3,ВР 30-160-063,630,820 - 16240,369 - 1811,4000,83,111200
2893,ВР,ВР 30-160-063-3,ВР 30-160-063,630,710 - 19260,358 - 1758,370,89,68800
2894,ВР,ВР 30-160-063-1,ВР 30-160-063,630,840 - 17590,369 - 1919,4000,70,110700
2895,ВР,ВР 30-160-063-4,ВР 30-160-063,630,720 - 22610,359 - 1880,2200,94,91500
2896,ВР,ВР 30-160-063-4,ВР 30-160-063,630,680 - 20270,332 - 2007,180,104,75700
2897,ВР,ВР 30-160-063-1,ВР 30-160-063,630,670 - 16220,364 - 1912,180,74,69200
2898,ВР,ВР 30-160-063-5,ВР 30-160-063,630,620 - 15900,348 - 1804,250,91,67800
2899,ВР,ВР 30-160-063-3,ВР 30-160-063,630,830 - 15650,349 - 2066,4000,89,108000
2900,ВР,ВР 30-160-063-2,ВР 30-160-063,630,760 - 16750,374 - 1816,3000,104,95700
2901,ВР,ВР 30-160-063-4,ВР 30-160-063,630,620 - 17330,369 - 1918,5500,78,135100
2902,ВР,ВР 30-160-063-1,ВР 30-160-063,630,670 - 18290,343 - 2092,15000,82,247900
2903,ВР,ВР 30-160-063-3,ВР 30-160-063,630,700 - 21190,371 - 1817,3000,100,97700
2904,ВР,ВР 30-160-063-5,ВР 30-160-063,630,640 - 21600,321 - 1798,370,88,64600
2905,ВР,ВР 30-160-063-5,ВР 30-160-063,630,590 - 22400,367 - 1972,1100,97,86500
2906,ВР,ВР 30-160-063-3,ВР 30-160-063,630,680 - 16460,329 - 1845,180,92,76400
2907,ВР,ВР 30-160-063-3,ВР 30-160-063,630,780 - 18170,348 - 1795,5500,95,132800
2908,ВР,ВР 30-160-063-5,ВР 30-160-063,630,780 - 19450,370 - 2072,7500,102,155000
2909,ВР,ВР 30-160-063-5,ВР 30-160-063,630,720 - 23010,358 - 2015,250,103,72900
2910,ВР,ВР 30-160-063-2,ВР 30-160-063,630,620 - 23320,321 - 2014,4000,102,106400
2911,ВР,ВР 30-160-063-3,ВР 30-160-063,630,700 - 23040,364 - 1921,5500,73,124200
2912,ВР,ВР 30-160-063-1,ВР 30-160-063,630,630 - 19590,365 - 2118,180,91,70300
2913,ВР,ВР 30-160-063-5,ВР 30-160-063,630,790 - 18300,363 - 1892,11000,74,192200
2914,ВР,ВР 30-160-063-4,ВР 30-160-063,630,820 - 16820,384 - 1879,1500,80,92300
2915,ВР,ВР 30-160-063-3,ВР 30-160-063,630,600 - 22680,374 - 1935,4000,93,108900
2916,ВР,ВР 30-160-063-3,ВР 30-160-063,630,840 - 17680,365 - 1929,180,80,68600
2917,ВР,ВР 30-160-063-1,ВР 30-160-063,630,620 - 19480,377 - 1820,2200,91,95700
2918,ВР,ВР 30-160-063-1,ВР 30-160-063,630,690 - 18920,319 - 1884,7500,96,152200
2919,ВР,ВР 30-160-063-1,ВР 30-160-063,630,700 - 16990,385 - 1914,5500,70,133500
2920,ВР,ВР 30-160-063-1,ВР 30-160-063,630,840 - 19060,342 - 1791,11000,73,196800
2921,ВР,ВР 30-160-063-1,ВР 30-160-063,630,690 - 17290,351 - 1898,3000,87,109700
2922,ВР,ВР 30-160-063-1,ВР 30-160-063,630,780 - 18090,332 - 2100,15000,85,247400
2923,ВР,ВР 30-160-063-4,ВР 30-160-063,630,680 - 19940,337 - 2139,3000,83,105600
2924,ВР,ВР 30-160-063-4,ВР 30-160-063,630,570 - 21120,383 - 1996,550,70,71400
2925,ВР,ВР 30-160-063-3,ВР 30-160-063,630,770 - 15890,343 - 2026,250,77,70000
2926,ВР,ВР 30-160-063-2,ВР 30-160-063,630,790 - 20720,353 - 1876,1500,72,79800
2927,ВР,ВР 30-160-063-3,ВР 30-160-063,630,580 - 19130,338 - 1925,3000,105,96100
2928,ВР,ВР 30-160-071-4,ВР 30-160-071,710,910 - 22220,410 - 2044,180,89,81200
2929,ВР,ВР 30-160-071-4,ВР 30-160-071,710,800 - 26300,435 - 2380,3000,91,105500
2930,ВР,ВР 30-160-071-3,ВР 30-160-071,710,930 - 21630,369 - 2279,2200,86,101200
2931,ВР,ВР 30-160-071-4,ВР 30-160-071,710,730 - 19480,420 - 2266,4000,103,127400
2932,ВР,ВР 30-160-071-1,ВР 30-160-071,710,780 - 23260,409 - 2375,2200,93,99700
2933,ВР,ВР 30-160-071-1,ВР 30-160-071,710,920 - 19520,429 - 2341,750,97,77100
2934,ВР,ВР 30-160-071-1,ВР 30-160-071,710,900 - 21220,411 - 2281,15000,103,250900
2935,ВР,ВР 30-160-071-5,ВР 30-160-071,710,710 - 20390,389 - 2044,750,83,78600
2936,ВР,ВР 30-160-071-1,ВР 30-160-071,710,820 - 25970,396 - 2264,2200,85,95000
2937,ВР,ВР 30-160-071-2,ВР 30-160-071,710,740 - 23360,418 - 2218,1100,76,83100
2938,ВР,ВР 30-160-071-5,ВР 30-160-071,710,930 - 26080,382 - 2235,5500,72,138500
2939,ВР,ВР 30-160-071-4,ВР 30-160-071,710,650 - 24540,408 - 2289,7500,77,163300
2940,ВР,ВР 30-160-071-4,ВР 30-160-071,710,810 - 18270,369 - 2353,550,104,77700
2941,ВР,ВР 30-160-071-4,ВР 30-160-071,710,890 - 20130,412 - 2044,5500,70,137900
2942,ВР,ВР 30-160-071-4,ВР 30-160-071,710,680 - 20510,430 - 2363,1100,104,80300
2943,ВР,ВР 30-160-071-5,ВР 30-160-071,710,760 - 22860,382 - 2042,180,97,79200
2944,ВР,ВР 30-160-071-2,ВР 30-160-071,710,780 - 24910,406 - 2111,2200,99,101000
2945,ВР,ВР 30-160-071-4,ВР 30-160-071,710,680 - 21510,419 - 2106,180,86,81800
2946,ВР,ВР 30-160-071-4,ВР 30-160-071,710,780 - 23890,403 - 2142,550,80,84900
2947,ВР,ВР 30-160-071-4,ВР 30-160-071,710,740 - 21600,376 - 2221,550,71,72500
2948,ВР,ВР 30-160-071-5,ВР 30-160-071,710,820 - 20640,425 - 2356,550,94,82600
2949,ВР,ВР 30-160-071-3,ВР 30-160-071,710,770 - 19420,416 - 2258,15000,103,249700
2950,ВР,ВР 30-160-071-5,ВР 30-160-071,710,640 - 20410,370 - 1994,4000,86,125600
2951,ВР,ВР 30-160-071-4,ВР 30-160-071,710,830 - 19040,400 - 2295,7500,88,167800
2952,ВР,ВР 30-160-071-5,ВР 30-160-071,710,900 - 22600,429 - 2119,750,74,88500
2953,ВР,ВР 30-160-071-2,ВР 30-160-071,710,780 - 25750,398 - 2150,250,85,79300
2954,ВР,ВР 30-160-071-2,ВР 30-160-071,710,840 - 20160,397 - 2370,1100,81,85800
2955,ВР,ВР 30-160-071-1,ВР 30-160-071,710,910 - 24710,391 - 2067,15000,97,250900
2956,ВР,ВР 30-160-071-1,ВР 30-160-071,710,790 - 19580,435 - 2346,180,87,71100
2957,ВР,ВР 30-160-071-3,ВР 30-160-071,710,660 - 20260,415 - 2100,11000,98,203500
2958,ВР,ВР 30-160-071-4,ВР 30-160-071,710,860 - 24150,412 - 2189,370,94,74200
2959,ВР,ВР 30-160-071-3,ВР 30-160-071,710,870 - 21660,416 - 2235,4000,92,124300
2960,ВР,ВР 30-160-071-3,ВР 30-160-071,710,770 - 18150,393 - 2325,11000,99,198900
2961,ВР,ВР 30-160-071-2,ВР 30-160-071,710,870 - 21840,403 - 2051,550,92,76400
2962,ВР,ВР 30-160-071-4,ВР 30-160-071,710,940 - 17780,374 - 2212,2200,96,92900
2963,ВР,ВР 30-160-071-1,ВР 30-160-071,710,880 - 18880,414 - 1993,180,82,83300
2964,ВР,ВР 30-160-071-2,ВР 30-160-071,710,800 - 20750,384 - 2354,3000,103,101800
2965,ВР,ВР 30-160-071-4,ВР 30-160-071,710,860 - 20420,394 - 1998,4000,104,120000
2966,ВР,ВР 30-160-071-3,ВР 30-160-071,710,930 - 21180,435 - 2418,15000,95,247200
2967,ВР,ВР 30-160-071-4,ВР 30-160-071,710,890 - 21150,412 - 1989,370,79,78000
2968,ВР,ВР 30-160-071-2,ВР 30-160-071,710,870 - 25270,394 - 1988,15000,84,245000
2969,ВР,ВР 30-160-071-1,ВР 30-160-071,710,660 - 18490,433 - 2092,5500,72,138100
2970,ВР,ВР 30-160-071-4,ВР 30-160-071,710,930 - 25210,378 - 2208,1500,83,95900
2971,ВР,ВР 30-160-071-3,ВР 30-160-071,710,810 - 20720,431 - 2399,11000,83,208900
2972,ВР,ВР 30-160-071-3,ВР 30-160-071,710,850 - 23970,400 - 2340,15000,76,251700
2973,ВР,ВР 30-160-071-5,ВР 30-160-071,710,800 - 18440,438 - 2135,2200,85,100800
2974,ВР,ВР 30-160-071-3,ВР 30-160-071,710,650 - 18990,406 - 2285,5500,78,140100
2975,ВР,ВР 30-160-071-4,ВР 30-160-071,710,910 - 23920,426 - 2083,1500,90,87900
2976,ВР,ВР 30-160-071-5,ВР 30-160-071,710,760 - 17910,425 - 2353,180,72,69700
2977,ВР,ВР 30-160-071-5,ВР 30-160-071,710,830 - 23820,403 - 2034,1500,105,86900
2978,ВР,ВР 30-160-071-5,ВР 30-160-071,710,900 - 20040,419 - 2338,180,79,69500
2979,ВР,ВР 30-160-071-1,ВР 30-160-071,710,890 - 20070,391 - 2131,550,91,74800
2980,ВР,ВР 30-160-071-3,ВР 30-160-071,710,920 - 25150,425 - 2360,15000,83,245200
2981,ВР,ВР 30-160-071-2,ВР 30-160-071,710,750 - 20500,384 - 2040,5500,96,130900
2982,ВР,ВР 30-160-071-2,ВР 30-160-071,710,870 - 25750,434 - 2148,750,78,84800
2983,ВР,ВР 30-160-071-2,ВР 30-160-071,710,670 - 18480,416 - 2118,3000,78,103300
2984,ВР,ВР 30-160-071-2,ВР 30-160-071,710,760 - 24060,431 - 2215,7500,85,159900
2985,ВР,ВР 30-160-071-3,ВР 30-160-071,710,720 - 25150,410 - 2091,7500,92,158000
2986,ВР,ВР 30-160-071-5,ВР 30-160-071,710,640 - 23270,410 - 2290,2200,104,102100
2987,ВР,ВР 30-160-071-2,ВР 30-160-071,710,870 - 25960,382 - 2247,3000,79,111000
2988,ВР,ВР 30-160-071-1,ВР 30-160-071,710,920 - 20220,372 - 2044,180,92,78400
2989,ВР,ВР 30-160-071-1,ВР 30-160-071,710,830 - 20080,409 - 1994,180,72,71300
2990,ВР,ВР 30-160-071-1,ВР 30-160-071,710,690 - 23500,413 - 2276,4000,71,117700
2991,ВР,ВР 30-160-071-1,ВР 30-160-071,710,800 - 25530,439 - 2304,11000,85,203900
2992,ВР,ВР 30-160-071-3,ВР 30-160-071,710,720 - 17750,435 - 2165,5500,73,143300
2993,ВР,ВР 30-160-071-2,ВР 30-160-071,710,700 - 25160,390 - 2143,550,85,79000
2994,ВР,ВР 30-160-071-4,ВР 30-160-071,710,750 - 25380,365 - 2081,4000,103,117700
2995,ВР,ВР 30-160-071-1,ВР 30-160-071,710,670 - 23340,364 - 1984,370,95,81400
2996,ВР,ВР 30-160-071-4,ВР 30-160-071,710,690 - 25830,417 - 2403,11000,70,202600
2997,ВР,ВР 30-160-071-4,ВР 30-160-071,710,790 - 25950,431 - 2187,1100,100,86300
2998,ВР,ВР 30-160-071-3,ВР 30-160-071,710,790 - 25720,409 - 2044,250,88,82700
2999,ВР,ВР 30-160-071-5,ВР 30-160-071,710,930 - 26180,401 - 2149,15000,105,255300
3000,ВР,ВР 30-160-071-3,ВР 30-160-071,710,900 - 24860,398 - 2084,11000,95,206500
3001,ВР,ВР 30-160-071-5,ВР 30-160-071,710,720 - 20350,423 - 2209,2200,100,99700
3002,ВР,ВР 30-160-071-4,ВР 30-160-071,710,690 - 17990,425 - 2413,3000,81,106000
3003,ВР,ВР 30-160-071-3,ВР 30-160-071,710,790 - 19640,365 - 2228,15000,75,247400
3004,ВР,ВР 30-160-071-3,ВР 30-160-071,710,840 - 23330,407 - 2348,550,78,73400
3005,ВР,ВР 30-160-071-1,ВР 30-160-071,710,940 - 22490,406 - 2415,11000,95,203200
3006,ВР,ВР 30-160-071-3,ВР 30-160-071,710,900 - 21780,418 - 2134,7500,91,154800
3007,ВР,ВР 30-160-071-4,ВР 30-160-071,710,940 - 22880,379 - 2022,4000,86,119000
3008,ВР,ВР 30-160-071-3,ВР 30-160-071,710,910 - 20850,406 - 2175,250,75,70300
3009,ВР,ВР 30-160-071-4,ВР 30-160-071,710,800 - 20330,402 - 1998,3000,86,107400
3010,ВР,ВР 30-160-071-2,ВР 30-160-071,710,840 - 24940,393 - 2198,5500,78,133000
3011,ВР,ВР 30-160-071-3,ВР 30-160-071,710,910 - 19670,429 - 2384,550,89,79500
3012,ВР,ВР 30-160-071-3,ВР 30-160-071,710,900 - 25370,381 - 2360,180,73,81300
3013,ВР,ВР 30-160-071-5,ВР 30-160-071,710,810 - 21900,433 - 1981,180,96,82400
3014,ВР,ВР 30-160-071-1,ВР 30-160-071,710,750 - 25860,414 - 1981,7500,72,165800
3015,ВР,ВР 30-160-071-5,ВР 30-160-071,710,910 - 20310,437 - 2038,15000,101,243200
3016,ВР,ВР 30-160-071-4,ВР 30-160-071,710,700 - 23250,379 - 2250,2200,72,96700
3017,ВР,ВР 30-160-071-3,ВР 30-160-071,710,850 - 26300,415 - 2020,250,103,84100
3018,ВР,ВР 30-160-071-4,ВР 30-160-071,710,720 - 23700,398 - 2406,750,93,76400
3019,ВР,ВР 30-160-071-3,ВР 30-160-071,710,880 - 23440,384 - 2311,4000,102,122000
3020,ВР,ВР 30-160-071-1,ВР 30-160-071,710,930 - 24510,436 - 2148,1500,85,94400
3021,ВР,ВР 30-160-071-3,ВР 30-160-071,710,780 - 22000,407 - 2085,15000,104,244200
3022,ВР,ВР 30-160-071-5,ВР 30-160-071,710,830 - 18790,387 - 2142,4000,85,119700
3023,ВР,ВР 30-160-071-5,ВР 30-160-071,710,920 - 25490,387 - 2311,250,100,75400
3024,ВР,ВР 30-160-071-3,ВР 30-160-071,710,640 - 22020,383 - 2314,4000,88,120100
3025,ВР,ВР 30-160-071-3,ВР 30-160-071,710,810 - 24080,406 - 2001,180,85,73800
3026,ВР,ВР 30-160-071-3,ВР 30-160-071,710,690 - 25150,422 - 2089,550,86,82700
3027,ВР,ВР 30-160-071-1,ВР 30-160-071,710,830 - 26030,382 - 2087,1100,76,86100
3028,ВР,ВР 30-160-071-5,ВР 30-160-071,710,730 - 18840,429 - 2356,180,100,74800
3029,ВР,ВР 30-160-071-1,ВР 30-160-071,710,660 - 22420,388 - 2403,2200,80,98100
3030,ВР,ВР 30-160-071-4,ВР 30-160-071,710,680 - 19090,385 - 2158,750,103,77600
3031,ВР,ВР 30-160-071-1,ВР 30-160-071,710,640 - 26150,369 - 2304,1100,72,92500
3032,ВР,ВР 30-160-071-1,ВР 30-160-071,710,690 - 24140,419 - 2066,7500,74,161700
3033,ВЦ,ВЦ 30-160-016-3,ВЦ 30-160-016,160,190 - 4220,165 - 819,370,78,43400
3034,ВЦ,ВЦ 30-160-016-4,ВЦ 30-160-016,160,130 - 4160,163 - 888,2200,90,63400
3035,ВЦ,ВЦ 30-160-016-1,ВЦ 30-160-016,160,190 - 3440,148 - 929,180,96,41500
3036,ВЦ,ВЦ 30-160-016-3,ВЦ 30-160-016,160,170 - 3220,169 - 813,1100,82,41400
3037,ВЦ,ВЦ 30-160-016-5,ВЦ 30-160-016,160,130 - 4140,144 - 821,180,74,28900
3038,ВЦ,ВЦ 30-160-016-5,ВЦ 30-160-016,160,150 - 3210,148 - 949,4000,87,83800
3039,ВЦ,ВЦ 30-160-016-3,ВЦ 30-160-016,160,140 - 3560,164 - 812,4000,70,81600
3040,ВЦ,ВЦ 30-160-016-3,ВЦ 30-160-016,160,130 - 4430,166 - 984,15000,105,245900
3041,ВЦ,ВЦ 30-160-016-5,ВЦ 30-160-016,160,170 - 3300,145 - 898,1100,91,45900
3042,ВЦ,ВЦ 30-160-016-3,ВЦ 30-160-016,160,160 - 3090,161 - 914,7500,71,139300
3043,ВЦ,ВЦ 30-160-016-5,ВЦ 30-160-016,160,160 - 3970,150 - 977,3000,105,74300
3044,ВЦ,ВЦ 30-160-016-2,ВЦ 30-160-016,160,150 - 3920,164 - 821,7500,76,134300
3045,ВЦ,ВЦ 30-160-016-3,ВЦ 30-160-016,160,180 - 4450,156 - 882,370,101,35700
3046,ВЦ,ВЦ 30-160-016-2,ВЦ 30-160-016,160,170 - 3890,150 - 877,4000,93,88500
3047,ВЦ,ВЦ 30-160-016-1,ВЦ 30-160-016,160,170 - 3480,173 - 924,180,105,38000
3048,ВЦ,ВЦ 30-160-016-1,ВЦ 30-160-016,160,170 - 4080,146 - 949,250,81,44200
3049,ВЦ,ВЦ 30-160-016-3,ВЦ 30-160-016,160,150 - 3100,151 - 951,3000,104,70900
3050,ВЦ,ВЦ 30-160-016-5,ВЦ 30-160-016,160,150 - 4160,161 - 921,550,85,50300
3051,ВЦ,ВЦ 30-160-016-4,ВЦ 30-160-016,160,130 - 3330,146 - 961,3000,86,80600
3052,ВЦ,ВЦ 30-160-016-3,ВЦ 30-160-016,160,150 - 3880,175 - 923,4000,95,93400
3053,ВЦ,ВЦ 30-160-016-5,ВЦ 30-160-016,160,130 - 4390,153 - 820,370,99,35200
3054,ВЦ,ВЦ 30-160-016-1,ВЦ 30-160-016,160,180 - 4200,174 - 930,250,79,36400
3055,ВЦ,ВЦ 30-160-016-5,ВЦ 30-160-016,160,130 - 4110,173 - 915,3000,97,67800
3056,ВЦ,ВЦ 30-160-016-1,ВЦ 30-160-016,160,160 - 3630,152 - 977,370,88,32100
3057,ВЦ,ВЦ 30-160-016-1,ВЦ 30-160-016,160,150 - 3760,162 - 824,3000,105,82800
3058,ВЦ,ВЦ 30-160-016-1,ВЦ 30-160-016,160,170 - 3450,147 - 927,250,81,39500
3059,ВЦ,ВЦ 30-160-016-2,ВЦ 30-160-016,160,170 - 3280,170 - 919,1500,78,56000
3060,ВЦ,ВЦ 30-160-016-3,ВЦ 30-160-016,160,160 - 4470,173 - 954,550,88,39600
3061,ВЦ,ВЦ 30-160-016-5,ВЦ 30-160-016,160,140 - 4450,175 - 979,3000,87,81400
3062,ВЦ,ВЦ 30-160-016-5,ВЦ 30-160-016,160,130 - 4380,156 - 926,15000,88,231600
3063,ВЦ,ВЦ 30-160-016-3,ВЦ 30-160-016,160,140 - 4040,169 - 908,750,103,42000
3064,ВЦ,ВЦ 30-160-016-4,ВЦ 30-160-016,160,150 - 4100,175 - 830,1500,90,56900
3065,ВЦ,ВЦ 30-160-016-1,ВЦ 30-160-016,160,180 - 4550,175 - 877,4000,103,86700
3066,ВЦ,ВЦ 30-160-016-3,ВЦ 30-160-016,160,160 - 3730,175 - 815,2200,95,69000
3067,ВЦ,ВЦ 30-160-016-1,ВЦ 30-160-016,160,130 - 3390,165 - 824,5500,98,115000
3068,ВЦ,ВЦ 30-160-016-5,ВЦ 30-160-016,160,180 - 4000,153 - 873,370,105,38300
3069,ВЦ,ВЦ 30-160-016-3,ВЦ 30-160-016,160,150 - 3250,166 - 824,180,79,29800
3070,ВЦ,ВЦ 30-160-016-5,ВЦ 30-160-016,160,180 - 4130,172 - 857,1500,72,58300
3071,ВЦ,ВЦ 30-160-016-5,ВЦ 30-160-016,160,140 - 4380,175 - 809,4000,90,90000
3072,ВЦ,ВЦ 30-160-016-3,ВЦ 30-160-016,160,130 - 4140,150 - 923,750,72,40900
3073,ВЦ,ВЦ 30-160-016-3,ВЦ 30-160-016,160,180 - 4220,152 - 879,5500,103,103400
3074,ВЦ,ВЦ 30-160-016-4,ВЦ 30-160-016,160,170 - 4140,171 - 955,2200,97,61300
3075,ВЦ,ВЦ 30-160-016-5,ВЦ 30-160-016,160,180 - 4420,174 - 827,4000,86,95600
3076,ВЦ,ВЦ 30-160-016-4,ВЦ 30-160-016,160,140 - 4410,148 - 906,15000,73,238400
3077,ВЦ,ВЦ 30-160-016-2,ВЦ 30-160-016,160,190 - 3620,174 - 931,1500,96,61800
3078,ВЦ,ВЦ 30-160-016-3,ВЦ 30-160-016,160,180 - 4060,168 - 888,2200,104,64500
3079,ВЦ,ВЦ 30-160-016-3,ВЦ 30-160-016,160,180 - 3240,155 - 839,3000,89,81300
3080,ВЦ,ВЦ 30-160-016-3,ВЦ 30-160-016,160,150 - 3620,159 - 885,180,81,44400
3081,ВЦ,ВЦ 30-160-016-2,ВЦ 30-160-016,160,140 - 3890,144 - 955,370,102,46300
3082,ВЦ,ВЦ 30-160-016-2,ВЦ 30-160-016,160,130 - 3320,174 - 827,15000,101,243800
3083,ВЦ,ВЦ 30-160-016-1,ВЦ 30-160-016,160,130 - 3680,174 - 874,180,93,34300
3084,ВЦ,ВЦ 30-160-016-2,ВЦ 30-160-016,160,130 - 3820,172 - 901,1500,96,57700
3085,ВЦ,ВЦ 30-160-016-4,ВЦ 30-160-016,160,180 - 3510,158 - 824,2200,78,73300
3086,ВЦ,ВЦ 30-160-016-3,ВЦ 30-160-016,160,140 - 4240,144 - 912,11000,90,184900
3087,ВЦ,ВЦ 30-160-016-3,ВЦ 30-160-016,160,120 - 3830,168 - 924,1500,86,61700
3088,ВЦ,ВЦ 30-160-016-1,ВЦ 30-160-016,160,140 - 3610,164 - 908,4000,98,95200
3089,ВЦ,ВЦ 30-160-016-2,ВЦ 30-160-016,160,160 - 4370,152 - 829,3000,96,68300
3090,ВЦ,ВЦ 30-160-016-4,ВЦ 30-160-016,160,140 - 3870,162 - 819,550,101,43000
3091,ВЦ,ВЦ 30-160-016-4,ВЦ 30-160-016,160,160 - 3490,160 - 894,550,77,48300
3092,ВЦ,ВЦ 30-160-016-3,ВЦ 30-160-016,160,170 - 3990,168 - 884,250,93,33400
3093,ВЦ,ВЦ 30-160-016-1,ВЦ 30-160-016,160,180 - 4140,144 - 824,1500,86,51600
3094,ВЦ,ВЦ 30-160-016-2,ВЦ 30-160-016,160,150 - 4010,146 - 952,2200,84,58400
3095,ВЦ,ВЦ 30-160-016-5,ВЦ 30-160-016,160,170 - 4480,166 - 968,4000,105,84700
3096,ВЦ,ВЦ 30-160-016-3,ВЦ 30-160-016,160,120 - 4110,162 - 853,370,100,36200
3097,ВЦ,ВЦ 30-160-016-1,ВЦ 30-160-016,160,160 - 4350,170 - 953,3000,95,78500
3098,ВЦ,ВЦ 30-160-016-3,ВЦ 30-160-016,160,130 - 4290,169 - 970,250,70,36900
3099,ВЦ,ВЦ 30-160-016-3,ВЦ 30-160-016,160,160 - 3280,171 - 883,1500,77,50800
3100,ВЦ,ВЦ 30-160-016-3,ВЦ 30-160-016,160,160 - 4330,167 - 840,5500,77,112200
3101,ВЦ,ВЦ 30-160-016-3,ВЦ 30-160-016,160,140 - 3640,154 - 974,15000,93,239800
3102,ВЦ,ВЦ 30-160-016-5,ВЦ 30-160-016,160,190 - 4430,149 - 973,4000,103,84300
3103,ВЦ,ВЦ 30-160-016-1,ВЦ 30-160-016,160,140 - 3610,158 - 834,1100,84,52300
3104,ВЦ,ВЦ 30-160-016-1,ВЦ 30-160-016,160,160 - 3220,152 - 948,550,75,43500
3105,ВЦ,ВЦ 30-160-016-3,ВЦ 30-160-016,160,170 - 3070,164 - 817,2200,75,68300
3106,ВЦ,ВЦ 30-160-016-4,ВЦ 30-160-016,160,160 - 3670,159 - 982,2200,88,65000
3107,ВЦ,ВЦ 30-160-016-3,ВЦ 30-160-016,160,180 - 3380,157 - 967,7500,88,136400
3108,ВЦ,ВЦ 30-160-016-3,ВЦ 30-160-016,160,170 - 4430,161 - 885,3000,104,84800
3109,ВЦ,ВЦ 30-160-016-2,ВЦ 30-160-016,160,170 - 3170,162 - 898,5500,75,109300
3110,ВЦ,ВЦ 30-160-016-3,ВЦ 30-160-016,160,170 - 3610,170 - 851,3000,76,71500
3111,ВЦ,ВЦ 30-160-016-1,ВЦ 30-160-016,160,180 - 3410,166 - 835,550,71,42800
3112,ВЦ,ВЦ 30-160-016-5,ВЦ 30-160-016,160,130 - 4300,153 - 957,15000,95,229300
3113,ВЦ,ВЦ 30-160-016-3,ВЦ 30-160-016,160,140 - 3200,146 - 876,370,95,40200
3114,ВЦ,ВЦ 30-160-016-1,ВЦ 30-160-016,160,170 - 3160,145 - 833,7500,78,139600
3115,ВЦ,ВЦ 30-160-016-5,ВЦ 30-160-016,160,180 - 3240,163 - 932,3000,82,72600
3116,ВЦ,ВЦ 30-160-016-2,ВЦ 30-160-016,160,160 - 3270,165 - 926,7500,73,143200
3117,ВЦ,ВЦ 30-160-016-2,ВЦ 30-160-016,160,180 - 3350,164 - 889,7500,76,140900
3118,ВЦ,ВЦ 30-160-016-5,ВЦ 30-160-016,160,150 - 3110,169 - 814,3000,82,71900
3119,ВЦ,ВЦ 30-160-016-4,ВЦ 30-160-016,160,190 - 3870,172 - 935,7500,76,134100
3120,ВЦ,ВЦ 30-160-016-1,ВЦ 30-160-016,160,180 - 3210,173 - 975,15000,105,238500
3121,ВЦ,ВЦ 30-160-016-1,ВЦ 30-160-016,160,140 - 3200,144 - 979,2200,100,67700
3122,ВЦ,ВЦ 30-160-016-3,ВЦ 30-160-016,160,140 - 3760,167 - 868,7500,92,139200
3123,ВЦ,ВЦ 30-160-016-2,ВЦ 30-160-016,160,140 - 3710,144 - 949,7500,81,133000
3124,ВЦ,ВЦ 30-160-016-3,ВЦ 30-160-016,160,160 - 3080,171 - 972,370,72,49100
3125,ВЦ,ВЦ 30-160-016-4,ВЦ 30-160-016,160,170 - 3280,159 - 972,4000,92,86600
3126,ВЦ,ВЦ 30-160-016-5,ВЦ 30-160-016,160,160 - 3930,172 - 833,3000,88,79600
3127,ВЦ,ВЦ 30-160-016-1,ВЦ 30-160-016,160,180 - 4090,144 - 871,550,71,34200
3128,ВЦ,ВЦ 30-160-016-1,ВЦ 30-160-016,160,160 - 4140,146 - 855,15000,97,236700
3129,ВЦ,ВЦ 30-160-016-4,ВЦ 30-160-016,160,130 - 4490,173 - 951,180,82,34000
3130,ВЦ,ВЦ 30-160-016-3,ВЦ 30-160-016,160,190 - 3580,161 - 985,180,90,34200
3131,ВЦ,ВЦ 30-160-016-2,ВЦ 30-160-016,160,170 - 3810,148 - 956,5500,97,105500
3132,ВЦ,ВЦ 30-160-016-2,ВЦ 30-160-016,160,180 - 4250,175 - 849,1100,93,49200
3133,ВЦ,ВЦ 30-160-016-2,ВЦ 30-160-016,160,140 - 3600,155 - 927,2200,72,58000
3134,ВЦ,ВЦ 30-160-016-3,ВЦ 30-160-016,160,130 - 4080,156 - 907,180,86,42300
3135,ВЦ,ВЦ 30-160-016-2,ВЦ 30-160-016,160,180 - 3360,174 - 820,180,103,45200
3136,ВЦ,ВЦ 30-160-016-2,ВЦ 30-160-016,160,160 - 4480,153 - 984,2200,76,62400
3137,ВЦ,ВЦ 30-160-016-3,ВЦ 30-160-016,160,160 - 3760,159 - 885,550,82,42600
3138,ВЦ,ВЦ 30-160-016-4,ВЦ 30-160-016,160,130 - 3400,174 - 963,1500,94,60500
3139,ВЦ,ВЦ 30-160-016-1,ВЦ 30-160-016,160,170 - 3920,169 - 933,11000,75,175300
3140,ВЦ,ВЦ 30-160-016-1,ВЦ 30-160-016,160,170 - 3560,168 - 809,3000,93,69300
3141,ВЦ,ВЦ 30-160-016-4,ВЦ 30-160-016,160,170 - 4110,147 - 918,2200,97,58100
3142,ВЦ,ВЦ 30-160-016-1,ВЦ 30-160-016,160,170 - 3620,174 - 909,7500,100,137600
3143,ВЦ,ВЦ 30-160-016-3,ВЦ 30-160-016,160,180 - 3980,167 - 939,2200,93,61800
3144,ВЦ,ВЦ 30-160-016-1,ВЦ 30-160-016,160,180 - 3230,175 - 931,180,72,45400
3145,ВЦ,ВЦ 30-160-016-3,ВЦ 30-160-016,160,130 - 3540,171 - 965,250,73,33500
3146,ВЦ,ВЦ 30-160-016-2,ВЦ 30-160-016,160,180 - 4080,168 - 894,7500,81,130200
3147,ВЦ,ВЦ 30-160-016-3,ВЦ 30-160-016,160,180 - 4290,155 - 952,11000,73,180500
3148,ВЦ,ВЦ 30-160-016-1,ВЦ 30-160-016,160,170 - 4070,158 - 955,4000,78,89200
3149,ВЦ,ВЦ 30-160-016-4,ВЦ 30-160-016,160,150 - 3310,147 - 894,11000,91,184900
3150,ВЦ,ВЦ 30-160-016-1,ВЦ 30-160-016,160,140 - 4320,151 - 880,3000,85,72900
3151,ВЦ,ВЦ 30-160-016-1,ВЦ 30-160-016,160,160 - 3540,148 - 972,2200,71,57400
3152,ВЦ,ВЦ 30-160-016-2,ВЦ 30-160-016,160,170 - 4050,152 - 811,180,79,38800
3153,ВЦ,ВЦ 30-160-016-3,ВЦ 30-160-016,160,160 - 3210,166 - 942,5500,95,111600
3154,ВЦ,ВЦ 30-160-016-4,ВЦ 30-160-016,160,160 - 4240,174 - 973,5500,90,103900
3155,ВЦ,ВЦ 30-160-016-4,ВЦ 30-160-016,160,150 - 3420,147 - 983,15000,75,244900
3156,ВЦ,ВЦ 30-160-016-2,ВЦ 30-160-016,160,150 - 3570,173 - 956,11000,97,191500
3157,ВЦ,ВЦ 30-160-020-4,ВЦ 30-160-020,200,200 - 5120,210 - 1038,1100,78,49800
3158,ВЦ,ВЦ 30-160-020-2,ВЦ 30-160-020,200,230 - 4940,209 - 1088,7500,102,140700
3159,ВЦ,ВЦ 30-160-020-5,ВЦ 30-160-020,200,180 - 3880,215 - 1067,750,91,55200
3160,ВЦ,ВЦ 30-160-020-2,ВЦ 30-160-020,200,190 - 5320,187 - 1171,180,88,42800
3161,ВЦ,ВЦ 30-160-020-1,ВЦ 30-160-020,200,220 - 4750,191 - 1179,15000,90,246100
3162,ВЦ,ВЦ 30-160-020-1,ВЦ 30-160-020,200,210 - 4400,201 - 1022,3000,73,76400
3163,ВЦ,ВЦ 30-160-020-5,ВЦ 30-160-020,200,190 - 5660,182 - 1182,1100,72,47500
3164,ВЦ,ВЦ 30-160-020-5,ВЦ 30-160-020,200,200 - 4670,219 - 1055,550,102,46000
3165,ВЦ,ВЦ 30-160-020-4,ВЦ 30-160-020,200,160 - 5740,188 - 1109,750,87,43600
3166,ВЦ,ВЦ 30-160-020-3,ВЦ 30-160-020,200,220 - 5320,199 - 1050,180,78,43900
3167,ВЦ,ВЦ 30-160-020-3,ВЦ 30-160-020,200,190 - 4650,218 - 1198,5500,103,112100
3168,ВЦ,ВЦ 30-160-020-2,ВЦ 30-160-020,200,230 - 4700,204 - 1120,4000,73,99100
3169,ВЦ,ВЦ 30-160-020-2,ВЦ 30-160-020,200,210 - 4650,213 - 1012,2200,70,67800
3170,ВЦ,ВЦ 30-160-020-2,ВЦ 30-160-020,200,200 - 5610,218 - 1108,1500,91,57200
3171,ВЦ,ВЦ 30-160-020-3,ВЦ 30-160-020,200,200 - 5320,183 - 1221,550,79,47300
3172,ВЦ,ВЦ 30-160-020-1,ВЦ 30-160-020,200,170 - 5710,208 - 1072,750,103,45900
3173,ВЦ,ВЦ 30-160-020-5,ВЦ 30-160-020,200,200 - 4270,216 - 1009,4000,97,91600
3174,ВЦ,ВЦ 30-160-020-2,ВЦ 30-160-020,200,160 - 5240,215 - 1066,5500,70,121100
3175,ВЦ,ВЦ 30-160-020-3,ВЦ 30-160-020,200,230 - 4140,209 - 1217,11000,83,187900
3176,ВЦ,ВЦ 30-160-020-2,ВЦ 30-160-020,200,160 - 4510,182 - 1179,180,104,49600
3177,ВЦ,ВЦ 30-160-020-3,ВЦ 30-160-020,200,190 - 3940,181 - 1211,11000,75,192600
3178,ВЦ,ВЦ 30-160-020-1,ВЦ 30-160-020,200,190 - 3870,197 - 1218,2200,76,59700
3179,ВЦ,ВЦ 30-160-020-4,ВЦ 30-160-020,200,190 - 5110,198 - 1071,5500,89,106300
3180,ВЦ,ВЦ 30-160-020-5,ВЦ 30-160-020,200,230 - 4940,184 - 1179,15000,100,241400
3181,ВЦ,ВЦ 30-160-020-1,ВЦ 30-160-020,200,230 - 5590,195 - 1160,7500,99,138200
3182,ВЦ,ВЦ 30-160-020-5,ВЦ 30-160-020,200,220 - 4790,199 - 1208,250,81,40400
3183,ВЦ,ВЦ 30-160-020-5,ВЦ 30-160-020,200,210 - 3890,213 - 1028,180,79,44700
3184,ВЦ,ВЦ 30-160-020-3,ВЦ 30-160-020,200,230 - 3980,218 - 1076,15000,73,244500
3185,ВЦ,ВЦ 30-160-020-4,ВЦ 30-160-020,200,170 - 4960,186 - 1200,1500,72,56000
3186,ВЦ,ВЦ 30-160-020-4,ВЦ 30-160-020,200,210 - 4100,188 - 1157,15000,83,236400
3187,ВЦ,ВЦ 30-160-020-2,ВЦ 30-160-020,200,220 - 5330,182 - 1039,2200,96,65400
3188,ВЦ,ВЦ 30-160-020-5,ВЦ 30-160-020,200,180 - 4130,200 - 1150,550,87,38500
3189,ВЦ,ВЦ 30-160-020-5,ВЦ 30-160-020,200,170 - 5540,188 - 1089,750,100,43600
3190,ВЦ,ВЦ 30-160-020-2,ВЦ 30-160-020,200,160 - 5480,193 - 1177,3000,79,82700
3191,ВЦ,ВЦ 30-160-020-3,ВЦ 30-160-020,200,200 - 4650,205 - 1065,5500,76,118300
3192,ВЦ,ВЦ 30-160-020-3,ВЦ 30-160-020,200,190 - 4200,216 - 1141,4000,83,87300
3193,ВЦ,ВЦ 30-160-020-2,ВЦ 30-160-020,200,220 - 4110,207 - 1067,1500,95,60000
3194,ВЦ,ВЦ 30-160-020-1,ВЦ 30-160-020,200,160 - 5310,188 - 1085,11000,85,183200
3195,ВЦ,ВЦ 30-160-020-5,ВЦ 30-160-020,200,160 - 4240,209 - 1143,1500,79,52000
3196,ВЦ,ВЦ 30-160-020-2,ВЦ 30-160-020,200,210 - 5340,206 - 1049,370,100,43700
3197,ВЦ,ВЦ 30-160-020-3,ВЦ 30-160-020,200,180 - 3930,219 - 1111,370,81,37800
3198,ВЦ,ВЦ 30-160-020-1,ВЦ 30-160-020,200,200 - 4080,209 - 1142,750,72,53600
3199,ВЦ,ВЦ 30-160-020-5,ВЦ 30-160-020,200,170 - 4490,190 - 1162,180,101,40900
3200,ВЦ,ВЦ 30-160-020-1,ВЦ 30-160-020,200,220 - 4660,203 - 1036,370,99,51800
3201,ВЦ,ВЦ 30-160-020-2,ВЦ 30-160-020,200,230 - 4860,213 - 1126,370,76,37100
3202,ВЦ,ВЦ 30-160-020-1,ВЦ 30-160-020,200,230 - 5290,202 - 1076,4000,76,97100
3203,ВЦ,ВЦ 30-160-020-5,ВЦ 30-160-020,200,230 - 4200,194 - 1220,7500,101,148100
3204,ВЦ,ВЦ 30-160-020-2,ВЦ 30-160-020,200,170 - 4900,188 - 1104,550,102,43000
3205,ВЦ,ВЦ 30-160-020-1,ВЦ 30-160-020,200,200 - 5460,198 - 1051,11000,84,187700
3206,ВЦ,ВЦ 30-160-020-3,ВЦ 30-160-020,200,220 - 3970,198 - 1125,1100,98,47900
3207,ВЦ,ВЦ 30-160-020-4,ВЦ 30-160-020,200,170 - 3870,215 - 1010,1500,78,63000
3208,ВЦ,ВЦ 30-160-020-5,ВЦ 30-160-020,200,210 - 4490,192 - 1142,3000,80,74500
3209,ВЦ,ВЦ 30-160-020-1,ВЦ 30-160-020,200,230 - 4230,186 - 1011,1100,82,54300
3210,ВЦ,ВЦ 30-160-020-3,ВЦ 30-160-020,200,180 - 4540,184 - 1071,5500,79,110400
3211,ВЦ,ВЦ 30-160-020-3,ВЦ 30-160-020,200,210 - 5400,202 - 1111,15000,105,241000
3212,ВЦ,ВЦ 30-160-020-5,ВЦ 30-160-020,200,230 - 4720,211 - 1115,4000,77,88800
3213,ВЦ,ВЦ 30-160-020-4,ВЦ 30-160-020,200,200 - 5700,207 - 1121,1500,80,55000
3214,ВЦ,ВЦ 30-160-020-2,ВЦ 30-160-020,200,220 - 4770,186 - 1063,5500,72,108900
3215,ВЦ,ВЦ 30-160-020-1,ВЦ 30-160-020,200,180 - 4490,200 - 1217,7500,99,141100
3216,ВЦ,ВЦ 30-160-020-4,ВЦ 30-160-020,200,170 - 4970,210 - 1085,2200,70,67800
3217,ВЦ,ВЦ 30-160-020-2,ВЦ 30-160-020,200,230 - 4900,190 - 1030,1100,90,57700
3218,ВЦ,ВЦ 30-160-020-4,ВЦ 30-160-020,200,200 - 5630,192 - 1109,2200,71,68200
3219,ВЦ,ВЦ 30-160-020-1,ВЦ 30-160-020,200,160 - 5080,184 - 1162,4000,99,99100
3220,ВЦ,ВЦ 30-160-020-1,ВЦ 30-160-020,200,230 - 5220,212 - 1161,750,104,40800
3221,ВЦ,ВЦ 30-160-020-4,ВЦ 30-160-020,200,200 - 4470,183 - 1171,5500,88,116100
3222,ВЦ,ВЦ 30-160-020-3,ВЦ 30-160-020,200,170 - 4500,182 - 1088,250,95,49600
3223,ВЦ,ВЦ 30-160-020-2,ВЦ 30-160-020,200,190 - 4100,189 - 1116,370,102,41900
3224,ВЦ,ВЦ 30-160-020-4,ВЦ 30-160-020,200,170 - 5330,206 - 1150,7500,93,141400
3225,ВЦ,ВЦ 30-160-020-2,ВЦ 30-160-020,200,190 - 5440,204 - 1119,15000,77,241100
3226,ВЦ,ВЦ 30-160-020-5,ВЦ 30-160-020,200,210 - 4110,193 - 1069,15000,102,236600
3227,ВЦ,ВЦ 30-160-020-3,ВЦ 30-160-020,200,190 - 4700,200 - 1215,1100,89,50400
3228,ВЦ,ВЦ 30-160-020-4,ВЦ 30-160-020,200,190 - 5000,186 - 1228,1500,75,66900
3229,ВЦ,ВЦ 30-160-020-5,ВЦ 30-160-020,200,230 - 5180,190 - 1058,550,75,50300
3230,ВЦ,ВЦ 30-160-020-1,ВЦ 30-160-020,200,200 - 4510,219 - 1141,250,96,45200
3231,ВЦ,ВЦ 30-160-020-4,ВЦ 30-160-020,200,190 - 4210,199 - 1100,550,101,46500
3232,ВЦ,ВЦ 30-160-020-4,ВЦ 30-160-020,200,200 - 5540,181 - 1207,7500,89,139500
3233,ВЦ,ВЦ 30-160-020-3,ВЦ 30-160-020,200,180 - 4090,182 - 1093,5500,104,115600
3234,ВЦ,ВЦ 30-160-020-5,ВЦ 30-160-020,200,210 - 5250,201 - 1011,11000,78,179100
3235,ВЦ,ВЦ 30-160-020-4,ВЦ 30-160-020,200,210 - 5690,216 - 1015,7500,79,133100
3236,ВЦ,ВЦ 30-160-020-2,ВЦ 30-160-020,200,210 - 4660,203 - 1043,15000,93,233200
3237,ВЦ,ВЦ 30-160-020-3,ВЦ 30-160-020,200,220 - 5120,219 - 1151,1100,71,59900
3238,ВЦ,ВЦ 30-160-020-3,ВЦ 30-160-020,200,210 - 3890,206 - 1082,180,83,40500
3239,ВЦ,ВЦ 30-160-020-3,ВЦ 30-160-020,200,160 - 4220,203 - 1035,4000,97,92100
3240,ВЦ,ВЦ 30-160-020-2,ВЦ 30-160-020,200,190 - 3850,216 - 1071,180,75,38400
3241,ВЦ,ВЦ 30-160-020-2,ВЦ 30-160-020,200,160 - 5420,208 - 1037,3000,101,78300
3242,ВЦ,ВЦ 30-160-020-5,ВЦ 30-160-020,200,170 - 4270,195 - 1175,15000,74,242300
3243,ВЦ,ВЦ 30-160-020-2,ВЦ 30-160-020,200,160 - 4110,215 - 1026,550,77,42900
3244,ВЦ,ВЦ 30-160-020-5,ВЦ 30-160-020,200,230 - 5030,180 - 1052,3000,75,73900
3245,ВЦ,ВЦ 30-160-020-4,ВЦ 30-160-020,200,170 - 4020,185 - 1059,250,103,50900
3246,ВЦ,ВЦ 30-160-020-5,ВЦ 30-160-020,200,160 - 3890,192 - 1052,1100,78,45400
3247,ВЦ,ВЦ 30-160-020-4,ВЦ 30-160-020,200,220 - 4270,210 - 1125,4000,92,88700
3248,ВЦ,ВЦ 30-160-020-4,ВЦ 30-160-020,200,220 - 5690,197 - 1160,1500,85,52500
3249,ВЦ,ВЦ 30-160-020-2,ВЦ 30-160-020,200,230 - 5700,219 - 1195,15000,71,242400
3250,ВЦ,ВЦ 30-160-020-5,ВЦ 30-160-020,200,200 - 4280,194 - 1055,2200,79,67100
3251,ВЦ,ВЦ 30-160-020-3,ВЦ 30-160-020,200,210 - 4510,215 - 1137,7500,90,133800
3252,ВЦ,ВЦ 30-160-020-2,ВЦ 30-160-020,200,210 - 4310,187 - 1047,370,86,36600
3253,ВЦ,ВЦ 30-160-020-2,ВЦ 30-160-020,200,210 - 5180,219 - 1181,11000,78,188300
3254,ВЦ,ВЦ 30-160-020-3,ВЦ 30-160-020,200,200 - 3900,191 - 1166,11000,84,194900
3255,ВЦ,ВЦ 30-160-020-4,ВЦ 30-160-020,200,220 - 5720,214 - 1190,180,92,37800
3256,ВЦ,ВЦ 30-160-020-2,ВЦ 30-160-020,200,210 - 4510,196 - 1035,750,85,55600
3257,ВЦ,ВЦ 30-160-020-5,ВЦ 30-160-020,200,230 - 4760,187 - 1157,5500,86,107100
3258,ВЦ,ВЦ 30-160-020-5,ВЦ 30-160-020,200,190 - 5190,187 - 1135,4000,97,93900
3259,ВЦ,ВЦ 30-160-020-3,ВЦ 30-160-020,200,200 - 5540,195 - 1145,5500,81,110700
3260,ВЦ,ВЦ 30-160-020-2,ВЦ 30-160-020,200,220 - 4140,185 - 1093,4000,79,84600
3261,ВЦ,ВЦ 30-160-020-2,ВЦ 30-160-020,200,190 - 3960,208 - 1058,250,92,36100
3262,ВЦ,ВЦ 30-160-020-2,ВЦ 30-160-020,200,180 - 4660,183 - 1140,3000,81,76600
3263,ВЦ,ВЦ 30-160-025-5,ВЦ 30-160-025,250,290 - 6590,250 - 1378,11000,78,197000
3264,ВЦ,ВЦ 30-160-025-4,ВЦ 30-160-025,250,290 - 6900,274 - 1520,3000,105,83600
3265,ВЦ,ВЦ 30-160-025-3,ВЦ 30-160-025,250,230 - 5940,251 - 1426,5500,94,120700
3266,ВЦ,ВЦ 30-160-025-3,ВЦ 30-160-025,250,220 - 6020,271 - 1422,15000,101,244800
3267,ВЦ,ВЦ 30-160-025-4,ВЦ 30-160-025,250,200 - 5680,254 - 1345,180,100,46900
3268,ВЦ,ВЦ 30-160-025-5,ВЦ 30-160-025,250,250 - 5000,229 - 1537,250,103,54300
3269,ВЦ,ВЦ 30-160-025-4,ВЦ 30-160-025,250,290 - 5010,227 - 1388,15000,87,242300
3270,ВЦ,ВЦ 30-160-025-5,ВЦ 30-160-025,250,270 - 4870,258 - 1493,1500,103,65200
3271,ВЦ,ВЦ 30-160-025-1,ВЦ 30-160-025,250,200 - 6620,256 - 1481,4000,99,97000
3272,ВЦ,ВЦ 30-160-025-3,ВЦ 30-160-025,250,230 - 5100,263 - 1271,5500,94,122000
3273,ВЦ,ВЦ 30-160-025-1,ВЦ 30-160-025,250,280 - 6530,271 - 1475,3000,92,87700
3274,ВЦ,ВЦ 30-160-025-5,ВЦ 30-160-025,250,290 - 6870,246 - 1472,750,73,61500
3275,ВЦ,ВЦ 30-160-025-4,ВЦ 30-160-025,250,210 - 6890,253 - 1307,1100,85,55800
3276,ВЦ,ВЦ 30-160-025-5,ВЦ 30-160-025,250,270 - 6390,228 - 1385,3000,80,77600
3277,ВЦ,ВЦ 30-160-025-1,ВЦ 30-160-025,250,240 - 6640,241 - 1399,1500,71,62100
3278,ВЦ,ВЦ 30-160-025-5,ВЦ 30-160-025,250,270 - 4800,260 - 1414,3000,82,88900
3279,ВЦ,ВЦ 30-160-025-3,ВЦ 30-160-025,250,260 - 6210,256 - 1520,15000,95,245700
3280,ВЦ,ВЦ 30-160-025-4,ВЦ 30-160-025,250,220 - 5980,251 - 1513,1500,76,58200
3281,ВЦ,ВЦ 30-160-025-2,ВЦ 30-160-025,250,240 - 6430,260 - 1374,5500,73,115100
3282,ВЦ,ВЦ 30-160-025-5,ВЦ 30-160-025,250,270 - 6140,225 - 1334,4000,71,89400
3283,ВЦ,ВЦ 30-160-025-2,ВЦ 30-160-025,250,270 - 6620,266 - 1340,370,79,51500
3284,ВЦ,ВЦ 30-160-025-4,ВЦ 30-160-025,250,220 - 6350,243 - 1454,5500,77,125800
3285,ВЦ,ВЦ 30-160-025-1,ВЦ 30-160-025,250,230 - 5720,256 - 1274,1100,94,55400
3286,ВЦ,ВЦ 30-160-025-1,ВЦ 30-160-025,250,200 - 6280,249 - 1296,180,70,51300
3287,ВЦ,ВЦ 30-160-025-1,ВЦ 30-160-025,250,200 - 4870,236 - 1268,250,92,43300
3288,ВЦ,ВЦ 30-160-025-4,ВЦ 30-160-025,250,280 - 6050,259 - 1476,180,105,44500
3289,ВЦ,ВЦ 30-160-025-3,ВЦ 30-160-025,250,240 - 5110,225 - 1446,1500,99,57600
3290,ВЦ,ВЦ 30-160-025-3,ВЦ 30-160-025,250,220 - 6760,235 - 1430,5500,75,118100
3291,ВЦ,ВЦ 30-160-025-2,ВЦ 30-160-025,250,220 - 5160,272 - 1339,5500,76,115300
3292,ВЦ,ВЦ 30-160-025-1,ВЦ 30-160-025,250,240 - 5880,251 - 1416,2200,84,73800
3293,ВЦ,ВЦ 30-160-025-2,ВЦ 30-160-025,250,220 - 5240,234 - 1269,370,100,44300
3294,ВЦ,ВЦ 30-160-025-5,ВЦ 30-160-025,250,260 - 7160,274 - 1267,11000,72,190200
3295,ВЦ,ВЦ 30-160-025-4,ВЦ 30-160-025,250,270 - 6760,253 - 1288,3000,85,76500
3296,ВЦ,ВЦ 30-160-025-5,ВЦ 30-160-025,250,270 - 6640,226 - 1461,4000,73,100300
3297,ВЦ,ВЦ 30-160-025-2,ВЦ 30-160-025,250,290 - 6510,256 - 1451,5500,80,111200
3298,ВЦ,ВЦ 30-160-025-5,ВЦ 30-160-025,250,200 - 6090,233 - 1314,550,90,50100
3299,ВЦ,ВЦ 30-160-025-4,ВЦ 30-160-025,250,210 - 7120,237 - 1491,370,83,50500
3300,ВЦ,ВЦ 30-160-025-4,ВЦ 30-160-025,250,250 - 4890,258 - 1403,750,88,61200
3301,ВЦ,ВЦ 30-160-025-2,ВЦ 30-160-025,250,270 - 5650,229 - 1415,370,102,40500
3302,ВЦ,ВЦ 30-160-025-1,ВЦ 30-160-025,250,260 - 6550,264 - 1483,11000,99,190100
3303,ВЦ,ВЦ 30-160-025-2,ВЦ 30-160-025,250,290 - 6270,244 - 1465,2200,104,71700
3304,ВЦ,ВЦ 30-160-025-3,ВЦ 30-160-025,250,280 - 4900,236 - 1284,7500,85,145800
3305,ВЦ,ВЦ 30-160-025-1,ВЦ 30-160-025,250,270 - 6960,234 - 1266,370,98,56500
3306,ВЦ,ВЦ 30-160-025-2,ВЦ 30-160-025,250,240 - 7140,262 - 1515,250,84,38800
3307,ВЦ,ВЦ 30-160-025-1,ВЦ 30-160-025,250,260 - 6580,241 - 1362,7500,105,141900
3308,ВЦ,ВЦ 30-160-025-5,ВЦ 30-160-025,250,250 - 6470,266 - 1463,180,92,39300
3309,ВЦ,ВЦ 30-160-025-1,ВЦ 30-160-025,250,280 - 4910,228 - 1417,5500,89,122400
3310,ВЦ,ВЦ 30-160-025-2,ВЦ 30-160-025,250,200 - 7070,231 - 1417,250,85,48100
3311,ВЦ,ВЦ 30-160-025-4,ВЦ 30-160-025,250,210 - 6710,251 - 1506,5500,83,112500
3312,ВЦ,ВЦ 30-160-025-2,ВЦ 30-160-025,250,250 - 6030,262 - 1438,11000,90,186100
3313,ВЦ,ВЦ 30-160-025-3,ВЦ 30-160-025,250,230 - 4900,239 - 1517,250,80,40700
3314,ВЦ,ВЦ 30-160-025-2,ВЦ 30-160-025,250,210 - 6510,231 - 1414,370,75,39500
3315,ВЦ,ВЦ 30-160-025-5,ВЦ 30-160-025,250,280 - 4990,255 - 1299,750,81,46100
3316,ВЦ,ВЦ 30-160-025-4,ВЦ 30-160-025,250,280 - 5050,274 - 1472,1100,70,52200
3317,ВЦ,ВЦ 30-160-025-1,ВЦ 30-160-025,250,260 - 7010,261 - 1482,11000,104,198000
3318,ВЦ,ВЦ 30-160-025-4,ВЦ 30-160-025,250,250 - 5010,251 - 1473,180,105,37300
3319,ВЦ,ВЦ 30-160-025-2,ВЦ 30-160-025,250,280 - 6180,230 - 1360,180,77,41500
3320,ВЦ,ВЦ 30-160-025-4,ВЦ 30-160-025,250,270 - 6880,238 - 1436,4000,94,103700
3321,ВЦ,ВЦ 30-160-025-3,ВЦ 30-160-025,250,220 - 4820,256 - 1335,7500,87,152300
3322,ВЦ,ВЦ 30-160-025-3,ВЦ 30-160-025,250,250 - 5240,243 - 1479,2200,100,73700
3323,ВЦ,ВЦ 30-160-025-4,ВЦ 30-160-025,250,200 - 6910,226 - 1518,750,72,57300
3324,ВЦ,ВЦ 30-160-025-4,ВЦ 30-160-025,250,260 - 6450,236 - 1305,750,79,45500
3325,ВЦ,ВЦ 30-160-025-2,ВЦ 30-160-025,250,220 - 5650,241 - 1385,750,93,54800
3326,ВЦ,ВЦ 30-160-025-1,ВЦ 30-160-025,250,290 - 5370,272 - 1432,250,82,54800
3327,ВЦ,ВЦ 30-160-025-4,ВЦ 30-160-025,250,270 - 7110,260 - 1491,15000,96,246800
3328,ВЦ,ВЦ 30-160-025-4,ВЦ 30-160-025,250,290 - 5090,272 - 1378,2200,80,72100
3329,ВЦ,ВЦ 30-160-025-2,ВЦ 30-160-025,250,240 - 6660,252 - 1335,250,74,49000
3330,ВЦ,ВЦ 30-160-025-3,ВЦ 30-160-025,250,270 - 5910,256 - 1463,250,81,51900
3331,ВЦ,ВЦ 30-160-025-3,ВЦ 30-160-025,250,280 - 5350,258 - 1341,1100,76,65200
3332,ВЦ,ВЦ 30-160-025-2,ВЦ 30-160-025,250,290 - 5230,255 - 1292,750,96,57200
3333,ВЦ,ВЦ 30-160-025-3,ВЦ 30-160-025,250,220 - 4970,252 - 1516,4000,89,105700
3334,ВЦ,ВЦ 30-160-025-2,ВЦ 30-160-025,250,200 - 5120,226 - 1292,3000,96,88400
3335,ВЦ,ВЦ 30-160-025-3,ВЦ 30-160-025,250,240 - 6690,273 - 1333,550,84,44300
3336,ВЦ,ВЦ 30-160-025-2,ВЦ 30-160-025,250,290 - 6500,272 - 1312,750,87,59000
3337,ВЦ,ВЦ 30-160-025-1,ВЦ 30-160-025,250,290 - 5870,243 - 1350,370,103,44800
3338,ВЦ,ВЦ 30-160-025-4,ВЦ 30-160-025,250,240 - 5810,240 - 1321,5500,76,124000
3339,ВЦ,ВЦ 30-160-025-3,ВЦ 30-160-025,250,240 - 5180,234 - 1340,15000,78,247500
3340,ВЦ,ВЦ 30-160-025-2,ВЦ 30-160-025,250,260 - 6280,227 - 1381,370,91,47800
3341,ВЦ,ВЦ 30-160-025-4,ВЦ 30-160-025,250,230 - 5190,269 - 1532,180,92,39900
3342,ВЦ,ВЦ 30-160-025-4,ВЦ 30-160-025,250,280 - 4810,237 - 1302,3000,73,78800
3343,ВЦ,ВЦ 30-160-025-3,ВЦ 30-160-025,250,260 - 7090,270 - 1418,750,74,53200
3344,ВЦ,ВЦ 30-160-025-4,ВЦ 30-160-025,250,230 - 6860,246 - 1334,550,95,51400
3345,ВЦ,ВЦ 30-160-025-3,ВЦ 30-160-025,250,210 - 5970,273 - 1383,1100,94,57800
3346,ВЦ,ВЦ 30-160-025-1,ВЦ 30-160-025,250,200 - 4920,254 - 1482,750,84,45800
3347,ВЦ,ВЦ 30-160-025-3,ВЦ 30-160-025,250,220 - 4900,257 - 1507,4000,92,98700
3348,ВЦ,ВЦ 30-160-025-2,ВЦ 30-160-025,250,230 - 5580,270 - 1444,1500,96,64800
3349,ВЦ,ВЦ 30-160-025-3,ВЦ 30-160-025,250,280 - 5450,237 - 1446,5500,94,109000
3350,ВЦ,ВЦ 30-160-025-3,ВЦ 30-160-025,250,240 - 4950,249 - 1474,3000,86,87500
3351,ВЦ,ВЦ 30-160-025-2,ВЦ 30-160-025,250,240 - 5120,231 - 1301,180,83,50900
3352,ВЦ,ВЦ 30-160-025-3,ВЦ 30-160-025,250,270 - 5490,233 - 1366,7500,99,142900
3353,ВЦ,ВЦ 30-160-025-2,ВЦ 30-160-025,250,240 - 5770,255 - 1351,370,100,52000
3354,ВЦ,ВЦ 30-160-025-2,ВЦ 30-160-025,250,240 - 5670,235 - 1470,7500,74,149300
3355,ВЦ,ВЦ 30-160-025-5,ВЦ 30-160-025,250,240 - 5360,244 - 1499,4000,77,90500
3356,ВЦ,ВЦ 30-160-025-5,ВЦ 30-160-025,250,210 - 7000,253 - 1332,15000,98,241000
3357,ВЦ,ВЦ 30-160-025-5,ВЦ 30-160-025,250,240 - 5630,229 - 1398,550,87,48300
3358,ВЦ,ВЦ 30-160-025-1,ВЦ 30-160-025,250,210 - 6790,258 - 1476,370,81,39900
3359,ВЦ,ВЦ 30-160-025-5,ВЦ 30-160-025,250,240 - 5610,229 - 1514,750,93,60500
3360,ВЦ,ВЦ 30-160-025-3,ВЦ 30-160-025,250,270 - 5820,225 - 1427,180,87,54700
3361,ВЦ,ВЦ 30-160-025-4,ВЦ 30-160-025,250,210 - 6500,247 - 1492,370,97,44500
3362,ВЦ,ВЦ 30-160-025-2,ВЦ 30-160-025,250,280 - 5430,258 - 1407,15000,82,245400
3363,ВЦ,ВЦ 30-160-025-1,ВЦ 30-160-025,250,200 - 5650,265 - 1425,3000,101,82900
3364,ВЦ,ВЦ 30-160-025-5,ВЦ 30-160-025,250,200 - 6430,260 - 1455,250,85,39300
3365,ВЦ,ВЦ 30-160-025-4,ВЦ 30-160-025,250,250 - 5160,243 - 1522,15000,98,251600
3366,ВЦ,ВЦ 30-160-025-2,ВЦ 30-160-025,250,290 - 4990,268 - 1303,3000,103,92600
3367,ВЦ,ВЦ 30-160-025-1,ВЦ 30-160-025,250,250 - 5460,230 - 1268,3000,93,91800
3368,ВЦ,ВЦ 30-160-025-1,ВЦ 30-160-025,250,280 - 5610,244 - 1300,4000,92,95100
3369,ВЦ,ВЦ 30-160-025-2,ВЦ 30-160-025,250,210 - 6690,265 - 1420,11000,86,189700
3370,ВЦ,ВЦ 30-160-025-1,ВЦ 30-160-025,250,210 - 6490,264 - 1497,750,84,48300
3371,ВЦ,ВЦ 30-160-025-4,ВЦ 30-160-025,250,270 - 6220,260 - 1342,15000,73,243400
3372,ВЦ,ВЦ 30-160-025-4,ВЦ 30-160-025,250,290 - 5760,257 - 1323,4000,94,96300
3373,ВЦ,ВЦ 30-160-025-5,ВЦ 30-160-025,250,260 - 6170,251 - 1445,5500,92,114000
3374,ВЦ,ВЦ 30-160-025-4,ВЦ 30-160-025,250,280 - 5610,247 - 1423,15000,94,247500
3375,ВЦ,ВЦ 30-160-031-5,ВЦ 30-160-031,315,350 - 7220,318 - 1783,5500,104,117400
3376,ВЦ,ВЦ 30-160-031-1,ВЦ 30-160-031,315,320 - 7860,340 - 1846,2200,80,70000
3377,ВЦ,ВЦ 30-160-031-2,ВЦ 30-160-031,315,280 - 8340,301 - 1635,7500,78,157100
3378,ВЦ,ВЦ 30-160-031-5,ВЦ 30-160-031,315,290 - 7840,296 - 1702,250,83,52600
3379,ВЦ,ВЦ 30-160-031-5,ВЦ 30-160-031,315,260 - 6730,321 - 1912,4000,74,101600
3380,ВЦ,ВЦ 30-160-031-4,ВЦ 30-160-031,315,350 - 8930,297 - 1689,180,87,46700
3381,ВЦ,ВЦ 30-160-031-3,ВЦ 30-160-031,315,330 - 7140,343 - 1593,2200,78,71900
3382,ВЦ,ВЦ 30-160-031-1,ВЦ 30-160-031,315,330 - 6170,332 - 1897,550,83,63500
3383,ВЦ,ВЦ 30-160-031-3,ВЦ 30-160-031,315,320 - 7630,312 - 1750,2200,98,82000
3384,ВЦ,ВЦ 30-160-031-5,ВЦ 30-160-031,315,320 - 7910,314 - 1725,250,76,57000
3385,ВЦ,ВЦ 30-160-031-1,ВЦ 30-160-031,315,310 - 7950,308 - 1702,11000,95,189900
3386,ВЦ,ВЦ 30-160-031-4,ВЦ 30-160-031,315,310 - 7850,303 - 1800,250,87,56500
3387,ВЦ,ВЦ 30-160-031-2,ВЦ 30-160-031,315,250 - 7560,344 - 1665,180,80,60600
3388,ВЦ,ВЦ 30-160-031-3,ВЦ 30-160-031,315,350 - 7670,345 - 1603,180,102,60200
3389,ВЦ,ВЦ 30-160-031-1,ВЦ 30-160-031,315,320 - 8690,338 - 1681,1100,78,66800
3390,ВЦ,ВЦ 30-160-031-4,ВЦ 30-160-031,315,290 - 7020,316 - 1602,3000,70,94500
3391,ВЦ,ВЦ 30-160-031-5,ВЦ 30-160-031,315,270 - 6810,330 - 1588,180,105,58000
3392,ВЦ,ВЦ 30-160-031-1,ВЦ 30-160-031,315,250 - 8880,346 - 1748,11000,96,196800
3393,ВЦ,ВЦ 30-160-031-4,ВЦ 30-160-031,315,300 - 8000,290 - 1757,1100,74,63400
3394,ВЦ,ВЦ 30-160-031-5,ВЦ 30-160-031,315,250 - 6580,301 - 1668,4000,73,103800
3395,ВЦ,ВЦ 30-160-031-5,ВЦ 30-160-031,315,320 - 8670,339 - 1737,3000,82,87700
3396,ВЦ,ВЦ 30-160-031-2,ВЦ 30-160-031,315,300 - 7120,302 - 1893,550,76,59300
3397,ВЦ,ВЦ 30-160-031-1,ВЦ 30-160-031,315,350 - 8510,335 - 1808,2200,97,87700
3398,ВЦ,ВЦ 30-160-031-1,ВЦ 30-160-031,315,260 - 8320,320 - 1801,370,74,59300
3399,ВЦ,ВЦ 30-160-031-1,ВЦ 30-160-031,315,290 - 7120,327 - 1641,550,86,65000
3400,ВЦ,ВЦ 30-160-031-5,ВЦ 30-160-031,315,320 - 7860,287 - 1648,250,84,56000
3401,ВЦ,ВЦ 30-160-031-5,ВЦ 30-160-031,315,360 - 7020,340 - 1803,370,79,60300
3402,ВЦ,ВЦ 30-160-031-1,ВЦ 30-160-031,315,350 - 6350,286 - 1918,370,78,52500
3403,ВЦ,ВЦ 30-160-031-2,ВЦ 30-160-031,315,340 - 7550,343 - 1762,1100,80,59800
3404,ВЦ,ВЦ 30-160-031-3,ВЦ 30-160-031,315,370 - 8820,287 - 1611,550,78,51100
3405,ВЦ,ВЦ 30-160-031-2,ВЦ 30-160-031,315,290 - 7530,305 - 1666,250,103,55000
3406,ВЦ,ВЦ 30-160-031-2,ВЦ 30-160-031,315,340 - 6340,333 - 1814,370,85,55900
3407,ВЦ,ВЦ 30-160-031-2,ВЦ 30-160-031,315,340 - 8520,334 - 1879,4000,100,97500
3408,ВЦ,ВЦ 30-160-031-3,ВЦ 30-160-031,315,320 - 7350,328 - 1740,1100,78,69300
3409,ВЦ,ВЦ 30-160-031-1,ВЦ 30-160-031,315,350 - 8190,339 - 1681,370,95,58800
3410,ВЦ,ВЦ 30-160-031-3,ВЦ 30-160-031,315,370 - 6890,340 - 1847,250,100,46900
3411,ВЦ,ВЦ 30-160-031-5,ВЦ 30-160-031,315,320 - 7950,326 - 1928,1100,81,64400
3412,ВЦ,ВЦ 30-160-031-1,ВЦ 30-160-031,315,290 - 6200,283 - 1937,1500,75,68100
3413,ВЦ,ВЦ 30-160-031-3,ВЦ 30-160-031,315,250 - 6740,299 - 1842,4000,98,106900
3414,ВЦ,ВЦ 30-160-031-5,ВЦ 30-160-031,315,370 - 6230,321 - 1609,370,70,56700
3415,ВЦ,ВЦ 30-160-031-2,ВЦ 30-160-031,315,290 - 6140,344 - 1825,3000,92,90700
3416,ВЦ,ВЦ 30-160-031-4,ВЦ 30-160-031,315,320 - 6360,299 - 1757,550,86,58700
3417,ВЦ,ВЦ 30-160-031-4,ВЦ 30-160-031,315,360 - 7500,326 - 1684,3000,72,95400
3418,ВЦ,ВЦ 30-160-031-2,ВЦ 30-160-031,315,320 - 7440,290 - 1759,250,103,56000
3419,ВЦ,ВЦ 30-160-031-4,ВЦ 30-160-031,315,260 - 7590,314 - 1661,750,105,59000
3420,ВЦ,ВЦ 30-160-031-3,ВЦ 30-160-031,315,290 - 7400,342 - 1817,15000,77,252900
3421,ВЦ,ВЦ 30-160-031-4,ВЦ 30-160-031,315,280 - 6070,291 - 1599,15000,98,251100
3422,ВЦ,ВЦ 30-160-031-2,ВЦ 30-160-031,315,270 - 6300,311 - 1764,180,100,47800
3423,ВЦ,ВЦ 30-160-031-4,ВЦ 30-160-031,315,350 - 8390,342 - 1893,550,88,62600
3424,ВЦ,ВЦ 30-160-031-4,ВЦ 30-160-031,315,330 - 8400,342 - 1932,550,87,56100
3425,ВЦ,ВЦ 30-160-031-5,ВЦ 30-160-031,315,360 - 7210,328 - 1856,1100,101,57900
3426,ВЦ,ВЦ 30-160-031-1,ВЦ 30-160-031,315,310 - 6990,303 - 1938,7500,97,156600
3427,ВЦ,ВЦ 30-160-031-1,ВЦ 30-160-031,315,300 - 6330,302 - 1725,1500,96,68200
3428,ВЦ,ВЦ 30-160-031-1,ВЦ 30-160-031,315,290 - 6600,341 - 1630,180,71,47800
3429,ВЦ,ВЦ 30-160-031-1,ВЦ 30-160-031,315,330 - 6910,309 - 1738,15000,85,243300
3430,ВЦ,ВЦ 30-160-031-3,ВЦ 30-160-031,315,350 - 7700,309 - 1710,370,76,49200
3431,ВЦ,ВЦ 30-160-031-3,ВЦ 30-160-031,315,260 - 8120,339 - 1908,750,91,54700
3432,ВЦ,ВЦ 30-160-031-4,ВЦ 30-160-031,315,370 - 7700,323 - 1621,550,90,63900
3433,ВЦ,ВЦ 30-160-031-3,ВЦ 30-160-031,315,290 - 7840,291 - 1893,2200,105,71000
3434,ВЦ,ВЦ 30-160-031-5,ВЦ 30-160-031,315,270 - 6970,342 - 1731,250,87,48900
3435,ВЦ,ВЦ 30-160-031-3,ВЦ 30-160-031,315,300 - 8490,307 - 1813,1500,81,66000
3436,ВЦ,ВЦ 30-160-031-3,ВЦ 30-160-031,315,280 - 8430,313 - 1614,250,82,44200
3437,ВЦ,ВЦ 30-160-031-3,ВЦ 30-160-031,315,370 - 8150,308 - 1933,550,105,62000
3438,ВЦ,ВЦ 30-160-031-5,ВЦ 30-160-031,315,310 - 8440,346 - 1765,15000,98,247800
3439,ВЦ,ВЦ 30-160-031-2,ВЦ 30-160-031,315,330 - 7260,315 - 1723,4000,103,104900
3440,ВЦ,ВЦ 30-160-031-1,ВЦ 30-160-031,315,360 - 7510,333 - 1807,550,91,59500
3441,ВЦ,ВЦ 30-160-031-1,ВЦ 30-160-031,315,280 - 6290,289 - 1891,11000,90,194200
3442,ВЦ,ВЦ 30-160-031-1,ВЦ 30-160-031,315,250 - 7510,300 - 1889,550,78,56900
3443,ВЦ,ВЦ 30-160-031-1,ВЦ 30-160-031,315,280 - 7360,298 - 1617,550,82,51000
3444,ВЦ,ВЦ 30-160-031-4,ВЦ 30-160-031,315,280 - 8240,303 - 1718,550,104,62700
3445,ВЦ,ВЦ 30-160-031-3,ВЦ 30-160-031,315,360 - 7110,289 - 1649,180,80,50300
3446,ВЦ,ВЦ 30-160-031-5,ВЦ 30-160-031,315,300 - 6370,302 - 1813,2200,90,82900
3447,ВЦ,ВЦ 30-160-031-4,ВЦ 30-160-031,315,260 - 8920,321 - 1777,2200,71,72700
3448,ВЦ,ВЦ 30-160-031-3,ВЦ 30-160-031,315,280 - 7450,295 - 1591,15000,91,247400
3449,ВЦ,ВЦ 30-160-031-2,ВЦ 30-160-031,315,360 - 6170,343 - 1609,250,105,61500
3450,ВЦ,ВЦ 30-160-031-5,ВЦ 30-160-031,315,260 - 7170,285 - 1606,3000,70,98100
3451,ВЦ,ВЦ 30-160-031-5,ВЦ 30-160-031,315,250 - 7050,339 - 1870,250,99,59200
3452,ВЦ,ВЦ 30-160-031-5,ВЦ 30-160-031,315,350 - 8330,323 - 1668,1500,77,60700
3453,ВЦ,ВЦ 30-160-031-5,ВЦ 30-160-031,315,340 - 9030,287 - 1663,550,99,59700
3454,ВЦ,ВЦ 30-160-031-1,ВЦ 30-160-031,315,370 - 6700,287 - 1746,180,94,44200
3455,ВЦ,ВЦ 30-160-031-4,ВЦ 30-160-031,315,260 - 7550,320 - 1770,370,103,54300
3456,ВЦ,ВЦ 30-160-031-1,ВЦ 30-160-031,315,250 - 6230,328 - 1893,180,77,43400
3457,ВЦ,ВЦ 30-160-031-4,ВЦ 30-160-031,315,300 - 6840,305 - 1658,7500,88,155000
3458,ВЦ,ВЦ 30-160-031-4,ВЦ 30-160-031,315,350 - 8990,288 - 1720,1100,85,69100
3459,ВЦ,ВЦ 30-160-031-4,ВЦ 30-160-031,315,360 - 8350,306 - 1644,1100,90,56700
3460,ВЦ,ВЦ 30-160-031-5,ВЦ 30-160-031,315,280 - 8710,288 - 1738,7500,86,155700
3461,ВЦ,ВЦ 30-160-031-2,ВЦ 30-160-031,315,350 - 6070,297 - 1834,180,87,50700
3462,ВЦ,ВЦ 30-160-031-2,ВЦ 30-160-031,315,280 - 6210,314 - 1623,7500,77,147600
3463,ВЦ,ВЦ 30-160-031-1,ВЦ 30-160-031,315,340 - 6790,289 - 1865,5500,75,124000
3464,ВЦ,ВЦ 30-160-031-1,ВЦ 30-160-031,315,250 - 6300,332 - 1767,550,97,48800
3465,ВЦ,ВЦ 30-160-031-2,ВЦ 30-160-031,315,370 - 9030,309 - 1839,180,99,51300
3466,ВЦ,ВЦ 30-160-031-2,ВЦ 30-160-031,315,270 - 7560,332 - 1732,7500,95,150300
3467,ВЦ,ВЦ 30-160-031-2,ВЦ 30-160-031,315,250 - 8320,326 - 1677,250,103,59300
3468,ВЦ,ВЦ 30-160-031-1,ВЦ 30-160-031,315,280 - 8970,340 - 1801,250,95,49600
3469,ВЦ,ВЦ 30-160-031-3,ВЦ 30-160-031,315,290 - 7450,316 - 1679,370,83,47800
3470,ВЦ,ВЦ 30-160-031-4,ВЦ 30-160-031,315,340 - 7430,313 - 1785,4000,89,100300
3471,ВЦ,ВЦ 30-160-031-2,ВЦ 30-160-031,315,280 - 6230,305 - 1760,3000,89,94200
3472,ВЦ,ВЦ 30-160-031-3,ВЦ 30-160-031,315,260 - 6270,306 - 1749,1100,89,71500
3473,ВЦ,ВЦ 30-160-031-5,ВЦ 30-160-031,315,300 - 6110,321 - 1697,4000,73,102700
3474,ВЦ,ВЦ 30-160-031-2,ВЦ 30-160-031,315,310 - 7130,315 - 1702,4000,84,105000
3475,ВЦ,ВЦ 30-160-031-3,ВЦ 30-160-031,315,260 - 7170,305 - 1763,1500,91,69100
3476,ВЦ,ВЦ 30-160-031-4,ВЦ 30-160-031,315,270 - 8650,327 - 1921,750,105,64600
3477,ВЦ,ВЦ 30-160-031-2,ВЦ 30-160-031,315,280 - 8950,316 - 1900,180,78,46300
3478,ВЦ,ВЦ 30-160-031-1,ВЦ 30-160-031,315,350 - 7730,320 - 1938,1100,93,61100
3479,ВЦ,ВЦ 30-160-031-3,ВЦ 30-160-031,315,320 - 7690,299 - 1674,4000,70,94500
3480,ВЦ,ВЦ 30-160-031-4,ВЦ 30-160-031,315,260 - 8490,289 - 1653,180,87,57800
3481,ВЦ,ВЦ 30-160-031-4,ВЦ 30-160-031,315,310 - 6870,342 - 1786,750,78,65200
3482,ВЦ,ВЦ 30-160-031-2,ВЦ 30-160-031,315,330 - 6670,322 - 1743,2200,94,79000
3483,ВЦ,ВЦ 30-160-031-2,ВЦ 30-160-031,315,320 - 6870,298 - 1593,5500,100,117000
3484,ВЦ,ВЦ 30-160-031-1,ВЦ 30-160-031,315,340 - 8600,335 - 1791,1500,100,60800
3485,ВЦ,ВЦ 30-160-031-5,ВЦ 30-160-031,315,370 - 6720,285 - 1674,4000,90,94600
3486,ВЦ,ВЦ 30-160-031-2,ВЦ 30-160-031,315,320 - 6580,337 - 1616,1500,95,65900
3487,ВЦ,ВЦ 30-160-031-3,ВЦ 30-160-031,315,330 - 7590,307 - 1817,11000,70,193900
3488,ВЦ,ВЦ 30-160-031-3,ВЦ 30-160-031,315,310 - 8770,344 - 1683,750,71,61200
3489,ВЦ,ВЦ 30-160-031-4,ВЦ 30-160-031,315,250 - 6550,301 - 1747,3000,81,82300
3490,ВЦ,ВЦ 30-160-031-5,ВЦ 30-160-031,315,370 - 8660,335 - 1933,7500,80,142600
3491,ВЦ,ВЦ 30-160-031-1,ВЦ 30-160-031,315,340 - 6530,298 - 1726,370,100,52000
3492,ВЦ,ВЦ 30-160-031-2,ВЦ 30-160-031,315,350 - 7820,311 - 1805,15000,78,247500
3493,ВЦ,ВЦ 30-160-031-5,ВЦ 30-160-031,315,310 - 8470,311 - 1613,550,84,63600
3494,ВЦ,ВЦ 30-160-031-1,ВЦ 30-160-031,315,350 - 7510,334 - 1675,250,98,58300
3495,ВЦ,ВЦ 30-160-031-3,ВЦ 30-160-031,315,360 - 8360,299 - 1660,180,77,59800
3496,ВЦ,ВЦ 30-160-031-3,ВЦ 30-160-031,315,340 - 6240,291 - 1649,550,90,56600
3497,ВЦ,ВЦ 30-160-040-1,ВЦ 30-160-040,400,450 - 10590,409 - 2263,2200,81,84400
3498,ВЦ,ВЦ 30-160-040-3,ВЦ 30-160-040,400,440 - 8520,401 - 2158,2200,74,94600
3499,ВЦ,ВЦ 30-160-040-2,ВЦ 30-160-040,400,470 - 8670,409 - 2216,15000,102,262200
3500,ВЦ,ВЦ 30-160-040-4,ВЦ 30-160-040,400,390 - 8700,370 - 2407,2200,82,88700
3501,ВЦ,ВЦ 30-160-040-2,ВЦ 30-160-040,400,380 - 9340,416 - 2111,11000,100,201800
3502,ВЦ,ВЦ 30-160-040-3,ВЦ 30-160-040,400,320 - 10860,381 - 2228,1100,86,71000
3503,ВЦ,ВЦ 30-160-040-2,ВЦ 30-160-040,400,390 - 8920,400 - 2115,250,92,60100
3504,ВЦ,ВЦ 30-160-040-4,ВЦ 30-160-040,400,380 - 8930,411 - 2171,180,77,53000
3505,ВЦ,ВЦ 30-160-040-5,ВЦ 30-160-040,400,410 - 9160,403 - 2416,7500,103,158600
3506,ВЦ,ВЦ 30-160-040-4,ВЦ 30-160-040,400,440 - 11020,392 - 2116,4000,93,109200
3507,ВЦ,ВЦ 30-160-040-3,ВЦ 30-160-040,400,410 - 7830,423 - 2366,7500,79,162900
3508,ВЦ,ВЦ 30-160-040-3,ВЦ 30-160-040,400,450 - 10540,378 - 2081,180,94,66900
3509,ВЦ,ВЦ 30-160-040-3,ВЦ 30-160-040,400,350 - 9980,417 - 2150,250,76,68500
3510,ВЦ,ВЦ 30-160-040-5,ВЦ 30-160-040,400,370 - 10760,365 - 2357,550,87,66200
3511,ВЦ,ВЦ 30-160-040-2,ВЦ 30-160-040,400,450 - 8180,364 - 2446,5500,84,139400
3512,ВЦ,ВЦ 30-160-040-5,ВЦ 30-160-040,400,450 - 9110,409 - 2332,1100,70,71500
3513,ВЦ,ВЦ 30-160-040-1,ВЦ 30-160-040,400,400 - 10620,376 - 2149,2200,83,93100
3514,ВЦ,ВЦ 30-160-040-3,ВЦ 30-160-040,400,380 - 8400,437 - 2240,550,86,61700
3515,ВЦ,ВЦ 30-160-040-1,ВЦ 30-160-040,400,320 - 11220,431 - 2187,4000,99,109300
3516,ВЦ,ВЦ 30-160-040-5,ВЦ 30-160-040,400,430 - 9440,365 - 2156,5500,83,133600
3517,ВЦ,ВЦ 30-160-040-5,ВЦ 30-160-040,400,390 - 11410,386 - 2277,750,91,61500
3518,ВЦ,ВЦ 30-160-040-3,ВЦ 30-160-040,400,340 - 8510,393 - 2356,750,90,63500
3519,ВЦ,ВЦ 30-160-040-2,ВЦ 30-160-040,400,360 - 10140,398 - 2383,750,87,61800
3520,ВЦ,ВЦ 30-160-040-4,ВЦ 30-160-040,400,340 - 10100,382 - 2280,5500,70,123600
3521,ВЦ,ВЦ 30-160-040-5,ВЦ 30-160-040,400,410 - 10560,379 - 2446,5500,84,135100
3522,ВЦ,ВЦ 30-160-040-5,ВЦ 30-160-040,400,450 - 8730,434 - 2403,11000,97,201800
3523,ВЦ,ВЦ 30-160-040-3,ВЦ 30-160-040,400,460 - 7810,425 - 2314,15000,85,266700
3524,ВЦ,ВЦ 30-160-040-5,ВЦ 30-160-040,400,350 - 7750,406 - 2114,3000,91,97700
3525,ВЦ,ВЦ 30-160-040-3,ВЦ 30-160-040,400,390 - 10930,414 - 2322,750,98,59600
3526,ВЦ,ВЦ 30-160-040-5,ВЦ 30-160-040,400,410 - 8510,374 - 2261,15000,104,255700
3527,ВЦ,ВЦ 30-160-040-1,ВЦ 30-160-040,400,470 - 9670,412 - 2215,2200,72,91800
3528,ВЦ,ВЦ 30-160-040-1,ВЦ 30-160-040,400,340 - 10190,376 - 2177,1100,100,66600
3529,ВЦ,ВЦ 30-160-040-2,ВЦ 30-160-040,400,460 - 10020,368 - 2141,11000,85,207000
3530,ВЦ,ВЦ 30-160-040-4,ВЦ 30-160-040,400,420 - 9110,403 - 2456,11000,97,197500
3531,ВЦ,ВЦ 30-160-040-3,ВЦ 30-160-040,400,420 - 11170,439 - 2178,4000,75,108000
3532,ВЦ,ВЦ 30-160-040-1,ВЦ 30-160-040,400,460 - 8670,404 - 2193,15000,95,264200
3533,ВЦ,ВЦ 30-160-040-1,ВЦ 30-160-040,400,420 - 8430,439 - 2163,15000,96,259200
3534,ВЦ,ВЦ 30-160-040-5,ВЦ 30-160-040,400,390 - 9380,419 - 2236,750,101,64200
3535,ВЦ,ВЦ 30-160-040-3,ВЦ 30-160-040,400,430 - 11080,415 - 2105,4000,101,114100
3536,ВЦ,ВЦ 30-160-040-3,ВЦ 30-160-040,400,360 - 9610,406 - 2434,7500,82,155700
3537,ВЦ,ВЦ 30-160-040-5,ВЦ 30-160-040,400,370 - 11180,437 - 2320,11000,101,205500
3538,ВЦ,ВЦ 30-160-040-1,ВЦ 30-160-040,400,360 - 8200,387 - 2163,3000,71,104700
3539,ВЦ,ВЦ 30-160-040-3,ВЦ 30-160-040,400,320 - 10510,378 - 2057,750,98,69600
3540,ВЦ,ВЦ 30-160-040-3,ВЦ 30-160-040,400,440 - 10190,416 - 2431,3000,77,100500
3541,ВЦ,ВЦ 30-160-040-1,ВЦ 30-160-040,400,450 - 11170,404 - 2347,1100,72,73300
3542,ВЦ,ВЦ 30-160-040-2,ВЦ 30-160-040,400,370 - 11340,424 - 2105,250,96,67200
3543,ВЦ,ВЦ 30-160-040-2,ВЦ 30-160-040,400,330 - 10530,427 - 2204,3000,74,90900
3544,ВЦ,ВЦ 30-160-040-3,ВЦ 30-160-040,400,370 - 10530,419 - 2076,11000,82,204600
3545,ВЦ,ВЦ 30-160-040-3,ВЦ 30-160-040,400,400 - 9780,421 - 2025,5500,101,128100
3546,ВЦ,ВЦ 30-160-040-4,ВЦ 30-160-040,400,460 - 10860,388 - 2068,15000,91,253600
3547,ВЦ,ВЦ 30-160-040-3,ВЦ 30-160-040,400,340 - 10960,362 - 2366,15000,102,257100
3548,ВЦ,ВЦ 30-160-040-4,ВЦ 30-160-040,400,470 - 10780,387 - 2025,180,83,50800
3549,ВЦ,ВЦ 30-160-040-3,ВЦ 30-160-040,400,410 - 9970,394 - 2311,7500,76,151500
3550,ВЦ,ВЦ 30-160-040-1,ВЦ 30-160-040,400,440 - 9780,438 - 2459,11000,89,205900
3551,ВЦ,ВЦ 30-160-040-1,ВЦ 30-160-040,400,410 - 10750,382 - 2087,2200,93,95000
3552,ВЦ,ВЦ 30-160-040-1,ВЦ 30-160-040,400,410 - 8110,406 - 2441,1500,84,78100
3553,ВЦ,ВЦ 30-160-040-1,ВЦ 30-160-040,400,320 - 8540,400 - 2417,250,94,57200
3554,ВЦ,ВЦ 30-160-040-4,ВЦ 30-160-040,400,340 - 10600,371 - 2363,15000,73,266400
3555,ВЦ,ВЦ 30-160-040-3,ВЦ 30-160-040,400,330 - 9600,387 - 2371,1100,86,63200
3556,ВЦ,ВЦ 30-160-040-4,ВЦ 30-160-040,400,380 - 10350,361 - 2418,3000,95,99500
3557,ВЦ,ВЦ 30-160-040-4,ВЦ 30-160-040,400,470 - 11180,386 - 2176,1100,100,77500
3558,ВЦ,ВЦ 30-160-040-4,ВЦ 30-160-040,400,400 - 11270,366 - 2213,180,82,60100
3559,ВЦ,ВЦ 30-160-040-2,ВЦ 30-160-040,400,390 - 9350,375 - 2307,550,73,60800
3560,ВЦ,ВЦ 30-160-040-5,ВЦ 30-160-040,400,360 - 11460,417 - 2427,370,79,62800
3561,ВЦ,ВЦ 30-160-040-5,ВЦ 30-160-040,400,390 - 10910,426 - 2224,370,105,58000
3562,ВЦ,ВЦ 30-160-040-1,ВЦ 30-160-040,400,320 - 11200,428 - 2109,7500,79,163200
3563,ВЦ,ВЦ 30-160-040-3,ВЦ 30-160-040,400,320 - 8570,406 - 2372,5500,79,130600
3564,ВЦ,ВЦ 30-160-040-1,ВЦ 30-160-040,400,390 - 8890,392 - 2035,2200,94,83500
3565,ВЦ,ВЦ 30-160-040-3,ВЦ 30-160-040,400,460 - 8510,433 - 2030,1500,96,78900
3566,ВЦ,ВЦ 30-160-040-1,ВЦ 30-160-040,400,320 - 7740,416 - 2267,250,91,58200
3567,ВЦ,ВЦ 30-160-040-5,ВЦ 30-160-040,400,430 - 10800,393 - 2052,1100,89,68100
3568,ВЦ,ВЦ 30-160-040-3,ВЦ 30-160-040,400,430 - 10800,372 - 2379,1100,95,76400
3569,ВЦ,ВЦ 30-160-040-5,ВЦ 30-160-040,400,340 - 9600,429 - 2301,15000,77,252800
3570,ВЦ,ВЦ 30-160-040-1,ВЦ 30-160-040,400,340 - 9860,374 - 2247,3000,91,95200
3571,ВЦ,ВЦ 30-160-040-5,ВЦ 30-160-040,400,370 - 10270,402 - 2189,7500,98,162600
3572,ВЦ,ВЦ 30-160-040-1,ВЦ 30-160-040,400,400 - 7690,403 - 2026,3000,83,103800
3573,ВЦ,ВЦ 30-160-040-3,ВЦ 30-160-040,400,410 - 8060,394 - 2393,2200,72,83200
3574,ВЦ,ВЦ 30-160-040-4,ВЦ 30-160-040,400,390 - 9550,407 - 2259,1100,77,67700
3575,ВЦ,ВЦ 30-160-040-3,ВЦ 30-160-040,400,330 - 9760,395 - 2329,2200,98,82500
3576,ВЦ,ВЦ 30-160-040-1,ВЦ 30-160-040,400,360 - 10360,430 - 2252,4000,84,105500
3577,ВЦ,ВЦ 30-160-040-4,ВЦ 30-160-040,400,370 - 10690,394 - 2160,15000,91,256700
3578,ВЦ,ВЦ 30-160-040-4,ВЦ 30-160-040,400,430 - 9650,360 - 2405,4000,100,103400
3579,ВЦ,ВЦ 30-160-040-1,ВЦ 30-160-040,400,330 - 8630,379 - 2443,1100,84,75800
3580,ВЦ,ВЦ 30-160-040-1,ВЦ 30-160-040,400,320 - 8120,410 - 2434,2200,72,81100
3581,ВЦ,ВЦ 30-160-040-3,ВЦ 30-160-040,400,420 - 10850,417 - 2121,1100,91,76400
3582,ВЦ,ВЦ 30-160-040-2,ВЦ 30-160-040,400,370 - 8370,382 - 2385,250,103,69000
3583,ВЦ,ВЦ 30-160-040-1,ВЦ 30-160-040,400,430 - 10360,395 - 2206,180,82,68100
3584,ВЦ,ВЦ 30-160-040-3,ВЦ 30-160-040,400,460 - 11440,418 - 2090,15000,79,254700
3585,ВЦ,ВЦ 30-160-040-5,ВЦ 30-160-040,400,320 - 11460,380 - 2182,5500,99,126800
3586,ВЦ,ВЦ 30-160-040-4,ВЦ 30-160-040,400,450 - 8600,406 - 2181,550,86,56400
3587,ВЦ,ВЦ 30-160-040-4,ВЦ 30-160-040,400,420 - 8530,387 - 2279,5500,101,133600
3588,ВЦ,ВЦ 30-160-040-4,ВЦ 30-160-040,400,400 - 8960,406 - 2285,180,103,57200
3589,ВЦ,ВЦ 30-160-040-3,ВЦ 30-160-040,400,470 - 7690,406 - 2322,15000,85,253200
3590,ВЦ,ВЦ 30-160-040-2,ВЦ 30-160-040,400,400 - 7760,395 - 2455,5500,75,122400
3591,ВЦ,ВЦ 30-160-040-2,ВЦ 30-160-040,400,400 - 10370,409 - 2184,4000,72,112700
3592,ВЦ,ВЦ 30-160-040-4,ВЦ 30-160-040,400,430 - 8910,364 - 2239,370,93,59100
3593,ВЦ,ВЦ 30-160-040-2,ВЦ 30-160-040,400,340 - 9740,404 - 2030,750,85,63900
3594,ВЦ,ВЦ 30-160-040-1,ВЦ 30-160-040,400,330 - 9790,399 - 2325,4000,92,102100
3595,ВЦ,ВЦ 30-160-040-2,ВЦ 30-160-040,400,390 - 11090,360 - 2244,3000,81,103700
3596,ВЦ,ВЦ 30-160-040-5,ВЦ 30-160-040,400,440 - 9870,388 - 2370,4000,93,114800
3597,ВЦ,ВЦ 30-160-040-5,ВЦ 30-160-040,400,460 - 10090,428 - 2209,1100,72,72800
3598,ВЦ,ВЦ 30-160-040-4,ВЦ 30-160-040,400,320 - 10840,398 - 2260,3000,102,104800
3599,ВЦ,ВЦ 30-160-040-3,ВЦ 30-160-040,400,400 - 9970,397 - 2227,1100,91,64800
3600,ВЦ,ВЦ 30-160-040-1,ВЦ 30-160-040,400,400 - 10990,401 - 2343,2200,78,78900
3601,ВЦ,ВЦ 30-160-050-4,ВЦ 30-160-050,500,410 - 10450,486 - 2621,750,85,67400
3602,ВЦ,ВЦ 30-160-050-4,ВЦ 30-160-050,500,450 - 10230,548 - 2928,750,100,68300
3603,ВЦ,ВЦ 30-160-050-4,ВЦ 30-160-050,500,400 - 10170,547 - 3032,2200,78,87700
3604,ВЦ,ВЦ 30-160-050-5,ВЦ 30-160-050,500,570 - 12570,533 - 2562,550,75,72300
3605,ВЦ,ВЦ 30-160-050-2,ВЦ 30-160-050,500,450 - 11930,485 - 3022,4000,104,115200
3606,ВЦ,ВЦ 30-160-050-5,ВЦ 30-160-050,500,470 - 11750,515 - 2525,180,87,64400
3607,ВЦ,ВЦ 30-160-050-3,ВЦ 30-160-050,500,460 - 12440,505 - 2786,2200,72,88700
3608,ВЦ,ВЦ 30-160-050-4,ВЦ 30-160-050,500,570 - 12710,481 - 2581,370,100,64700
3609,ВЦ,ВЦ 30-160-050-1,ВЦ 30-160-050,500,520 - 10500,536 - 2984,370,72,71300
3610,ВЦ,ВЦ 30-160-050-2,ВЦ 30-160-050,500,410 - 11740,507 - 2593,750,96,67400
3611,ВЦ,ВЦ 30-160-050-1,ВЦ 30-160-050,500,470 - 10640,507 - 2832,1500,96,86300
3612,ВЦ,ВЦ 30-160-050-4,ВЦ 30-160-050,500,530 - 10090,541 - 2622,1100,73,88100
3613,ВЦ,ВЦ 30-160-050-4,ВЦ 30-160-050,500,400 - 12370,519 - 2944,1100,92,87400
3614,ВЦ,ВЦ 30-160-050-5,ВЦ 30-160-050,500,450 - 12760,526 - 2530,1100,99,75100
3615,ВЦ,ВЦ 30-160-050-1,ВЦ 30-160-050,500,420 - 13520,463 - 2750,3000,93,108200
3616,ВЦ,ВЦ 30-160-050-5,ВЦ 30-160-050,500,450 - 13970,500 - 2677,250,96,63500
3617,ВЦ,ВЦ 30-160-050-4,ВЦ 30-160-050,500,580 - 11570,468 - 2839,370,77,78900
3618,ВЦ,ВЦ 30-160-050-4,ВЦ 30-160-050,500,590 - 10110,494 - 2529,15000,100,275200
3619,ВЦ,ВЦ 30-160-050-5,ВЦ 30-160-050,500,430 - 10420,472 - 2848,1500,84,79000
3620,ВЦ,ВЦ 30-160-050-3,ВЦ 30-160-050,500,500 - 13350,501 - 3056,2200,88,101600
3621,ВЦ,ВЦ 30-160-050-4,ВЦ 30-160-050,500,540 - 10380,531 - 2648,5500,102,135700
3622,ВЦ,ВЦ 30-160-050-2,ВЦ 30-160-050,500,530 - 13230,472 - 2809,15000,76,276700
3623,ВЦ,ВЦ 30-160-050-4,ВЦ 30-160-050,500,470 - 12410,487 - 2647,1500,91,92600
3624,ВЦ,ВЦ 30-160-050-4,ВЦ 30-160-050,500,420 - 10890,452 - 2922,1100,80,79900
3625,ВЦ,ВЦ 30-160-050-4,ВЦ 30-160-050,500,580 - 11280,499 - 3007,550,76,65100
3626,ВЦ,ВЦ 30-160-050-4,ВЦ 30-160-050,500,560 - 13800,484 - 2548,180,80,67300
3627,ВЦ,ВЦ 30-160-050-3,ВЦ 30-160-050,500,510 - 13010,533 - 2648,5500,85,136900
3628,ВЦ,ВЦ 30-160-050-3,ВЦ 30-160-050,500,580 - 10110,503 - 2888,250,98,73700
3629,ВЦ,ВЦ 30-160-050-1,ВЦ 30-160-050,500,480 - 12420,461 - 2803,4000,75,116400
3630,ВЦ,ВЦ 30-160-050-1,ВЦ 30-160-050,500,580 - 10190,471 - 2912,550,73,68600
3631,ВЦ,ВЦ 30-160-050-1,ВЦ 30-160-050,500,460 - 10980,523 - 2527,1500,99,93800
3632,ВЦ,ВЦ 30-160-050-3,ВЦ 30-160-050,500,450 - 14330,533 - 2764,750,96,82400
3633,ВЦ,ВЦ 30-160-050-1,ВЦ 30-160-050,500,500 - 13340,456 - 2569,3000,102,105300
3634,ВЦ,ВЦ 30-160-050-5,ВЦ 30-160-050,500,570 - 12800,467 - 2559,370,97,75700
3635,ВЦ,ВЦ 30-160-050-2,ВЦ 30-160-050,500,470 - 11370,522 - 2706,750,88,84700
3636,ВЦ,ВЦ 30-160-050-1,ВЦ 30-160-050,500,520 - 11930,496 - 2942,180,101,63000
3637,ВЦ,ВЦ 30-160-050-1,ВЦ 30-160-050,500,420 - 11600,476 - 2968,1500,99,93900
3638,ВЦ,ВЦ 30-160-050-4,ВЦ 30-160-050,500,460 - 10430,455 - 2778,2200,77,91400
3639,ВЦ,ВЦ 30-160-050-5,ВЦ 30-160-050,500,560 - 10500,475 - 2766,250,86,73800
3640,ВЦ,ВЦ 30-160-050-5,ВЦ 30-160-050,500,570 - 10260,498 - 2614,1500,85,86500
3641,ВЦ,ВЦ 30-160-050-5,ВЦ 30-160-050,500,580 - 12040,504 - 3030,15000,79,267900
3642,ВЦ,ВЦ 30-160-050-1,ВЦ 30-160-050,500,580 - 12670,453 - 3006,3000,103,101900
3643,ВЦ,ВЦ 30-160-050-5,ВЦ 30-160-050,500,550 - 14120,476 - 3036,2200,105,100200
3644,ВЦ,ВЦ 30-160-050-1,ВЦ 30-160-050,500,470 - 12760,482 - 2580,7500,70,168200
3645,ВЦ,ВЦ 30-160-050-1,ВЦ 30-160-050,500,540 - 13840,497 - 2775,370,87,63800
3646,ВЦ,ВЦ 30-160-050-2,ВЦ 30-160-050,500,530 - 13120,479 - 2649,2200,94,89100
3647,ВЦ,ВЦ 30-160-050-2,ВЦ 30-160-050,500,590 - 14360,504 - 2640,180,103,75700
3648,ВЦ,ВЦ 30-160-050-2,ВЦ 30-160-050,500,530 - 12320,510 - 2977,370,75,76700
3649,ВЦ,ВЦ 30-160-050-1,ВЦ 30-160-050,500,560 - 9920,480 - 2659,3000,105,101600
3650,ВЦ,ВЦ 30-160-050-2,ВЦ 30-160-050,500,480 - 10180,477 - 2815,5500,87,147700
3651,ВЦ,ВЦ 30-160-050-5,ВЦ 30-160-050,500,590 - 10390,541 - 2990,180,92,61600
3652,ВЦ,ВЦ 30-160-050-2,ВЦ 30-160-050,500,400 - 13760,515 - 2923,1500,93,77500
3653,ВЦ,ВЦ 30-160-050-5,ВЦ 30-160-050,500,580 - 12120,517 - 2719,250,87,72000
3654,ВЦ,ВЦ 30-160-050-4,ВЦ 30-160-050,500,470 - 12270,545 - 2825,370,92,66100
3655,ВЦ,ВЦ 30-160-050-5,ВЦ 30-160-050,500,550 - 10910,543 - 2952,550,105,77600
3656,ВЦ,ВЦ 30-160-050-2,ВЦ 30-160-050,500,440 - 12510,464 - 2763,3000,97,115300
3657,ВЦ,ВЦ 30-160-050-5,ВЦ 30-160-050,500,540 - 12120,549 - 2568,1500,102,82100
3658,ВЦ,ВЦ 30-160-050-5,ВЦ 30-160-050,500,440 - 10810,455 - 2925,15000,70,272900
3659,ВЦ,ВЦ 30-160-050-5,ВЦ 30-160-050,500,520 - 10600,529 - 3015,5500,71,144200
3660,ВЦ,ВЦ 30-160-050-1,ВЦ 30-160-050,500,590 - 10150,507 - 2579,11000,96,207400
3661,ВЦ,ВЦ 30-160-050-5,ВЦ 30-160-050,500,530 - 12880,485 - 2816,1500,81,92200
3662,ВЦ,ВЦ 30-160-050-3,ВЦ 30-160-050,500,540 - 14020,516 - 2784,7500,71,173800
3663,ВЦ,ВЦ 30-160-050-2,ВЦ 30-160-050,500,490 - 11260,512 - 2605,11000,88,213900
3664,ВЦ,ВЦ 30-160-050-2,ВЦ 30-160-050,500,570 - 12860,532 - 2921,7500,80,169000
3665,ВЦ,ВЦ 30-160-050-4,ВЦ 30-160-050,500,420 - 13070,515 - 2633,1100,83,89700
3666,ВЦ,ВЦ 30-160-050-1,ВЦ 30-160-050,500,560 - 10770,502 - 2827,15000,100,264700
3667,ВЦ,ВЦ 30-160-050-1,ВЦ 30-160-050,500,530 - 12290,504 - 2726,750,76,76400
3668,ВЦ,ВЦ 30-160-050-3,ВЦ 30-160-050,500,580 - 13350,498 - 2814,5500,82,138500
3669,ВЦ,ВЦ 30-160-050-4,ВЦ 30-160-050,500,560 - 11090,472 - 2966,370,101,62100
3670,ВЦ,ВЦ 30-160-050-5,ВЦ 30-160-050,500,480 - 11060,490 - 2948,180,89,74900
3671,ВЦ,ВЦ 30-160-050-4,ВЦ 30-160-050,500,540 - 13410,456 - 2740,180,91,68100
3672,ВЦ,ВЦ 30-160-050-4,ВЦ 30-160-050,500,510 - 11890,543 - 2594,7500,86,172800
3673,ВЦ,ВЦ 30-160-050-4,ВЦ 30-160-050,500,590 - 14180,459 - 2983,7500,102,169300
3674,ВЦ,ВЦ 30-160-050-5,ВЦ 30-160-050,500,590 - 12820,453 - 2969,2200,74,90200
3675,ВЦ,ВЦ 30-160-050-1,ВЦ 30-160-050,500,430 - 12030,490 - 2954,5500,82,145000
3676,ВЦ,ВЦ 30-160-050-5,ВЦ 30-160-050,500,540 - 13480,469 - 2874,180,100,68100
3677,ВЦ,ВЦ 30-160-050-2,ВЦ 30-160-050,500,500 - 10730,536 - 2766,7500,84,169900
3678,ВЦ,ВЦ 30-160-050-3,ВЦ 30-160-050,500,400 - 10430,517 - 2590,250,77,64300
3679,ВЦ,ВЦ 30-160-050-3,ВЦ 30-160-050,500,460 - 10670,461 - 2765,750,90,77200
3680,ВЦ,ВЦ 30-160-050-2,ВЦ 30-160-050,500,550 - 12690,519 - 2635,4000,72,117600
3681,ВЦ,ВЦ 30-160-050-1,ВЦ 30-160-050,500,570 - 14280,533 - 2955,1100,76,89000
3682,ВЦ,ВЦ 30-160-050-1,ВЦ 30-160-050,500,420 - 11420,527 - 3012,370,97,78200
3683,ВЦ,ВЦ 30-160-050-1,ВЦ 30-160-050,500,440 - 13470,478 - 2769,750,83,70100
3684,ВЦ,ВЦ 30-160-050-2,ВЦ 30-160-050,500,490 - 9750,481 - 2938,370,82,73300
3685,ВЦ,ВЦ 30-160-050-1,ВЦ 30-160-050,500,560 - 12430,496 - 3066,1100,88,75100
3686,ВЦ,ВЦ 30-160-050-4,ВЦ 30-160-050,500,490 - 10740,534 - 2652,7500,84,169800
3687,ВЦ,ВЦ 30-160-050-2,ВЦ 30-160-050,500,540 - 9880,535 - 2891,7500,102,162500
3688,ВЦ,ВЦ 30-160-050-4,ВЦ 30-160-050,500,580 - 11010,479 - 2966,550,71,75800
3689,ВЦ,ВЦ 30-160-050-3,ВЦ 30-160-050,500,480 - 12120,527 - 3079,5500,99,148700
3690,ВЦ,ВЦ 30-160-050-1,ВЦ 30-160-050,500,500 - 13300,464 - 2829,3000,90,104500
3691,ВЦ,ВЦ 30-160-050-5,ВЦ 30-160-050,500,480 - 14220,470 - 2582,750,85,76300
3692,ВЦ,ВЦ 30-160-050-3,ВЦ 30-160-050,500,410 - 14190,542 - 2855,550,87,78900
3693,ВЦ,ВЦ 30-160-050-2,ВЦ 30-160-050,500,560 - 13670,481 - 2525,7500,96,160800
3694,ВЦ,ВЦ 30-160-050-4,ВЦ 30-160-050,500,420 - 11130,469 - 2899,1500,83,87600
3695,ВЦ,ВЦ 30-160-050-2,ВЦ 30-160-050,500,430 - 9880,526 - 2877,750,75,74600
3696,ВЦ,ВЦ 30-160-050-4,ВЦ 30-160-050,500,400 - 10600,460 - 2599,4000,75,112000
3697,ВЦ,ВЦ 30-160-050-3,ВЦ 30-160-050,500,480 - 10540,534 - 2610,750,71,67500
3698,ВЦ,ВЦ 30-160-050-3,ВЦ 30-160-050,500,470 - 10390,462 - 2903,370,96,70100
3699,ВЦ,ВЦ 30-160-050-4,ВЦ 30-160-050,500,470 - 9900,496 - 2529,370,91,62500
3700,ВЦ,ВЦ 30-160-050-3,ВЦ 30-160-050,500,410 - 10100,475 - 2666,180,97,64600
3701,ВЦ,ВЦ 30-160-050-1,ВЦ 30-160-050,500,560 - 12620,538 - 2977,1100,104,86900
3702,ВЦ,ВЦ 30-160-050-1,ВЦ 30-160-050,500,470 - 11820,459 - 2638,180,98,74100
3703,ВЦ,ВЦ 30-160-050-5,ВЦ 30-160-050,500,420 - 13190,519 - 2614,15000,93,274000
3704,ВЦ,ВЦ 30-160-050-5,ВЦ 30-160-050,500,460 - 11390,541 - 2750,1100,93,72700
3705,ВЦ,ВЦ 30-160-050-5,ВЦ 30-160-050,500,550 - 14340,525 - 2664,550,76,77100
3706,УВО,УВО 30-160-063-3,УВО 30-160-063,630,5030 - 34890,76 - 604,7500,98,239300
3707,УВО,УВО 30-160-063-2,УВО 30-160-063,630,4030 - 34960,77 - 593,7500,86,250500
3708,УВО,УВО 30-160-063-3,УВО 30-160-063,630,4850 - 29760,78 - 545,7500,96,244000
3709,УВО,УВО 30-160-063-1,УВО 30-160-063,630,5560 - 25420,77 - 582,180,72,108200
3710,УВО,УВО 30-160-063-1,УВО 30-160-063,630,4400 - 35210,81 - 545,15000,72,380500
3711,УВО,УВО 30-160-063-1,УВО 30-160-063,630,4730 - 29280,79 - 583,11000,72,310600
3712,УВО,УВО 30-160-063-1,УВО 30-160-063,630,4700 - 33770,73 - 642,2200,105,154300
3713,УВО,УВО 30-160-063-3,УВО 30-160-063,630,5100 - 28930,79 - 614,11000,96,290000
3714,УВО,УВО 30-160-063-3,УВО 30-160-063,630,4840 - 27810,70 - 552,250,85,99200
3715,УВО,УВО 30-160-063-4,УВО 30-160-063,630,5590 - 25860,77 - 602,5500,99,204300
3716,УВО,УВО 30-160-063-5,УВО 30-160-063,630,5030 - 25890,77 - 570,5500,72,211900
3717,УВО,УВО 30-160-063-4,УВО 30-160-063,630,5990 - 33020,82 - 640,7500,102,249500
3718,УВО,УВО 30-160-063-2,УВО 30-160-063,630,4360 - 24890,78 - 566,250,101,100200
3719,УВО,УВО 30-160-063-2,УВО 30-160-063,630,4820 - 32990,79 - 556,7500,94,246900
3720,УВО,УВО 30-160-063-2,УВО 30-160-063,630,5590 - 26590,78 - 640,1500,73,136400
3721,УВО,УВО 30-160-063-4,УВО 30-160-063,630,4840 - 26850,68 - 580,3000,93,165300
3722,УВО,УВО 30-160-063-1,УВО 30-160-063,630,5770 - 26750,69 - 593,250,76,98200
3723,УВО,УВО 30-160-063-5,УВО 30-160-063,630,5810 - 32860,71 - 580,180,79,110100
3724,УВО,УВО 30-160-063-5,УВО 30-160-063,630,5400 - 26840,78 - 556,370,89,122100
3725,УВО,УВО 30-160-063-4,УВО 30-160-063,630,4750 - 28590,73 - 616,11000,104,296500
3726,УВО,УВО 30-160-063-3,УВО 30-160-063,630,5610 - 35300,74 - 576,1500,87,138400
3727,УВО,УВО 30-160-063-5,УВО 30-160-063,630,5160 - 24220,82 - 562,5500,78,191200
3728,УВО,УВО 30-160-063-3,УВО 30-160-063,630,4700 - 30030,74 - 630,3000,73,145600
3729,УВО,УВО 30-160-063-5,УВО 30-160-063,630,4430 - 35280,82 - 548,11000,70,304700
3730,УВО,УВО 30-160-063-1,УВО 30-160-063,630,4180 - 24540,68 - 584,2200,103,145800
3731,УВО,УВО 30-160-063-1,УВО 30-160-063,630,4980 - 27010,69 - 562,7500,92,246000
3732,УВО,УВО 30-160-063-1,УВО 30-160-063,630,4360 - 25560,77 - 608,15000,92,364700
3733,УВО,УВО 30-160-063-4,УВО 30-160-063,630,5490 - 31310,72 - 613,1500,103,127500
3734,УВО,УВО 30-160-063-5,УВО 30-160-063,630,5310 - 27690,68 - 624,11000,90,306200
3735,УВО,УВО 30-160-063-2,УВО 30-160-063,630,4140 - 33580,80 - 628,3000,77,169200
3736,УВО,УВО 30-160-063-1,УВО 30-160-063,630,5380 - 26550,80 - 603,750,88,112500
3737,УВО,УВО 30-160-063-4,УВО 30-160-063,630,5350 - 28670,70 - 627,2200,89,154100
3738,УВО,УВО 30-160-063-2,УВО 30-160-063,630,5330 - 33360,78 - 663,7500,94,237500
3739,УВО,УВО 30-160-063-5,УВО 30-160-063,630,4540 - 34200,77 - 643,11000,73,305900
3740,УВО,УВО 30-160-063-3,УВО 30-160-063,630,5670 - 31790,75 - 549,4000,86,174600
3741,УВО,УВО 30-160-063-3,УВО 30-160-063,630,4690 - 33250,78 - 606,1500,84,125900
3742,УВО,УВО 30-160-063-5,УВО 30-160-063,630,4040 - 33060,69 - 641,180,77,96800
3743,УВО,УВО 30-160-063-4,УВО 30-160-063,630,5870 - 25960,75 - 655,15000,93,361600
3744,УВО,УВО 30-160-063-2,УВО 30-160-063,630,5960 - 34540,69 - 564,250,98,106100
3745,УВО,УВО 30-160-063-2,УВО 30-160-063,630,4260 - 27400,68 - 571,370,98,120200
3746,УВО,УВО 30-160-063-2,УВО 30-160-063,630,4810 - 27280,76 - 545,180,102,103100
3747,УВО,УВО 30-160-063-2,УВО 30-160-063,630,4100 - 30590,72 - 553,11000,87,292300
3748,УВО,УВО 30-160-063-2,УВО 30-160-063,630,4700 - 35380,78 - 643,750,78,126200
3749,УВО,УВО 30-160-063-4,УВО 30-160-063,630,4700 - 33620,73 - 575,4000,100,168000
3750,УВО,УВО 30-160-063-3,УВО 30-160-063,630,5320 - 29790,75 - 568,2200,105,141000
3751,УВО,УВО 30-160-063-1,УВО 30-160-063,630,4580 - 28400,75 - 567,180,82,96000
3752,УВО,УВО 30-160-063-1,УВО 30-160-063,630,5220 - 25780,73 - 560,7500,73,240700
3753,УВО,УВО 30-160-063-3,УВО 30-160-063,630,4130 - 35200,72 - 654,4000,81,177500
3754,УВО,УВО 30-160-063-1,УВО 30-160-063,630,5830 - 24930,69 - 548,550,100,104400
3755,УВО,УВО 30-160-063-3,УВО 30-160-063,630,5990 - 24280,73 - 594,3000,101,157800
3756,УВО,УВО 30-160-063-5,УВО 30-160-063,630,5460 - 32900,77 - 619,11000,103,308200
3757,УВО,УВО 30-160-063-1,УВО 30-160-063,630,5330 - 32010,81 - 632,250,75,101000
3758,УВО,УВО 30-160-063-1,УВО 30-160-063,630,4570 - 29930,76 - 616,15000,82,374100
3759,УВО,УВО 30-160-063-2,УВО 30-160-063,630,5020 - 28560,68 - 622,15000,87,383700
3760,УВО,УВО 30-160-063-1,УВО 30-160-063,630,4510 - 35590,77 - 577,550,85,124200
3761,УВО,УВО 30-160-063-2,УВО 30-160-063,630,4100 - 26680,80 - 616,1100,82,121800
3762,УВО,УВО 30-160-063-4,УВО 30-160-063,630,5560 - 25870,73 - 606,7500,80,250000
3763,УВО,УВО 30-160-063-2,УВО 30-160-063,630,5500 - 31020,79 - 560,370,91,120000
3764,УВО,УВО 30-160-063-1,УВО 30-160-063,630,4710 - 24700,71 - 598,750,104,108200
3765,УВО,УВО 30-160-063-1,УВО 30-160-063,630,6020 - 29410,81 - 623,370,71,110100
3766,УВО,УВО 30-160-063-5,УВО 30-160-063,630,5400 - 34280,80 - 547,2200,76,149000
3767,УВО,УВО 30-160-063-2,УВО 30-160-063,630,4750 - 27950,80 - 555,4000,98,185300
3768,УВО,УВО 30-160-063-4,УВО 30-160-063,630,4980 - 24360,80 - 660,5500,72,214500
3769,УВО,УВО 30-160-063-2,УВО 30-160-063,630,5920 - 32030,82 - 665,1100,105,121900
3770,УВО,УВО 30-160-063-2,УВО 30-160-063,630,5200 - 34910,70 - 552,3000,93,146200
3771,УВО,УВО 30-160-063-3,УВО 30-160-063,630,4470 - 26750,69 - 612,550,80,112800
3772,УВО,УВО 30-160-063-2,УВО 30-160-063,630,5680 - 26610,73 - 658,1500,93,123600
3773,УВО,УВО 30-160-063-2,УВО 30-160-063,630,4720 - 26410,76 - 578,11000,70,299700
3774,УВО,УВО 30-160-063-4,УВО 30-160-063,630,5060 - 32650,76 - 618,550,73,121800
3775,УВО,УВО 30-160-063-1,УВО 30-160-063,630,5100 - 31620,77 - 660,11000,95,307000
3776,УВО,УВО 30-160-063-2,УВО 30-160-063,630,5560 - 24540,71 - 582,550,84,124500
3777,УВО,УВО 30-160-063-2,УВО 30-160-063,630,4040 - 30540,73 - 550,3000,103,160200
3778,УВО,УВО 30-160-063-1,УВО 30-160-063,630,4310 - 28790,75 - 577,7500,92,246000
3779,УВО,УВО 30-160-063-1,УВО 30-160-063,630,5970 - 31290,79 - 575,180,104,95400
3780,УВО,УВО 30-160-063-4,УВО 30-160-063,630,4800 - 27280,76 - 559,750,96,125800
3781,УВО,УВО 30-160-063-3,УВО 30-160-063,630,4950 - 34570,82 - 654,180,80,103900
3782,УВО,УВО 30-160-063-4,УВО 30-160-063,630,5170 - 27350,73 - 640,5500,75,194000
3783,УВО,УВО 30-160-063-5,УВО 30-160-063,630,5050 - 30480,81 - 578,7500,105,230800
3784,УВО,УВО 30-160-063-1,УВО 30-160-063,630,5190 - 26090,77 - 658,1100,70,113100
3785,УВО,УВО 30-160-063-1,УВО 30-160-063,630,4990 - 32250,74 - 571,1500,80,139800
3786,УВО,УВО 30-160-063-2,УВО 30-160-063,630,4840 - 32610,74 - 545,15000,87,366600
3787,УВО,УВО 30-160-063-5,УВО 30-160-063,630,5020 - 31260,71 - 594,4000,82,165000
3788,УВО,УВО 30-160-063-2,УВО 30-160-063,630,5550 - 32510,70 - 553,1500,87,142500
3789,УВО,УВО 30-160-063-2,УВО 30-160-063,630,4460 - 28120,73 - 605,180,74,95600
3790,УВО,УВО 30-160-063-2,УВО 30-160-063,630,4260 - 25640,78 - 573,370,95,120700
3791,УВО,УВО 30-160-063-1,УВО 30-160-063,630,4650 - 25590,78 - 592,550,80,112900
3792,УВО,УВО 30-160-063-5,УВО 30-160-063,630,5520 - 35310,69 - 636,370,84,99600
3793,УВО,УВО 30-160-063-4,УВО 30-160-063,630,5930 - 29510,75 - 631,5500,86,210700
3794,УВО,УВО 30-160-063-5,УВО 30-160-063,630,4900 - 27630,71 - 593,2200,81,132400
3795,УВО,УВО 30-160-063-5,УВО 30-160-063,630,5700 - 30660,78 - 651,15000,104,378800
3796,УВО,УВО 30-160-063-3,УВО 30-160-063,630,4810 - 29910,75 - 551,15000,70,364600
3797,УВО,УВО 30-160-063-4,УВО 30-160-063,630,4540 - 28810,73 - 638,1100,84,124700
3798,УВО,УВО 30-160-063-1,УВО 30-160-063,630,5070 - 25860,80 - 551,750,90,128900
3799,УВО,УВО 30-160-063-1,УВО 30-160-063,630,5350 - 29990,79 - 598,750,105,121800
3800,УВО,УВО 30-160-063-4,УВО 30-160-063,630,4860 - 35570,77 - 572,370,76,99700
3801,УВО,УВО 30-160-063-4,УВО 30-160-063,630,4520 - 32120,69 - 649,1500,100,141700
3802,УВО,УВО 30-160-063-5,УВО 30-160-063,630,4270 - 35580,74 - 593,550,79,115500
3803,УВО,УВО 30-160-063-4,УВО 30-160-063,630,4610 - 24550,73 - 572,11000,71,291300
3804,УВО,УВО 30-160-063-1,УВО 30-160-063,630,5510 - 29680,80 - 641,250,96,98200
3805,УВО,УВО 30-160-063-4,УВО 30-160-063,630,5730 - 28370,71 - 573,180,84,101000
3806,УВО,УВО 30-160-063-2,УВО 30-160-063,630,5230 - 32830,74 - 655,750,87,117800
3807,УВО,УВО 30-160-063-5,УВО 30-160-063,630,4670 - 30200,75 - 567,1500,96,142000
3808,УВО,УВО 30-160-063-5,УВО 30-160-063,630,5820 - 31460,69 - 594,180,96,94800
3809,УВО,УВО 30-160-063-1,УВО 30-160-063,630,5530 - 27750,76 - 637,3000,82,168300
3810,УВО,УВО 30-160-063-5,УВО 30-160-063,630,5570 - 27640,81 - 559,180,100,111200
3811,УВО,УВО 30-160-063-3,УВО 30-160-063,630,4160 - 29460,74 - 595,250,90,98300
3812,УВО,УВО 30-160-063-5,УВО 30-160-063,630,5380 - 25040,83 - 663,7500,72,241600
3813,УВО,УВО 30-160-063-5,УВО 30-160-063,630,4470 - 35780,69 - 560,2200,99,145700
3814,УВО,УВО 30-160-063-2,УВО 30-160-063,630,5090 - 32670,79 - 553,1100,92,120200
3815,УВО,УВО 30-160-063-5,УВО 30-160-063,630,4350 - 35000,74 - 549,750,80,109700
3816,УВО,УВО 30-160-063-2,УВО 30-160-063,630,4220 - 25200,71 - 584,7500,81,228900
3817,УВО,УВО 30-160-063-4,УВО 30-160-063,630,5000 - 31070,71 - 590,1500,101,139400
3818,УВО,УВО 30-160-063-1,УВО 30-160-063,630,5030 - 24370,81 - 560,3000,77,150200
3819,УВО,УВО 30-160-063-4,УВО 30-160-063,630,4760 - 24940,78 - 596,7500,91,248800
3820,УВО,УВО 30-160-063-3,УВО 30-160-063,630,5440 - 33720,73 - 640,1500,71,127000
3821,УВО,УВО 30-160-063-4,УВО 30-160-063,630,5680 - 24840,83 - 657,2200,91,137700
3822,УВО,УВО 30-160-063-1,УВО 30-160-063,630,5680 - 29650,78 - 598,2200,81,142100
3823,УВО,УВО 30-160-063-2,УВО 30-160-063,630,4980 - 27390,68 - 608,180,87,104900
3824,УВО,УВО 30-160-063-3,УВО 30-160-063,630,5690 - 30420,78 - 651,3000,91,146700
3825,УВО,УВО 30-160-063-2,УВО 30-160-063,630,4160 - 26330,73 - 607,15000,100,379900
3826,УВО,УВО 30-160-063-2,УВО 30-160-063,630,4720 - 26420,76 - 581,250,73,96500
3827,УВО,УВО 30-160-063-5,УВО 30-160-063,630,4840 - 36090,69 - 652,3000,94,169300
3828,УВО,УВО 30-160-063-4,УВО 30-160-063,630,5440 - 28060,71 - 588,750,86,118900
3829,УВО,УВО 30-160-063-4,УВО 30-160-063,630,4400 - 25900,71 - 639,370,90,103900
3830,УВО,УВО 30-160-063-5,УВО 30-160-063,630,5920 - 28470,70 - 621,1100,74,119100
3831,УВО,УВО 30-160-063-1,УВО 30-160-063,630,4160 - 34010,76 - 571,5500,76,209300
3832,УВО,УВО 30-160-063-3,УВО 30-160-063,630,5550 - 24300,76 - 638,750,73,127500
3833,УВО,УВО 30-160-063-5,УВО 30-160-063,630,5000 - 28090,81 - 559,1100,83,127200
3834,УВО,УВО 30-160-063-2,УВО 30-160-063,630,4160 - 25110,69 - 645,7500,104,236800
3835,УВО,УВО 30-160-063-1,УВО 30-160-063,630,4360 - 25190,75 - 546,1500,94,134000
3836,УВО,УВО 30-160-063-4,УВО 30-160-063,630,4580 - 26990,74 - 556,4000,90,177000
3837,УВО,УВО 30-160-063-4,УВО 30-160-063,630,4960 - 36110,70 - 657,4000,80,181900
3838,УВО,УВО 30-160-063-2,УВО 30-160-063,630,4380 - 28740,72 - 587,550,81,114900
3839,УВО,УВО 30-160-063-1,УВО 30-160-063,630,4230 - 27460,79 - 595,5500,97,209500
3840,УВО,УВО 30-160-063-4,УВО 30-160-063,630,4040 - 30870,70 - 616,2200,73,135700
3841,УВО,УВО 30-160-063-3,УВО 30-160-063,630,4160 - 28340,71 - 559,1500,76,131300
3842,УВО,УВО 30-160-063-3,УВО 30-160-063,630,5890 - 24270,70 - 617,7500,78,245700
3843,УВО,УВО 30-160-063-1,УВО 30-160-063,630,4790 - 31900,80 - 562,1500,71,126600
3844,УВО,УВО 30-160-063-2,УВО 30-160-063,630,5740 - 24230,82 - 584,550,77,114300
3845,УВО,УВО 30-160-063-3,УВО 30-160-063,630,4260 - 31380,69 - 592,7500,95,243800
3846,УВО,УВО 30-160-063-2,УВО 30-160-063,630,5760 - 31610,73 - 608,15000,73,368300
3847,УВО,УВО 30-160-063-5,УВО 30-160-063,630,5630 - 26160,78 - 605,750,78,121000
3848,УВО,УВО 30-160-063-2,УВО 30-160-063,630,4520 - 31850,75 - 663,5500,85,206900
3849,УВО,УВО 30-160-071-3,УВО 30-160-071,710,5130 - 35020,83 - 721,15000,80,394200
3850,УВО,УВО 30-160-071-3,УВО 30-160-071,710,4700 - 30690,90 - 639,2200,74,151200
3851,УВО,УВО 30-160-071-2,УВО 30-160-071,710,5030 - 30330,87 - 660,370,77,114900
3852,УВО,УВО 30-160-071-4,УВО 30-160-071,710,5000 - 34190,85 - 744,1500,93,137700
3853,УВО,УВО 30-160-071-4,УВО 30-160-071,710,6350 - 32870,85 - 627,7500,93,243600
3854,УВО,УВО 30-160-071-5,УВО 30-160-071,710,6000 - 29540,93 - 713,3000,99,159800
3855,УВО,УВО 30-160-071-3,УВО 30-160-071,710,5010 - 40280,92 - 673,5500,74,209800
3856,УВО,УВО 30-160-071-5,УВО 30-160-071,710,6180 - 37270,77 - 664,370,85,130300
3857,УВО,УВО 30-160-071-3,УВО 30-160-071,710,6570 - 30020,79 - 739,370,88,129900
3858,УВО,УВО 30-160-071-5,УВО 30-160-071,710,4630 - 28620,92 - 689,3000,97,155500
3859,УВО,УВО 30-160-071-3,УВО 30-160-071,710,5370 - 29230,79 - 710,370,99,128500
3860,УВО,УВО 30-160-071-4,УВО 30-160-071,710,5930 - 39000,88 - 732,2200,73,160500
3861,УВО,УВО 30-160-071-5,УВО 30-160-071,710,5220 - 38790,90 - 709,250,93,122900
3862,УВО,УВО 30-160-071-1,УВО 30-160-071,710,6270 - 34270,81 - 724,7500,75,250100
3863,УВО,УВО 30-160-071-5,УВО 30-160-071,710,4800 - 40300,77 - 724,11000,93,322300
3864,УВО,УВО 30-160-071-2,УВО 30-160-071,710,5050 - 38880,78 - 709,2200,92,162200
3865,УВО,УВО 30-160-071-5,УВО 30-160-071,710,4920 - 35680,81 - 634,550,93,118100
3866,УВО,УВО 30-160-071-3,УВО 30-160-071,710,6730 - 37180,81 - 631,1100,91,127300
3867,УВО,УВО 30-160-071-2,УВО 30-160-071,710,5030 - 35940,82 - 665,370,102,125900
3868,УВО,УВО 30-160-071-4,УВО 30-160-071,710,6570 - 30330,87 - 723,1500,79,148100
3869,УВО,УВО 30-160-071-4,УВО 30-160-071,710,5870 - 31510,87 - 614,1500,104,128700
3870,УВО,УВО 30-160-071-2,УВО 30-160-071,710,5280 - 28590,86 - 665,3000,78,170900
3871,УВО,УВО 30-160-071-4,УВО 30-160-071,710,4870 - 31610,82 - 702,1500,93,147300
3872,УВО,УВО 30-160-071-1,УВО 30-160-071,710,4980 - 32170,82 - 707,250,95,128600
3873,УВО,УВО 30-160-071-5,УВО 30-160-071,710,6480 - 38820,92 - 730,180,92,107500
3874,УВО,УВО 30-160-071-4,УВО 30-160-071,710,4680 - 33680,81 - 627,2200,100,142700
3875,УВО,УВО 30-160-071-2,УВО 30-160-071,710,5260 - 36090,85 - 690,11000,78,306300
3876,УВО,УВО 30-160-071-4,УВО 30-160-071,710,4570 - 30820,83 - 632,1100,83,137600
3877,УВО,УВО 30-160-071-4,УВО 30-160-071,710,6390 - 30050,87 - 673,5500,99,214900
3878,УВО,УВО 30-160-071-5,УВО 30-160-071,710,6380 - 30770,93 - 650,3000,83,162000
3879,УВО,УВО 30-160-071-5,УВО 30-160-071,710,5000 - 31250,79 - 720,550,103,111200
3880,УВО,УВО 30-160-071-3,УВО 30-160-071,710,5480 - 34760,93 - 692,15000,73,375200
3881,УВО,УВО 30-160-071-3,УВО 30-160-071,710,4560 - 30480,86 - 660,7500,105,243200
3882,УВО,УВО 30-160-071-1,УВО 30-160-071,710,6640 - 37250,85 - 615,750,81,129200
3883,УВО,УВО 30-160-071-4,УВО 30-160-071,710,4600 - 27460,80 - 615,1100,85,140100
3884,УВО,УВО 30-160-071-5,УВО 30-160-071,710,6600 - 33230,90 - 630,1500,86,141300
3885,УВО,УВО 30-160-071-1,УВО 30-160-071,710,6770 - 39120,87 - 703,11000,103,312900
3886,УВО,УВО 30-160-071-4,УВО 30-160-071,710,4580 - 30100,88 - 703,250,83,112500
3887,УВО,УВО 30-160-071-1,УВО 30-160-071,710,6450 - 40820,91 - 670,11000,83,317700
3888,УВО,УВО 30-160-071-2,УВО 30-160-071,710,4610 - 29420,84 - 681,7500,84,241900
3889,УВО,УВО 30-160-071-1,УВО 30-160-071,710,4710 - 31950,81 - 717,550,101,132700
3890,УВО,УВО 30-160-071-4,УВО 30-160-071,710,6480 - 32640,90 - 674,11000,71,301700
3891,УВО,УВО 30-160-071-3,УВО 30-160-071,710,5510 - 30970,89 - 723,15000,87,381000
3892,УВО,УВО 30-160-071-1,УВО 30-160-071,710,6680 - 27720,79 - 715,750,89,132600
3893,УВО,УВО 30-160-071-3,УВО 30-160-071,710,6130 - 35030,87 - 697,370,88,126900
3894,УВО,УВО 30-160-071-5,УВО 30-160-071,710,6590 - 30670,79 - 639,3000,87,175100
3895,УВО,УВО 30-160-071-4,УВО 30-160-071,710,6230 - 31700,88 - 686,1100,95,131600
3896,УВО,УВО 30-160-071-1,УВО 30-160-071,710,5140 - 27330,80 - 639,3000,99,167400
3897,УВО,УВО 30-160-071-5,УВО 30-160-071,710,6480 - 35120,88 - 618,7500,75,239700
3898,УВО,УВО 30-160-071-1,УВО 30-160-071,710,6250 - 29450,92 - 620,180,85,106700
3899,УВО,УВО 30-160-071-5,УВО 30-160-071,710,5850 - 29460,83 - 719,180,91,116600
3900,УВО,УВО 30-160-071-1,УВО 30-160-071,710,6770 - 35310,77 - 714,5500,74,211300
3901,УВО,УВО 30-160-071-1,УВО 30-160-071,710,4790 - 29270,87 - 690,370,76,126200
3902,УВО,УВО 30-160-071-5,УВО 30-160-071,710,6170 - 30880,86 - 681,180,72,113500
3903,УВО,УВО 30-160-071-5,УВО 30-160-071,710,4670 - 29560,77 - 690,370,74,118600
3904,УВО,УВО 30-160-071-2,УВО 30-160-071,710,6560 - 32700,93 - 682,1100,76,128400
3905,УВО,УВО 30-160-071-1,УВО 30-160-071,710,6140 - 29900,78 - 653,250,92,110700
3906,УВО,УВО 30-160-071-1,УВО 30-160-071,710,5920 - 30770,83 - 696,3000,71,171600
3907,УВО,УВО 30-160-071-1,УВО 30-160-071,710,6520 - 37850,76 - 744,5500,78,207600
3908,УВО,УВО 30-160-071-3,УВО 30-160-071,710,4710 - 27800,82 - 620,750,87,127700
3909,УВО,УВО 30-160-071-5,УВО 30-160-071,710,5630 - 38800,89 - 736,5500,87,220000
3910,УВО,УВО 30-160-071-3,УВО 30-160-071,710,5810 - 35400,84 - 616,4000,77,180500
3911,УВО,УВО 30-160-071-5,УВО 30-160-071,710,5620 - 32040,85 - 654,750,78,119800
3912,УВО,УВО 30-160-071-1,УВО 30-160-071,710,6430 - 33610,78 - 621,370,80,108400
3913,УВО,УВО 30-160-071-1,УВО 30-160-071,710,6680 - 40060,85 - 660,180,102,120800
3914,УВО,УВО 30-160-071-3,УВО 30-160-071,710,6720 - 38840,83 - 702,7500,88,245600
3915,УВО,УВО 30-160-071-1,УВО 30-160-071,710,4710 - 35200,83 - 725,1500,96,141200
3916,УВО,УВО 30-160-071-5,УВО 30-160-071,710,6630 - 40740,80 - 677,1100,84,131000
3917,УВО,УВО 30-160-071-5,УВО 30-160-071,710,5770 - 36200,77 - 739,4000,96,188100
3918,УВО,УВО 30-160-071-1,УВО 30-160-071,710,5360 - 38840,92 - 695,7500,89,243700
3919,УВО,УВО 30-160-071-2,УВО 30-160-071,710,6200 - 34840,87 - 693,3000,94,167400
3920,УВО,УВО 30-160-071-4,УВО 30-160-071,710,5170 - 40290,78 - 639,4000,83,179000
3921,УВО,УВО 30-160-071-4,УВО 30-160-071,710,5690 - 32560,88 - 740,250,82,108300
3922,УВО,УВО 30-160-071-5,УВО 30-160-071,710,6260 - 35290,90 - 734,370,93,114700
3923,УВО,УВО 30-160-071-5,УВО 30-160-071,710,5230 - 38180,91 - 657,1100,72,131400
3924,УВО,УВО 30-160-071-1,УВО 30-160-071,710,6790 - 32320,82 - 676,3000,86,176700
3925,УВО,УВО 30-160-071-5,УВО 30-160-071,710,5680 - 38700,85 - 730,15000,101,374300
3926,УВО,УВО 30-160-071-4,УВО 30-160-071,710,5860 - 27310,82 - 675,2200,75,152000
3927,УВО,УВО 30-160-071-5,УВО 30-160-071,710,6180 - 38420,83 - 613,1500,102,129200
3928,УВО,УВО 30-160-071-5,УВО 30-160-071,710,5350 - 35830,86 - 703,180,77,124400
3929,УВО,УВО 30-160-071-2,УВО 30-160-071,710,6360 - 36190,92 - 661,2200,90,153200
3930,УВО,УВО 30-160-071-2,УВО 30-160-071,710,4890 - 30520,78 - 718,1100,99,122900
3931,УВО,УВО 30-160-071-3,УВО 30-160-071,710,4740 - 38590,80 - 692,5500,98,206900
3932,УВО,УВО 30-160-071-2,УВО 30-160-071,710,5450 - 33130,80 - 636,7500,99,259600
3933,УВО,УВО 30-160-071-3,УВО 30-160-071,710,4760 - 39690,84 - 617,11000,76,317000
3934,УВО,УВО 30-160-071-3,УВО 30-160-071,710,4630 - 40370,83 - 713,750,75,134800
3935,УВО,УВО 30-160-071-1,УВО 30-160-071,710,6550 - 32810,91 - 690,4000,78,182200
3936,УВО,УВО 30-160-071-1,УВО 30-160-071,710,6510 - 35120,79 - 730,11000,87,316300
3937,УВО,УВО 30-160-071-4,УВО 30-160-071,710,4570 - 37100,79 - 682,11000,85,322200
3938,УВО,УВО 30-160-071-2,УВО 30-160-071,710,4780 - 31930,92 - 668,250,74,127100
3939,УВО,УВО 30-160-071-3,УВО 30-160-071,710,5980 - 28920,91 - 648,3000,99,177600
3940,УВО,УВО 30-160-071-1,УВО 30-160-071,710,5920 - 34400,91 - 697,4000,83,177400
3941,УВО,УВО 30-160-071-5,УВО 30-160-071,710,6260 - 35500,85 - 726,1500,71,144300
3942,УВО,УВО 30-160-071-2,УВО 30-160-071,710,4860 - 29960,90 - 613,11000,94,306900
3943,УВО,УВО 30-160-071-3,УВО 30-160-071,710,6100 - 30600,82 - 650,7500,102,236300
3944,УВО,УВО 30-160-071-3,УВО 30-160-071,710,6040 - 33500,88 - 685,750,77,115600
3945,УВО,УВО 30-160-071-4,УВО 30-160-071,710,5790 - 32590,83 - 650,1100,73,123700
3946,УВО,УВО 30-160-071-1,УВО 30-160-071,710,6040 - 40120,85 - 628,750,85,136300
3947,УВО,УВО 30-160-071-2,УВО 30-160-071,710,4670 - 30750,79 - 635,180,95,120400
3948,УВО,УВО 30-160-071-1,УВО 30-160-071,710,6560 - 30060,82 - 740,250,73,108800
3949,УВО,УВО 30-160-071-2,УВО 30-160-071,710,4570 - 34860,91 - 670,3000,99,176400
3950,УВО,УВО 30-160-071-1,УВО 30-160-071,710,5870 - 28640,88 - 714,7500,98,248700
3951,УВО,УВО 30-160-071-1,УВО 30-160-071,710,5080 - 39870,77 - 656,370,72,112600
3952,УВО,УВО 30-160-071-5,УВО 30-160-071,710,4960 - 32470,82 - 699,1500,77,150400
3953,УВО,УВО 30-160-071-5,УВО 30-160-071,710,5620 - 40700,82 - 704,370,85,108400
3954,УВО,УВО 30-160-071-2,УВО 30-160-071,710,5950 - 28550,88 - 614,1500,98,139100
3955,УВО,УВО 30-160-071-1,УВО 30-160-071,710,4950 - 30580,85 - 617,750,90,120700
3956,УВО,УВО 30-160-071-1,УВО 30-160-071,710,5060 - 33490,82 - 726,1500,103,148600
3957,УВО,УВО 30-160-071-1,УВО 30-160-071,710,4790 - 34570,92 - 669,1500,87,151200
3958,УВО,УВО 30-160-071-2,УВО 30-160-071,710,6680 - 29280,84 - 723,370,80,128500
3959,УВО,УВО 30-160-071-5,УВО 30-160-071,710,5610 - 29120,83 - 690,15000,81,394900
3960,УВО,УВО 30-160-071-1,УВО 30-160-071,710,5460 - 31540,92 - 708,370,86,127400
3961,УВО,УВО 30-160-071-1,УВО 30-160-071,710,4610 - 35890,80 - 666,15000,82,380900
3962,УВО,УВО 30-160-071-3,УВО 30-160-071,710,4680 - 30370,89 - 644,11000,93,317400
3963,УВО,УВО 30-160-071-5,УВО 30-160-071,710,4540 - 29820,82 - 718,1500,101,139800
3964,УВО,УВО 30-160-071-2,УВО 30-160-071,710,4750 - 28020,78 - 650,15000,74,388000
3965,УВО,УВО 30-160-071-1,УВО 30-160-071,710,6460 - 35690,93 - 692,4000,96,191700
3966,УВО,УВО 30-160-071-2,УВО 30-160-071,710,5440 - 35030,82 - 678,180,97,113800
3967,УВО,УВО 30-160-071-2,УВО 30-160-071,710,5780 - 40000,78 - 728,250,74,120600
3968,УВО,УВО 30-160-071-3,УВО 30-160-071,710,5330 - 33000,88 - 711,180,72,106900
3969,УВО,УВО 30-160-080-5,УВО 30-160-080,800,5170 - 38680,102 - 804,370,83,134500
3970,УВО,УВО 30-160-080-1,УВО 30-160-080,800,7580 - 40360,96 - 724,370,78,134700
3971,УВО,УВО 30-160-080-2,УВО 30-160-080,800,6860 - 42110,100 - 717,370,81,118800
3972,УВО,УВО 30-160-080-5,УВО 30-160-080,800,6640 - 44140,103 - 736,250,97,116900
3973,УВО,УВО 30-160-080-3,УВО 30-160-080,800,7060 - 37710,88 - 777,550,86,122900
3974,УВО,УВО 30-160-080-3,УВО 30-160-080,800,5400 - 45990,104 - 705,11000,102,311700
3975,УВО,УВО 30-160-080-3,УВО 30-160-080,800,6300 - 32860,98 - 737,1100,92,141100
3976,УВО,УВО 30-160-080-4,УВО 30-160-080,800,5490 - 36750,93 - 754,11000,75,321900
3977,УВО,УВО 30-160-080-3,УВО 30-160-080,800,6530 - 31290,90 - 725,7500,73,259000
3978,УВО,УВО 30-160-080-1,УВО 30-160-080,800,6020 - 35780,92 - 704,11000,89,315900
3979,УВО,УВО 30-160-080-2,УВО 30-160-080,800,6140 - 36690,91 - 811,1500,76,159100
3980,УВО,УВО 30-160-080-3,УВО 30-160-080,800,7470 - 40600,103 - 733,2200,81,163600
3981,УВО,УВО 30-160-080-1,УВО 30-160-080,800,6250 - 34240,96 - 717,4000,94,198400
3982,УВО,УВО 30-160-080-5,УВО 30-160-080,800,7210 - 41570,105 - 749,2200,93,163300
3983,УВО,УВО 30-160-080-4,УВО 30-160-080,800,5620 - 35960,95 - 700,750,80,132100
3984,УВО,УВО 30-160-080-1,УВО 30-160-080,800,6310 - 34750,88 - 819,5500,86,216500
3985,УВО,УВО 30-160-080-2,УВО 30-160-080,800,5250 - 38880,88 - 839,1100,97,150500
3986,УВО,УВО 30-160-080-1,УВО 30-160-080,800,6420 - 38730,97 - 708,3000,89,174300
3987,УВО,УВО 30-160-080-5,УВО 30-160-080,800,5530 - 41410,100 - 753,15000,89,396000
3988,УВО,УВО 30-160-080-3,УВО 30-160-080,800,7350 - 41690,103 - 803,1500,94,155600
3989,УВО,УВО 30-160-080-2,УВО 30-160-080,800,7450 - 40520,103 - 730,3000,100,178300
3990,УВО,УВО 30-160-080-3,УВО 30-160-080,800,7600 - 39970,88 - 832,7500,86,256900
3991,УВО,УВО 30-160-080-2,УВО 30-160-080,800,6660 - 36460,88 - 714,4000,93,192200
3992,УВО,УВО 30-160-080-2,УВО 30-160-080,800,6010 - 35690,104 - 829,550,90,143200
3993,УВО,УВО 30-160-080-4,УВО 30-160-080,800,5810 - 36000,94 - 716,15000,90,399600
3994,УВО,УВО 30-160-080-4,УВО 30-160-080,800,5160 - 41620,96 - 778,7500,104,258700
3995,УВО,УВО 30-160-080-2,УВО 30-160-080,800,5670 - 42440,95 - 699,4000,76,186900
3996,УВО,УВО 30-160-080-2,УВО 30-160-080,800,6320 - 35270,103 - 734,550,88,140300
3997,УВО,УВО 30-160-080-4,УВО 30-160-080,800,5890 - 38170,87 - 842,250,83,124300
3998,УВО,УВО 30-160-080-2,УВО 30-160-080,800,6670 - 43090,93 - 741,11000,100,314000
3999,УВО,УВО 30-160-080-1,УВО 30-160-080,800,5550 - 33460,86 - 809,550,77,141500
4000,УВО,УВО 30-160-080-1,УВО 30-160-080,800,7620 - 31760,89 - 721,2200,88,155300
4001,УВО,УВО 30-160-080-2,УВО 30-160-080,800,5610 - 39760,91 - 742,4000,70,199000
4002,УВО,УВО 30-160-080-2,УВО 30-160-080,800,6480 - 37360,98 - 787,250,72,126300
4003,УВО,УВО 30-160-080-1,УВО 30-160-080,800,5590 - 41300,101 - 757,5500,78,232100
4004,УВО,УВО 30-160-080-3,УВО 30-160-080,800,5790 - 34020,94 - 796,4000,80,198300
4005,УВО,УВО 30-160-080-3,УВО 30-160-080,800,6550 - 35000,100 - 694,5500,94,223400
4006,УВО,УВО 30-160-080-1,УВО 30-160-080,800,7080 - 34780,95 - 839,3000,102,167900
4007,УВО,УВО 30-160-080-2,УВО 30-160-080,800,6800 - 32990,86 - 833,5500,91,226300
4008,УВО,УВО 30-160-080-1,УВО 30-160-080,800,6490 - 41660,96 - 748,550,103,140900
4009,УВО,УВО 30-160-080-1,УВО 30-160-080,800,6400 - 41160,97 - 749,370,77,132500
4010,УВО,УВО 30-160-080-2,УВО 30-160-080,800,5510 - 34840,91 - 751,4000,98,205900
4011,УВО,УВО 30-160-080-1,УВО 30-160-080,800,6340 - 31080,89 - 813,11000,83,324300
4012,УВО,УВО 30-160-080-1,УВО 30-160-080,800,7490 - 36990,98 - 716,15000,74,398600
4013,УВО,УВО 30-160-080-4,УВО 30-160-080,800,6630 - 35870,96 - 796,3000,84,175500
4014,УВО,УВО 30-160-080-3,УВО 30-160-080,800,7570 - 37120,92 - 809,4000,101,192900
4015,УВО,УВО 30-160-080-2,УВО 30-160-080,800,7620 - 34750,91 - 812,180,100,119600
4016,УВО,УВО 30-160-080-5,УВО 30-160-080,800,7240 - 39850,95 - 700,180,95,127900
4017,УВО,УВО 30-160-080-4,УВО 30-160-080,800,6220 - 44980,102 - 778,2200,102,156100
4018,УВО,УВО 30-160-080-4,УВО 30-160-080,800,6460 - 38930,100 - 843,1500,90,142100
4019,УВО,УВО 30-160-080-3,УВО 30-160-080,800,7260 - 43110,102 - 767,3000,89,168500
4020,УВО,УВО 30-160-080-2,УВО 30-160-080,800,6930 - 45100,86 - 742,5500,83,211600
4021,УВО,УВО 30-160-080-5,УВО 30-160-080,800,6630 - 40500,89 - 785,1100,90,135800
4022,УВО,УВО 30-160-080-1,УВО 30-160-080,800,7480 - 45840,92 - 793,5500,96,217100
4023,УВО,УВО 30-160-080-2,УВО 30-160-080,800,7650 - 33710,102 - 741,550,105,136900
4024,УВО,УВО 30-160-080-2,УВО 30-160-080,800,6500 - 41390,96 - 805,370,71,121300
4025,УВО,УВО 30-160-080-1,УВО 30-160-080,800,6230 - 34900,96 - 718,4000,104,186600
4026,УВО,УВО 30-160-080-3,УВО 30-160-080,800,6520 - 34870,101 - 776,180,77,120600
4027,УВО,УВО 30-160-080-1,УВО 30-160-080,800,5120 - 36970,95 - 715,5500,71,211400
4028,УВО,УВО 30-160-080-3,УВО 30-160-080,800,5210 - 38850,102 - 723,5500,90,224800
4029,УВО,УВО 30-160-080-5,УВО 30-160-080,800,5210 - 37740,91 - 723,250,94,127700
4030,УВО,УВО 30-160-080-2,УВО 30-160-080,800,6790 - 37960,89 - 817,11000,74,323000
4031,УВО,УВО 30-160-080-2,УВО 30-160-080,800,7140 - 42350,103 - 755,5500,104,226100
4032,УВО,УВО 30-160-080-3,УВО 30-160-080,800,6930 - 39860,100 - 790,1100,98,152800
4033,УВО,УВО 30-160-080-5,УВО 30-160-080,800,6140 - 31430,102 - 843,3000,82,168300
4034,УВО,УВО 30-160-080-1,УВО 30-160-080,800,7470 - 36420,96 - 813,3000,96,180700
4035,УВО,УВО 30-160-080-1,УВО 30-160-080,800,6520 - 36900,89 - 742,11000,95,313300
4036,УВО,УВО 30-160-080-4,УВО 30-160-080,800,7080 - 34530,101 - 719,5500,100,213200
4037,УВО,УВО 30-160-080-3,УВО 30-160-080,800,6340 - 41160,88 - 803,11000,86,319900
4038,УВО,УВО 30-160-080-1,УВО 30-160-080,800,6570 - 39320,100 - 826,250,102,126500
4039,УВО,УВО 30-160-080-4,УВО 30-160-080,800,5420 - 45860,91 - 698,370,104,130700
4040,УВО,УВО 30-160-080-4,УВО 30-160-080,800,6360 - 37380,91 - 782,5500,105,234600
4041,УВО,УВО 30-160-080-3,УВО 30-160-080,800,6600 - 33350,92 - 820,1500,92,148700
4042,УВО,УВО 30-160-080-3,УВО 30-160-080,800,7460 - 40080,101 - 779,1100,76,137300
4043,УВО,УВО 30-160-080-2,УВО 30-160-080,800,5230 - 41030,103 - 816,550,70,137900
4044,УВО,УВО 30-160-080-3,УВО 30-160-080,800,6050 - 34670,86 - 732,15000,82,390300
4045,УВО,УВО 30-160-080-1,УВО 30-160-080,800,5410 - 42290,89 - 717,3000,90,167000
4046,УВО,УВО 30-160-080-4,УВО 30-160-080,800,7010 - 32410,90 - 797,750,77,142400
4047,УВО,УВО 30-160-080-4,УВО 30-160-080,800,5630 - 31140,104 - 823,3000,79,174400
4048,УВО,УВО 30-160-080-3,УВО 30-160-080,800,6960 - 39250,86 - 802,1500,72,161000
4049,УВО,УВО 30-160-080-4,УВО 30-160-080,800,5440 - 42170,91 - 789,180,105,122700
4050,УВО,УВО 30-160-080-5,УВО 30-160-080,800,6050 - 45120,96 - 752,1100,94,138300
4051,УВО,УВО 30-160-080-1,УВО 30-160-080,800,6810 - 43650,97 - 699,750,73,125600
4052,УВО,УВО 30-160-080-5,УВО 30-160-080,800,5350 - 39440,101 - 693,5500,87,234700
4053,УВО,УВО 30-160-080-3,УВО 30-160-080,800,6470 - 34310,103 - 821,7500,89,257000
4054,УВО,УВО 30-160-080-1,УВО 30-160-080,800,7290 - 44110,101 - 691,3000,99,177200
4055,УВО,УВО 30-160-080-5,УВО 30-160-080,800,6500 - 40550,102 - 786,550,103,137200
4056,УВО,УВО 30-160-080-1,УВО 30-160-080,800,7020 - 43140,101 - 744,1100,87,153600
4057,УВО,УВО 30-160-080-1,УВО 30-160-080,800,7050 - 43360,104 - 729,750,102,128300
4058,УВО,УВО 30-160-080-3,УВО 30-160-080,800,5830 - 41180,86 - 788,180,88,116000
4059,УВО,УВО 30-160-080-3,УВО 30-160-080,800,5440 - 43030,96 - 750,5500,85,211900
4060,УВО,УВО 30-160-080-4,УВО 30-160-080,800,7480 - 32630,94 - 759,180,71,135600
4061,УВО,УВО 30-160-080-3,УВО 30-160-080,800,5200 - 31450,90 - 745,550,103,144200
4062,УВО,УВО 30-160-080-1,УВО 30-160-080,800,6220 - 40350,90 - 794,250,82,116600
4063,УВО,УВО 30-160-080-2,УВО 30-160-080,800,5410 - 43060,95 - 788,15000,105,392600
4064,УВО,УВО 30-160-080-3,УВО 30-160-080,800,5950 - 33060,92 - 815,1100,73,153500
4065,УВО,УВО 30-160-080-1,УВО 30-160-080,800,6080 - 33960,95 - 821,5500,97,215400
4066,УВО,УВО 30-160-080-2,УВО 30-160-080,800,6060 - 35340,100 - 782,370,97,119900
4067,УВО,УВО 30-160-080-5,УВО 30-160-080,800,5530 - 32240,98 - 802,370,79,132600
4068,УВО,УВО 30-160-080-4,УВО 30-160-080,800,7080 - 45470,94 - 707,250,74,127300
4069,УВО,УВО 30-160-080-2,УВО 30-160-080,800,6710 - 37340,91 - 786,180,92,132200
4070,УВО,УВО 30-160-080-2,УВО 30-160-080,800,5570 - 39570,97 - 790,5500,83,222200
4071,УВО,УВО 30-160-080-4,УВО 30-160-080,800,6660 - 40750,100 - 837,370,76,120600
4072,УВО,УВО 30-160-080-4,УВО 30-160-080,800,6990 - 37430,92 - 740,4000,79,188700
4073,УВО,УВО 30-160-080-1,УВО 30-160-080,800,6060 - 36360,100 - 791,250,92,125400
4074,УВО,УВО 30-160-080-2,УВО 30-160-080,800,7280 - 30840,95 - 754,250,101,122200
4075,УВО,УВО 30-160-080-5,УВО 30-160-080,800,6600 - 43200,97 - 694,180,78,131100
4076,УВО,УВО 30-160-080-1,УВО 30-160-080,800,6010 - 35070,91 - 715,180,98,138600
4077,УВО,УВО 30-160-080-4,УВО 30-160-080,800,7130 - 40550,100 - 781,2200,104,166600
4078,УВО,УВО 30-160-080-5,УВО 30-160-080,800,6200 - 33800,105 - 727,750,74,135900
4079,УВО,УВО 30-160-080-4,УВО 30-160-080,800,6450 - 32240,103 - 780,1500,90,159100
4080,УВО,УВО 30-160-080-4,УВО 30-160-080,800,5930 - 44520,101 - 807,550,79,128900
4081,УВО,УВО 30-160-080-5,УВО 30-160-080,800,7580 - 33060,102 - 795,180,90,128400
4082,УВО,УВО 30-160-080-3,УВО 30-160-080,800,6050 - 34290,104 - 716,5500,78,211900
4083,УВО,УВО 30-160-080-1,УВО 30-160-080,800,6840 - 36020,93 - 772,7500,75,266000
4084,УВО,УВО 30-160-080-2,УВО 30-160-080,800,6340 - 39660,93 - 829,180,79,130700
4085,УВО,УВО 30-160-080-4,УВО 30-160-080,800,7260 - 38370,100 - 842,11000,79,321200
4086,УВО,УВО 30-160-080-2,УВО 30-160-080,800,7020 - 39020,92 - 788,550,73,123900
4087,УВО,УВО 30-160-080-3,УВО 30-160-080,800,5370 - 31060,87 - 728,370,103,127800
4088,УВО,УВО 30-160-080-2,УВО 30-160-080,800,7200 - 35540,95 - 736,11000,71,333000
4089,УВО,УВО 30-160-080-1,УВО 30-160-080,800,5820 - 32670,94 - 805,1100,104,137400
4090,УВО,УВО 30-160-080-5,УВО 30-160-080,800,5900 - 36810,93 - 743,3000,76,168200
4091,УВО,УВО 30-160-080-5,УВО 30-160-080,800,5350 - 33050,101 - 780,550,97,126100
4092,УВО,УВО 30-160-080-5,УВО 30-160-080,800,7420 - 43540,88 - 821,5500,100,215300
4093,УВО,УВО 30-160-080-3,УВО 30-160-080,800,5220 - 39550,90 - 819,5500,71,219600
4094,УВО,УВО 30-160-080-2,УВО 30-160-080,800,7090 - 39230,91 - 743,5500,79,215400
4095,УВО,УВО 30-160-080-1,УВО 30-160-080,800,7430 - 43040,96 - 746,7500,103,259600
4096,УВО,УВО 30-160-080-2,УВО 30-160-080,800,6300 - 37800,98 - 827,4000,93,205800
4097,УВО,УВО 30-160-080-4,УВО 30-160-080,800,6310 - 44610,99 - 780,15000,71,386000
4098,УВО,УВО 30-160-080-3,УВО 30-160-080,800,5830 - 40570,93 - 751,7500,73,256000
4099,УВО,УВО 30-160-080-4,УВО 30-160-080,800,5780 - 32420,97 - 832,550,84,133300
4100,УВО,УВО 30-160-080-2,УВО 30-160-080,800,7240 - 38980,96 - 697,11000,79,330700
4101,УВО,УВО 30-160-080-3,УВО 30-160-080,800,7420 - 34270,89 - 761,2200,91,172700
4102,УВО,УВО 30-160-080-5,УВО 30-160-080,800,5570 - 34010,88 - 793,7500,81,253800
4103,УВО,УВО 30-160-080-2,УВО 30-160-080,800,6650 - 36580,87 - 700,7500,89,256700
4104,УВО,УВО 30-160-080-5,УВО 30-160-080,800,6940 - 41980,100 - 725,180,88,128400
4105,УВО,УВО 30-160-080-4,УВО 30-160-080,800,6410 - 43600,91 - 804,250,96,124900
4106,УВО,УВО 30-160-080-4,УВО 30-160-080,800,7220 - 35710,87 - 728,1100,74,138200
4107,УВО,УВО 30-160-080-2,УВО 30-160-080,800,7470 - 45200,94 - 804,2200,71,166300
4108,УВО,УВО 30-160-080-5,УВО 30-160-080,800,5180 - 42770,88 - 759,15000,76,401400
4109,УВО,УВО 30-160-080-5,УВО 30-160-080,800,6040 - 30850,104 - 762,2200,73,154800
4110,УВО,УВО 30-160-080-4,УВО 30-160-080,800,6990 - 30760,100 - 841,550,79,138600
4111,УВО,УВО 30-160-080-3,УВО 30-160-080,800,6260 - 40790,90 - 821,550,98,130700
4112,УВО,УВО 30-160-080-2,УВО 30-160-080,800,6040 - 44280,90 - 765,250,84,138500
4113,УВО,УВО 30-160-080-3,УВО 30-160-080,800,7440 - 42020,102 - 831,250,70,120200
4114,УВО,УВО 30-160-080-4,УВО 30-160-080,800,5140 - 41340,86 - 747,5500,83,234100
4115,УВО,УВО 30-160-100-5,УВО 30-160-100,1000,7250 - 49990,112 - 1003,750,105,159100
4116,УВО,УВО 30-160-100-2,УВО 30-160-100,1000,8630 - 42940,116 - 902,11000,98,348600
4117,УВО,УВО 30-160-100-2,УВО 30-160-100,1000,8170 - 54790,119 - 931,11000,73,349200
4118,УВО,УВО 30-160-100-4,УВО 30-160-100,1000,7430 - 38470,130 - 1049,3000,71,212500
4119,УВО,УВО 30-160-100-5,УВО 30-160-100,1000,8020 - 40260,110 - 941,370,76,162000
4120,УВО,УВО 30-160-100-4,УВО 30-160-100,1000,8340 - 51800,115 - 911,5500,75,255800
4121,УВО,УВО 30-160-100-5,УВО 30-160-100,1000,7370 - 54250,127 - 900,3000,100,201700
4122,УВО,УВО 30-160-100-4,УВО 30-160-100,1000,7130 - 44030,126 - 884,15000,84,428900
4123,УВО,УВО 30-160-100-4,УВО 30-160-100,1000,8590 - 54850,120 - 905,250,73,148300
4124,УВО,УВО 30-160-100-4,УВО 30-160-100,1000,8110 - 48040,124 - 991,750,89,157100
4125,УВО,УВО 30-160-100-2,УВО 30-160-100,1000,9040 - 39890,123 - 1031,4000,102,214400
4126,УВО,УВО 30-160-100-4,УВО 30-160-100,1000,7980 - 42460,123 - 872,15000,70,411900
4127,УВО,УВО 30-160-100-3,УВО 30-160-100,1000,8110 - 41430,126 - 978,11000,71,345500
4128,УВО,УВО 30-160-100-3,УВО 30-160-100,1000,6610 - 50510,129 - 934,250,87,142900
4129,УВО,УВО 30-160-100-4,УВО 30-160-100,1000,6680 - 44220,128 - 875,15000,93,418700
4130,УВО,УВО 30-160-100-1,УВО 30-160-100,1000,8880 - 48920,128 - 1008,3000,86,205300
4131,УВО,УВО 30-160-100-2,УВО 30-160-100,1000,8400 - 38400,117 - 1003,5500,94,235300
4132,УВО,УВО 30-160-100-3,УВО 30-160-100,1000,9440 - 43710,131 - 881,2200,88,197400
4133,УВО,УВО 30-160-100-5,УВО 30-160-100,1000,6850 - 52780,123 - 915,4000,95,229500
4134,УВО,УВО 30-160-100-1,УВО 30-160-100,1000,9070 - 44230,125 - 1031,2200,96,194000
4135,УВО,УВО 30-160-100-2,УВО 30-160-100,1000,8970 - 43560,113 - 874,1100,82,157900
4136,УВО,УВО 30-160-100-1,УВО 30-160-100,1000,6480 - 49860,125 - 1007,5500,95,257600
4137,УВО,УВО 30-160-100-3,УВО 30-160-100,1000,9370 - 41220,131 - 1025,5500,95,238600
4138,УВО,УВО 30-160-100-1,УВО 30-160-100,1000,9290 - 45760,119 - 909,1100,83,177500
4139,УВО,УВО 30-160-100-3,УВО 30-160-100,1000,9540 - 48230,126 - 893,370,89,142600
4140,УВО,УВО 30-160-100-1,УВО 30-160-100,1000,8990 - 49850,128 - 964,370,95,160300
4141,УВО,УВО 30-160-100-2,УВО 30-160-100,1000,6880 - 45560,118 - 1005,11000,83,339300
4142,УВО,УВО 30-160-100-5,УВО 30-160-100,1000,9380 - 44680,123 - 898,4000,98,210000
4143,УВО,УВО 30-160-100-2,УВО 30-160-100,1000,8240 - 54600,123 - 882,550,98,162900
4144,УВО,УВО 30-160-100-3,УВО 30-160-100,1000,7500 - 52300,125 - 940,550,80,158200
4145,УВО,УВО 30-160-100-4,УВО 30-160-100,1000,6550 - 52600,121 - 963,370,105,166200
4146,УВО,УВО 30-160-100-3,УВО 30-160-100,1000,7430 - 39240,128 - 935,3000,85,200200
4147,УВО,УВО 30-160-100-2,УВО 30-160-100,1000,9510 - 39810,115 - 988,250,85,155100
4148,УВО,УВО 30-160-100-1,УВО 30-160-100,1000,9590 - 44600,120 - 935,180,91,146600
4149,УВО,УВО 30-160-100-3,УВО 30-160-100,1000,7230 - 57250,127 - 1054,750,80,149900
4150,УВО,УВО 30-160-100-3,УВО 30-160-100,1000,7970 - 50810,121 - 953,370,79,154400
4151,УВО,УВО 30-160-100-3,УВО 30-160-100,1000,8230 - 47110,114 - 994,750,79,171000
4152,УВО,УВО 30-160-100-1,УВО 30-160-100,1000,9040 - 54210,112 - 1020,3000,83,201400
4153,УВО,УВО 30-160-100-5,УВО 30-160-100,1000,8110 - 39620,109 - 870,1100,92,161200
4154,УВО,УВО 30-160-100-4,УВО 30-160-100,1000,7370 - 45050,113 - 993,2200,78,198700
4155,УВО,УВО 30-160-100-5,УВО 30-160-100,1000,8840 - 53870,124 - 864,550,104,155000
4156,УВО,УВО 30-160-100-4,УВО 30-160-100,1000,7020 - 44460,118 - 957,2200,78,187500
4157,УВО,УВО 30-160-100-5,УВО 30-160-100,1000,8020 - 41810,123 - 879,7500,97,288100
4158,УВО,УВО 30-160-100-2,УВО 30-160-100,1000,7830 - 48810,111 - 879,15000,77,417200
4159,УВО,УВО 30-160-100-4,УВО 30-160-100,1000,8590 - 50130,118 - 895,370,85,165700
4160,УВО,УВО 30-160-100-4,УВО 30-160-100,1000,6580 - 42220,115 - 1013,2200,76,190100
4161,УВО,УВО 30-160-100-5,УВО 30-160-100,1000,7440 - 50280,117 - 928,250,100,150200
4162,УВО,УВО 30-160-100-2,УВО 30-160-100,1000,9360 - 55500,124 - 936,370,92,152000
4163,УВО,УВО 30-160-100-3,УВО 30-160-100,1000,7870 - 39770,129 - 1031,3000,80,203900
4164,УВО,УВО 30-160-100-1,УВО 30-160-100,1000,7990 - 51110,109 - 946,7500,101,279800
4165,УВО,УВО 30-160-100-3,УВО 30-160-100,1000,7770 - 48700,128 - 879,370,102,153200
4166,УВО,УВО 30-160-100-5,УВО 30-160-100,1000,7850 - 55830,121 - 998,15000,88,410000
4167,УВО,УВО 30-160-100-4,УВО 30-160-100,1000,9220 - 48430,111 - 999,3000,92,206000
4168,УВО,УВО 30-160-100-5,УВО 30-160-100,1000,8940 - 54820,128 - 967,2200,97,196800
4169,УВО,УВО 30-160-100-2,УВО 30-160-100,1000,6460 - 49730,126 - 973,3000,74,197900
4170,УВО,УВО 30-160-100-2,УВО 30-160-100,1000,8960 - 49210,126 - 921,4000,91,224900
4171,УВО,УВО 30-160-100-3,УВО 30-160-100,1000,9150 - 45580,110 - 884,250,85,155100
4172,УВО,УВО 30-160-100-3,УВО 30-160-100,1000,7220 - 42810,110 - 981,7500,95,275000
4173,УВО,УВО 30-160-100-1,УВО 30-160-100,1000,8930 - 44320,128 - 1017,1100,101,164500
4174,УВО,УВО 30-160-100-1,УВО 30-160-100,1000,9320 - 47630,123 - 970,3000,84,192800
4175,УВО,УВО 30-160-100-3,УВО 30-160-100,1000,7800 - 56260,110 - 1043,250,75,146000
4176,УВО,УВО 30-160-100-2,УВО 30-160-100,1000,9060 - 47300,117 - 974,370,93,160000
4177,УВО,УВО 30-160-100-4,УВО 30-160-100,1000,8410 - 56040,111 - 904,2200,86,177600
4178,УВО,УВО 30-160-100-1,УВО 30-160-100,1000,8990 - 46880,124 - 1052,5500,98,257500
4179,УВО,УВО 30-160-100-1,УВО 30-160-100,1000,7890 - 52280,108 - 902,2200,71,188400
4180,УВО,УВО 30-160-100-4,УВО 30-160-100,1000,8780 - 40580,113 - 1047,180,104,155100
4181,УВО,УВО 30-160-100-1,УВО 30-160-100,1000,8150 - 51870,123 - 864,3000,95,190600
4182,УВО,УВО 30-160-100-5,УВО 30-160-100,1000,8980 - 47660,128 - 1005,1100,76,178400
4183,УВО,УВО 30-160-100-4,УВО 30-160-100,1000,7470 - 38900,125 - 906,15000,85,422500
4184,УВО,УВО 30-160-100-3,УВО 30-160-100,1000,6910 - 41770,126 - 930,4000,81,218800
4185,УВО,УВО 30-160-100-3,УВО 30-160-100,1000,8010 - 41620,126 - 998,2200,93,195800
4186,УВО,УВО 30-160-100-4,УВО 30-160-100,1000,8800 - 53530,130 - 1004,750,101,151200
4187,УВО,УВО 30-160-100-4,УВО 30-160-100,1000,9490 - 48330,121 - 880,1500,71,171500
4188,УВО,УВО 30-160-100-5,УВО 30-160-100,1000,8190 - 48660,119 - 907,7500,83,279100
4189,УВО,УВО 30-160-100-2,УВО 30-160-100,1000,9140 - 43330,124 - 926,2200,92,186800
4190,УВО,УВО 30-160-100-2,УВО 30-160-100,1000,8580 - 44650,123 - 928,250,104,156900
4191,УВО,УВО 30-160-100-4,УВО 30-160-100,1000,7070 - 46550,114 - 918,2200,93,198900
4192,УВО,УВО 30-160-100-1,УВО 30-160-100,1000,6480 - 52170,119 - 908,4000,101,229400
4193,УВО,УВО 30-160-100-4,УВО 30-160-100,1000,9320 - 46590,128 - 981,180,85,155000
4194,УВО,УВО 30-160-100-1,УВО 30-160-100,1000,8430 - 50680,127 - 988,370,79,144500
4195,УВО,УВО 30-160-100-3,УВО 30-160-100,1000,7060 - 55280,128 - 970,15000,80,422900
4196,УВО,УВО 30-160-100-4,УВО 30-160-100,1000,8390 - 46980,129 - 908,3000,99,213000
4197,УВО,УВО 30-160-100-4,УВО 30-160-100,1000,7800 - 44560,117 - 876,4000,102,221900
4198,УВО,УВО 30-160-100-2,УВО 30-160-100,1000,6660 - 45030,131 - 922,370,72,165300
4199,УВО,УВО 30-160-100-2,УВО 30-160-100,1000,9190 - 41080,128 - 962,180,105,152800
4200,УВО,УВО 30-160-100-5,УВО 30-160-100,1000,7880 - 54010,117 - 896,550,84,154200
4201,УВО,УВО 30-160-100-4,УВО 30-160-100,1000,7600 - 56400,127 - 960,250,74,149700
4202,УВО,УВО 30-160-100-2,УВО 30-160-100,1000,9000 - 49810,117 - 1027,370,85,147300
4203,УВО,УВО 30-160-100-4,УВО 30-160-100,1000,8910 - 55120,130 - 937,370,95,151500
4204,УВО,УВО 30-160-100-2,УВО 30-160-100,1000,7870 - 43710,114 - 1029,5500,93,246300
4205,УВО,УВО 30-160-100-3,УВО 30-160-100,1000,7860 - 44400,110 - 900,11000,96,344500
4206,УВО,УВО 30-160-100-5,УВО 30-160-100,1000,7960 - 55920,127 - 1034,5500,103,253000
4207,УВО,УВО 30-160-100-4,УВО 30-160-100,1000,7250 - 45190,130 - 937,250,76,160800
4208,УВО,УВО 30-160-100-4,УВО 30-160-100,1000,8300 - 44810,131 - 985,750,83,156100
4209,УВО,УВО 30-160-100-3,УВО 30-160-100,1000,7200 - 46340,127 - 990,1500,82,171500
4210,УВО,УВО 30-160-100-1,УВО 30-160-100,1000,8800 - 54060,116 - 884,550,96,163000
4211,УВО,УВО 30-160-100-4,УВО 30-160-100,1000,6480 - 44200,129 - 895,1100,93,172100
4212,УВО,УВО 30-160-100-2,УВО 30-160-100,1000,7720 - 44630,128 - 998,3000,92,191400
4213,УВО,УВО 30-160-100-2,УВО 30-160-100,1000,8100 - 42970,114 - 968,5500,82,235100
4214,УВО,УВО 30-160-100-1,УВО 30-160-100,1000,7870 - 53760,127 - 934,2200,89,197200
4215,УВО,УВО 30-160-100-1,УВО 30-160-100,1000,9080 - 45420,120 - 944,15000,74,417900
4216,УВО,УВО 30-160-100-5,УВО 30-160-100,1000,8500 - 46700,110 - 998,4000,105,229500
4217,УВО,УВО 30-160-100-5,УВО 30-160-100,1000,9100 - 39270,118 - 875,1500,103,169900
4218,УВО,УВО 30-160-100-1,УВО 30-160-100,1000,8030 - 44790,128 - 1042,180,86,153400
4219,УВО,УВО 30-160-100-2,УВО 30-160-100,1000,7160 - 55160,110 - 1018,750,101,172200
4220,УВО,УВО 30-160-100-4,УВО 30-160-100,1000,8800 - 55820,117 - 982,3000,92,196500
4221,УВО,УВО 30-160-100-4,УВО 30-160-100,1000,8830 - 48820,112 - 883,2200,88,189100
4222,УВО,УВО 30-160-100-3,УВО 30-160-100,1000,6790 - 42950,126 - 953,4000,104,221500
4223,УВО,УВО 30-160-100-1,УВО 30-160-100,1000,7540 - 52980,110 - 1051,550,81,163900
4224,УВО,УВО 30-160-100-5,УВО 30-160-100,1000,8790 - 42320,114 - 980,2200,80,181200
4225,УВО,УВО 30-160-100-2,УВО 30-160-100,1000,8810 - 47400,109 - 882,370,83,161800
4226,УВО,УВО 30-160-100-3,УВО 30-160-100,1000,7230 - 50830,112 - 878,2200,103,194800
4227,УВО,УВО 30-160-100-3,УВО 30-160-100,1000,7100 - 42290,128 - 871,1500,83,179500
4228,УВО,УВО 30-160-100-4,УВО 30-160-100,1000,6930 - 55840,112 - 867,180,79,146000
4229,УВО,УВО 30-160-100-1,УВО 30-160-100,1000,6830 - 52360,110 - 984,750,72,169000
4230,УВО,УВО 30-160-100-4,УВО 30-160-100,1000,7630 - 39710,126 - 977,11000,88,347700
4231,УВО,УВО 30-160-100-2,УВО 30-160-100,1000,7430 - 53460,123 - 870,11000,87,353100
4232,УВО,УВО 30-160-100-2,УВО 30-160-100,1000,7480 - 40860,120 - 930,1100,105,158200
4233,УВО,УВО 30-160-100-1,УВО 30-160-100,1000,8140 - 55570,118 - 1001,750,82,168500
4234,УВО,УВО 30-160-100-2,УВО 30-160-100,1000,8190 - 41220,112 - 1041,5500,104,242200
4235,УВО,УВО 30-160-100-1,УВО 30-160-100,1000,8180 - 40570,123 - 964,15000,104,419500
4236,УВО,УВО 30-160-100-5,УВО 30-160-100,1000,8070 - 51940,126 - 873,15000,100,411600
4237,УВО,УВО 30-160-100-3,УВО 30-160-100,1000,8180 - 50360,130 - 1043,1100,84,163200
4238,УВО,УВО 30-160-100-4,УВО 30-160-100,1000,9330 - 46990,116 - 903,1100,91,164500
4239,УВО,УВО 30-160-100-1,УВО 30-160-100,1000,8720 - 41670,113 - 946,550,104,162200
4240,УВО,УВО 30-160-100-3,УВО 30-160-100,1000,6960 - 42340,127 - 907,11000,95,351200
4241,УВО,УВО 30-160-100-5,УВО 30-160-100,1000,8120 - 47800,109 - 906,11000,78,357000
4242,УВО,УВО 30-160-100-1,УВО 30-160-100,1000,7300 - 41020,114 - 872,15000,77,410200
4243,УВО,УВО 30-160-100-4,УВО 30-160-100,1000,9250 - 54620,114 - 1010,15000,103,411900
4244,УВО,УВО 30-160-100-1,УВО 30-160-100,1000,6490 - 39520,112 - 989,4000,87,225900
4245,УВО,УВО 30-160-100-4,УВО 30-160-100,1000,9100 - 48430,112 - 875,2200,97,189600
4246,УВО,УВО 30-160-100-3,УВО 30-160-100,1000,7150 - 56700,120 - 952,3000,86,207100
4247,УВО,УВО 30-160-125-1,УВО 30-160-125,1250,11410 - 65430,144 - 1252,180,77,188600
4248,УВО,УВО 30-160-125-5,УВО 30-160-125,1250,8740 - 49260,162 - 1294,11000,96,378700
4249,УВО,УВО 30-160-125-4,УВО 30-160-125,1250,10670 - 57710,145 - 1125,2200,92,212300
4250,УВО,УВО 30-160-125-2,УВО 30-160-125,1250,9900 - 52430,153 - 1243,1500,73,204900
4251,УВО,УВО 30-160-125-5,УВО 30-160-125,1250,11100 - 56620,142 - 1281,11000,89,364700
4252,УВО,УВО 30-160-125-3,УВО 30-160-125,1250,9340 - 49830,135 - 1119,370,105,181900
4253,УВО,УВО 30-160-125-2,УВО 30-160-125,1250,10270 - 56520,155 - 1218,2200,88,212700
4254,УВО,УВО 30-160-125-3,УВО 30-160-125,1250,11150 - 61710,150 - 1159,1100,77,191900
4255,УВО,УВО 30-160-125-2,УВО 30-160-125,1250,10420 - 51750,157 - 1086,7500,77,323900
4256,УВО,УВО 30-160-125-1,УВО 30-160-125,1250,10490 - 49660,161 - 1181,750,99,193600
4257,УВО,УВО 30-160-125-5,УВО 30-160-125,1250,8420 - 50740,155 - 1298,750,104,186900
4258,УВО,УВО 30-160-125-1,УВО 30-160-125,1250,11970 - 69020,141 - 1275,370,91,193500
4259,УВО,УВО 30-160-125-4,УВО 30-160-125,1250,11910 - 62740,136 - 1257,250,77,183500
4260,УВО,УВО 30-160-125-5,УВО 30-160-125,1250,11300 - 62280,147 - 1095,3000,79,225000
4261,УВО,УВО 30-160-125-4,УВО 30-160-125,1250,9880 - 51100,147 - 1305,180,88,179300
4262,УВО,УВО 30-160-125-5,УВО 30-160-125,1250,9300 - 71810,159 - 1198,11000,100,387800
4263,УВО,УВО 30-160-125-1,УВО 30-160-125,1250,10950 - 49210,145 - 1186,370,79,187000
4264,УВО,УВО 30-160-125-4,УВО 30-160-125,1250,10950 - 64240,137 - 1245,2200,84,212000
4265,УВО,УВО 30-160-125-3,УВО 30-160-125,1250,8140 - 68850,149 - 1226,7500,105,308500
4266,УВО,УВО 30-160-125-2,УВО 30-160-125,1250,11810 - 60610,152 - 1141,3000,90,220600
4267,УВО,УВО 30-160-125-2,УВО 30-160-125,1250,11930 - 51770,135 - 1291,11000,76,375400
4268,УВО,УВО 30-160-125-5,УВО 30-160-125,1250,8370 - 48190,135 - 1231,11000,104,374700
4269,УВО,УВО 30-160-125-1,УВО 30-160-125,1250,9650 - 48460,141 - 1121,15000,103,443900
4270,УВО,УВО 30-160-125-4,УВО 30-160-125,1250,11620 - 58730,147 - 1272,1500,73,199800
4271,УВО,УВО 30-160-125-3,УВО 30-160-125,1250,9100 - 64800,155 - 1291,1500,90,205600
4272,УВО,УВО 30-160-125-3,УВО 30-160-125,1250,11920 - 68030,139 - 1102,750,84,180500
4273,УВО,УВО 30-160-125-1,УВО 30-160-125,1250,8600 - 59470,138 - 1204,1100,90,199700
4274,УВО,УВО 30-160-125-3,УВО 30-160-125,1250,11710 - 71920,138 - 1163,5500,74,273800
4275,УВО,УВО 30-160-125-1,УВО 30-160-125,1250,8700 - 71080,152 - 1226,550,70,182900
4276,УВО,УВО 30-160-125-3,УВО 30-160-125,1250,11920 - 61710,135 - 1268,11000,104,375600
4277,УВО,УВО 30-160-125-3,УВО 30-160-125,1250,10500 - 62910,153 - 1224,250,81,174600
4278,УВО,УВО 30-160-125-2,УВО 30-160-125,1250,8290 - 57100,144 - 1117,750,91,185200
4279,УВО,УВО 30-160-125-4,УВО 30-160-125,1250,8740 - 49560,153 - 1269,250,101,192200
4280,УВО,УВО 30-160-125-3,УВО 30-160-125,1250,9470 - 51200,139 - 1193,250,91,174400
4281,УВО,УВО 30-160-125-3,УВО 30-160-125,1250,9180 - 61940,162 - 1313,370,93,188700
4282,УВО,УВО 30-160-125-2,УВО 30-160-125,1250,10080 - 57520,145 - 1212,11000,96,372900
4283,УВО,УВО 30-160-125-5,УВО 30-160-125,1250,9090 - 53190,136 - 1205,750,70,188300
4284,УВО,УВО 30-160-125-5,УВО 30-160-125,1250,9010 - 71600,150 - 1159,3000,86,242400
4285,УВО,УВО 30-160-125-2,УВО 30-160-125,1250,10640 - 51510,137 - 1080,250,102,182000
4286,УВО,УВО 30-160-125-1,УВО 30-160-125,1250,11560 - 48140,147 - 1198,11000,76,380400
4287,УВО,УВО 30-160-125-3,УВО 30-160-125,1250,11720 - 52930,156 - 1149,180,74,177800
4288,УВО,УВО 30-160-125-2,УВО 30-160-125,1250,11710 - 67690,136 - 1216,11000,87,387700
4289,УВО,УВО 30-160-125-3,УВО 30-160-125,1250,10560 - 55830,163 - 1291,2200,100,210900
4290,УВО,УВО 30-160-125-2,УВО 30-160-125,1250,10900 - 68250,163 - 1133,250,100,178900
4291,УВО,УВО 30-160-125-4,УВО 30-160-125,1250,10250 - 58710,138 - 1104,2200,102,217300
4292,УВО,УВО 30-160-125-2,УВО 30-160-125,1250,11390 - 71420,143 - 1245,550,97,181100
4293,УВО,УВО 30-160-125-2,УВО 30-160-125,1250,10140 - 61920,158 - 1208,5500,90,281500
4294,УВО,УВО 30-160-125-4,УВО 30-160-125,1250,11100 - 52410,154 - 1151,15000,97,451300
4295,УВО,УВО 30-160-125-3,УВО 30-160-125,1250,9040 - 67670,141 - 1306,250,93,192700
4296,УВО,УВО 30-160-125-2,УВО 30-160-125,1250,8240 - 60270,146 - 1230,2200,102,211100
4297,УВО,УВО 30-160-125-3,УВО 30-160-125,1250,8160 - 48170,149 - 1138,750,100,195900
4298,УВО,УВО 30-160-125-4,УВО 30-160-125,1250,10150 - 69760,148 - 1241,750,87,184200
4299,УВО,УВО 30-160-125-1,УВО 30-160-125,1250,11790 - 48840,142 - 1108,3000,103,238300
4300,УВО,УВО 30-160-125-5,УВО 30-160-125,1250,11650 - 65740,159 - 1281,180,100,181000
4301,УВО,УВО 30-160-125-4,УВО 30-160-125,1250,9940 - 53040,152 - 1100,3000,97,243200
4302,УВО,УВО 30-160-125-2,УВО 30-160-125,1250,10590 - 50120,156 - 1301,550,96,188700
4303,УВО,УВО 30-160-125-4,УВО 30-160-125,1250,10550 - 57860,143 - 1192,1500,76,198100
4304,УВО,УВО 30-160-125-5,УВО 30-160-125,1250,8840 - 68140,146 - 1161,1100,92,193200
4305,УВО,УВО 30-160-125-1,УВО 30-160-125,1250,11200 - 62280,147 - 1080,11000,86,378500
4306,УВО,УВО 30-160-125-1,УВО 30-160-125,1250,10860 - 59060,153 - 1295,4000,85,261500
4307,УВО,УВО 30-160-125-4,УВО 30-160-125,1250,9200 - 71320,156 - 1155,370,84,180100
4308,УВО,УВО 30-160-125-2,УВО 30-160-125,1250,11870 - 70840,139 - 1104,1100,89,187100
4309,УВО,УВО 30-160-125-4,УВО 30-160-125,1250,8910 - 65740,164 - 1276,15000,102,454300
4310,УВО,УВО 30-160-125-2,УВО 30-160-125,1250,10520 - 64230,164 - 1135,3000,86,232700
4311,УВО,УВО 30-160-125-3,УВО 30-160-125,1250,11870 - 58390,147 - 1176,1500,70,214900
4312,УВО,УВО 30-160-125-5,УВО 30-160-125,1250,8580 - 50220,159 - 1170,250,81,191600
4313,УВО,УВО 30-160-125-5,УВО 30-160-125,1250,8290 - 60990,156 - 1210,5500,80,272700
4314,УВО,УВО 30-160-125-2,УВО 30-160-125,1250,10790 - 65510,135 - 1280,750,101,197200
4315,УВО,УВО 30-160-125-5,УВО 30-160-125,1250,10630 - 51960,137 - 1300,180,72,171400
4316,УВО,УВО 30-160-125-4,УВО 30-160-125,1250,11210 - 64310,144 - 1096,5500,80,265700
4317,УВО,УВО 30-160-125-3,УВО 30-160-125,1250,9830 - 49730,163 - 1230,15000,85,436600
4318,УВО,УВО 30-160-125-5,УВО 30-160-125,1250,11590 - 69220,146 - 1147,370,96,176300
4319,УВО,УВО 30-160-125-1,УВО 30-160-125,1250,9150 - 56230,137 - 1312,4000,104,245800
4320,УВО,УВО 30-160-125-1,УВО 30-160-125,1250,8180 - 63640,145 - 1130,11000,85,373000
4321,УВО,УВО 30-160-125-2,УВО 30-160-125,1250,9100 - 64230,144 - 1105,250,85,186500
4322,УВО,УВО 30-160-125-1,УВО 30-160-125,1250,9710 - 60570,154 - 1314,370,104,193500
4323,УВО,УВО 30-160-125-2,УВО 30-160-125,1250,10550 - 71550,159 - 1090,5500,86,275400
4324,УВО,УВО 30-160-125-4,УВО 30-160-125,1250,10580 - 55800,138 - 1129,370,98,191100
4325,УВО,УВО 30-160-125-4,УВО 30-160-125,1250,9860 - 54360,159 - 1302,4000,81,239100
4326,УВО,УВО 30-160-125-2,УВО 30-160-125,1250,9930 - 71190,141 - 1084,3000,84,228800
4327,УВО,УВО 30-160-125-4,УВО 30-160-125,1250,8920 - 53040,135 - 1243,15000,80,451700
4328,УВО,УВО 30-160-125-2,УВО 30-160-125,1250,8870 - 55710,156 - 1217,7500,86,306400
4329,УВО,УВО 30-160-125-5,УВО 30-160-125,1250,11380 - 48530,152 - 1275,15000,97,448300
4330,УВО,УВО 30-160-125-2,УВО 30-160-125,1250,11950 - 51600,137 - 1297,2200,82,220800
4331,УВО,УВО 30-160-125-1,УВО 30-160-125,1250,10860 - 69920,158 - 1141,750,86,198800
4332,УВО,УВО 30-160-125-5,УВО 30-160-125,1250,9130 - 61600,158 - 1107,15000,85,443000
4333,УВО,УВО 30-160-125-3,УВО 30-160-125,1250,8360 - 51180,149 - 1299,11000,97,365700
4334,УВО,УВО 30-160-125-4,УВО 30-160-125,1250,9970 - 65350,149 - 1267,750,87,181000
4335,УВО,УВО 30-160-125-3,УВО 30-160-125,1250,11470 - 60820,139 - 1117,5500,76,285300
4336,УВО,УВО 30-160-125-3,УВО 30-160-125,1250,10300 - 48920,157 - 1169,3000,73,229600
4337,УВО,УВО 30-160-125-5,УВО 30-160-125,1250,9300 - 67570,151 - 1152,5500,84,278600
4338,УВО,УВО 30-160-125-1,УВО 30-160-125,1250,8400 - 52760,158 - 1154,1100,93,208500
4339,УВО,УВО 30-160-125-4,УВО 30-160-125,1250,10040 - 51840,142 - 1081,750,77,179800
4340,УВО,УВО 30-160-125-1,УВО 30-160-125,1250,8420 - 68940,138 - 1150,1500,84,208200
4341,УВО,УВО 30-160-125-5,УВО 30-160-125,1250,9200 - 65330,141 - 1129,7500,82,320600
4342,УВО,УВО 30-160-125-4,УВО 30-160-125,1250,8250 - 56400,142 - 1230,3000,103,241000
4343,УВО,УВО 30-160-125-5,УВО 30-160-125,1250,11510 - 66960,164 - 1251,1100,97,209400
4344,УВО,УВО 30-160-125-1,УВО 30-160-125,1250,9540 - 64530,149 - 1296,5500,101,268400
4345,УВО,УВО 30-160-125-2,УВО 30-160-125,1250,11910 - 64130,138 - 1226,250,101,192100
4346,УВО,УВО 30-160-125-3,УВО 30-160-125,1250,10310 - 63780,163 - 1213,3000,100,236900
4347,УВО,УВО 30-160-125-4,УВО 30-160-125,1250,10540 - 57160,135 - 1155,4000,97,260100
4348,УВО,УВО 30-160-125-1,УВО 30-160-125,1250,8240 - 66310,163 - 1172,750,85,199700
4349,УВО,УВО 30-160-125-2,УВО 30-160-125,1250,10210 - 65410,147 - 1101,550,101,177700
4350,УВО,УВО 30-160-125-1,УВО 30-160-125,1250,10660 - 60180,152 - 1304,1100,85,206800
4351,УВО,УВО 30-160-125-1,УВО 30-160-125,1250,11370 - 54010,136 - 1141,5500,87,270200
4352,УВО,УВО 30-160-125-1,УВО 30-160-125,1250,8520 - 58710,156 - 1265,11000,75,374000
4353,УВО,УВО 30-160-125-3,УВО 30-160-125,1250,8380 - 70120,156 - 1136,3000,92,240700
4354,УВО,УВО 30-160-125-2,УВО 30-160-125,1250,9100 - 66560,154 - 1113,15000,71,455400
4355,УВО,УВО 30-160-125-3,УВО 30-160-125,1250,8310 - 71910,146 - 1184,750,85,192700
4356,УВО,УВО 30-160-125-5,УВО 30-160-125,1250,11030 - 50820,145 - 1291,1100,73,197200
4357,УВО,УВО 30-160-125-2,УВО 30-160-125,1250,10200 - 63320,142 - 1257,370,72,190800
4358,УВО,УВО 30-160-125-1,УВО 30-160-125,1250,10230 - 66150,144 - 1105,250,72,178100
4359,УВО,УВО 30-160-125-4,УВО 30-160-125,1250,10910 - 68730,148 - 1209,1500,88,201300
4360,УВО,УВО 30-160-125-4,УВО 30-160-125,1250,8940 - 53720,160 - 1207,750,81,182200
4361,УВО,УВО 30-160-125-3,УВО 30-160-125,1250,10750 - 62390,149 - 1127,2200,81,221300
4362,УВО,УВО 30-160-125-5,УВО 30-160-125,1250,9390 - 54650,148 - 1309,5500,104,282900
4363,УВО,УВО 30-160-125-2,УВО 30-160-125,1250,9560 - 70230,149 - 1294,11000,79,364400
4364,УВО,УВО 30-160-125-4,УВО 30-160-125,1250,11500 - 48470,154 - 1309,1500,85,196900
4365,УВО,УВО 30-160-125-4,УВО 30-160-125,1250,10680 - 57340,161 - 1095,4000,96,257100
4366,УВО,УВО 30-160-125-1,УВО 30-160-125,1250,9860 - 54430,142 - 1195,2200,84,206500
4367,УВО,УВО 30-160-125-3,УВО 30-160-125,1250,10370 - 56600,141 - 1316,180,78,186400
4368,УВО,УВО 30-160-125-5,УВО 30-160-125,1250,11250 - 55330,144 - 1278,7500,97,314300
4369,УВО,УВО 30-160-125-1,УВО 30-160-125,1250,11770 - 56900,153 - 1265,7500,76,313600
4370,УВО,УВО 30-160-125-2,УВО 30-160-125,1250,9950 - 56400,149 - 1257,250,71,180800
4371,УВО,УВО 30-160-125-2,УВО 30-160-125,1250,9880 - 55060,164 - 1223,15000,101,454800
4372,Ц,Ц 30-160-016-2,Ц 30-160-016,160,130 - 3520,216 - 1151,370,101,38400
4373,Ц,Ц 30-160-016-5,Ц 30-160-016,160,130 - 3000,237 - 1293,1500,93,53400
4374,Ц,Ц 30-160-016-2,Ц 30-160-016,160,120 - 2770,251 - 1280,250,88,30000
4375,Ц,Ц 30-160-016-1,Ц 30-160-016,160,110 - 2790,223 - 1279,5500,73,106700
4376,Ц,Ц 30-160-016-2,Ц 30-160-016,160,90 - 3570,237 - 1103,15000,74,220200
4377,Ц,Ц 30-160-016-4,Ц 30-160-016,160,90 - 3170,231 - 1231,3000,93,75000
4378,Ц,Ц 30-160-016-5,Ц 30-160-016,160,110 - 3460,226 - 1132,11000,85,164800
4379,Ц,Ц 30-160-016-3,Ц 30-160-016,160,90 - 3630,242 - 1111,180,96,37800
4380,Ц,Ц 30-160-016-5,Ц 30-160-016,160,120 - 3090,255 - 1120,11000,87,174200
4381,Ц,Ц 30-160-016-2,Ц 30-160-016,160,100 - 3100,263 - 1310,5500,70,102500
4382,Ц,Ц 30-160-016-4,Ц 30-160-016,160,120 - 3230,233 - 1148,2200,71,61500
4383,Ц,Ц 30-160-016-1,Ц 30-160-016,160,110 - 3120,231 - 1252,750,96,37500
4384,Ц,Ц 30-160-016-4,Ц 30-160-016,160,100 - 3220,232 - 1126,550,70,43200
4385,Ц,Ц 30-160-016-5,Ц 30-160-016,160,90 - 2960,220 - 1095,1500,98,44700
4386,Ц,Ц 30-160-016-3,Ц 30-160-016,160,110 - 2900,223 - 1194,250,91,40300
4387,Ц,Ц 30-160-016-2,Ц 30-160-016,160,100 - 3550,251 - 1195,7500,97,121800
4388,Ц,Ц 30-160-016-5,Ц 30-160-016,160,110 - 3600,226 - 1201,750,89,35700
4389,Ц,Ц 30-160-016-3,Ц 30-160-016,160,130 - 3780,216 - 1082,1500,102,59800
4390,Ц,Ц 30-160-016-4,Ц 30-160-016,160,140 - 2580,243 - 1145,3000,101,68200
4391,Ц,Ц 30-160-016-2,Ц 30-160-016,160,100 - 2660,238 - 1203,5500,84,94500
4392,Ц,Ц 30-160-016-1,Ц 30-160-016,160,110 - 3530,230 - 1160,3000,78,68500
4393,Ц,Ц 30-160-016-1,Ц 30-160-016,160,120 - 3250,221 - 1289,180,96,35000
4394,Ц,Ц 30-160-016-2,Ц 30-160-016,160,90 - 3610,223 - 1090,3000,89,68900
4395,Ц,Ц 30-160-016-5,Ц 30-160-016,160,110 - 3250,252 - 1268,180,72,42200
4396,Ц,Ц 30-160-016-2,Ц 30-160-016,160,100 - 3620,216 - 1315,11000,98,167800
4397,Ц,Ц 30-160-016-3,Ц 30-160-016,160,130 - 3420,224 - 1283,370,75,30400
4398,Ц,Ц 30-160-016-4,Ц 30-160-016,160,110 - 3480,254 - 1175,250,88,32500
4399,Ц,Ц 30-160-016-4,Ц 30-160-016,160,140 - 3060,237 - 1108,15000,100,214500
4400,Ц,Ц 30-160-016-2,Ц 30-160-016,160,100 - 3200,255 - 1245,550,99,38800
4401,Ц,Ц 30-160-016-1,Ц 30-160-016,160,130 - 3540,261 - 1264,750,91,47300
4402,Ц,Ц 30-160-016-4,Ц 30-160-016,160,120 - 2650,226 - 1162,15000,82,227400
4403,Ц,Ц 30-160-016-3,Ц 30-160-016,160,130 - 3540,241 - 1265,250,89,35900
4404,Ц,Ц 30-160-016-5,Ц 30-160-016,160,100 - 3620,250 - 1220,370,105,30500
4405,Ц,Ц 30-160-016-1,Ц 30-160-016,160,110 - 2690,240 - 1312,3000,101,72500
4406,Ц,Ц 30-160-016-3,Ц 30-160-016,160,130 - 3590,240 - 1213,15000,77,220700
4407,Ц,Ц 30-160-016-4,Ц 30-160-016,160,110 - 3070,229 - 1145,1100,78,43800
4408,Ц,Ц 30-160-016-1,Ц 30-160-016,160,130 - 3400,242 - 1112,11000,89,175400
4409,Ц,Ц 30-160-016-4,Ц 30-160-016,160,100 - 2840,217 - 1120,4000,92,88300
4410,Ц,Ц 30-160-016-1,Ц 30-160-016,160,100 - 3270,232 - 1276,15000,84,221400
4411,Ц,Ц 30-160-016-1,Ц 30-160-016,160,90 - 3420,223 - 1175,15000,94,229600
4412,Ц,Ц 30-160-016-3,Ц 30-160-016,160,100 - 2960,241 - 1089,4000,97,78100
4413,Ц,Ц 30-160-016-1,Ц 30-160-016,160,100 - 3000,251 - 1243,1100,73,39900
4414,Ц,Ц 30-160-016-4,Ц 30-160-016,160,140 - 3150,224 - 1088,180,104,31600
4415,Ц,Ц 30-160-016-3,Ц 30-160-016,160,110 - 2920,220 - 1129,4000,71,90000
4416,Ц,Ц 30-160-016-4,Ц 30-160-016,160,100 - 3130,230 - 1215,5500,82,105800
4417,Ц,Ц 30-160-016-4,Ц 30-160-016,160,110 - 3770,217 - 1134,4000,86,86000
4418,Ц,Ц 30-160-016-5,Ц 30-160-016,160,130 - 3240,238 - 1093,4000,104,76300
4419,Ц,Ц 30-160-016-2,Ц 30-160-016,160,110 - 3480,239 - 1210,3000,72,68600
4420,Ц,Ц 30-160-016-3,Ц 30-160-016,160,100 - 3540,253 - 1217,15000,93,218300
4421,Ц,Ц 30-160-016-4,Ц 30-160-016,160,120 - 3250,250 - 1192,5500,92,97200
4422,Ц,Ц 30-160-016-1,Ц 30-160-016,160,120 - 3720,242 - 1169,250,95,29800
4423,Ц,Ц 30-160-016-1,Ц 30-160-016,160,140 - 2990,259 - 1205,2200,91,52800
4424,Ц,Ц 30-160-016-1,Ц 30-160-016,160,120 - 2700,240 - 1193,5500,105,99000
4425,Ц,Ц 30-160-016-5,Ц 30-160-016,160,140 - 3600,221 - 1210,15000,86,215400
4426,Ц,Ц 30-160-016-5,Ц 30-160-016,160,100 - 3110,248 - 1215,7500,101,134100
4427,Ц,Ц 30-160-016-4,Ц 30-160-016,160,90 - 3020,239 - 1118,550,99,44900
4428,Ц,Ц 30-160-016-4,Ц 30-160-016,160,130 - 3120,253 - 1294,3000,99,65900
4429,Ц,Ц 30-160-016-3,Ц 30-160-016,160,120 - 3270,235 - 1247,1100,98,54200
4430,Ц,Ц 30-160-016-3,Ц 30-160-016,160,130 - 3700,242 - 1081,4000,98,81500
4431,Ц,Ц 30-160-016-5,Ц 30-160-016,160,120 - 3340,229 - 1086,750,88,38900
4432,Ц,Ц 30-160-016-2,Ц 30-160-016,160,120 - 2840,217 - 1305,7500,87,121200
4433,Ц,Ц 30-160-016-3,Ц 30-160-016,160,90 - 3320,230 - 1216,7500,96,133000
4434,Ц,Ц 30-160-016-2,Ц 30-160-016,160,110 - 3710,250 - 1152,550,84,35900
4435,Ц,Ц 30-160-016-1,Ц 30-160-016,160,130 - 2930,234 - 1238,5500,103,96300
4436,Ц,Ц 30-160-016-1,Ц 30-160-016,160,130 - 3060,220 - 1083,250,104,36400
4437,Ц,Ц 30-160-016-3,Ц 30-160-016,160,90 - 2680,243 - 1119,180,94,36600
4438,Ц,Ц 30-160-016-3,Ц 30-160-016,160,110 - 3470,237 - 1134,7500,99,129000
4439,Ц,Ц 30-160-016-3,Ц 30-160-016,160,130 - 3590,235 - 1141,15000,95,215000
4440,Ц,Ц 30-160-016-2,Ц 30-160-016,160,110 - 2750,261 - 1215,2200,99,60000
4441,Ц,Ц 30-160-016-4,Ц 30-160-016,160,100 - 3120,220 - 1311,15000,87,222200
4442,Ц,Ц 30-160-016-1,Ц 30-160-016,160,100 - 3430,260 - 1238,5500,85,105800
4443,Ц,Ц 30-160-016-1,Ц 30-160-016,160,130 - 3410,248 - 1192,11000,95,175400
4444,Ц,Ц 30-160-016-3,Ц 30-160-016,160,130 - 3680,231 - 1207,370,82,32500
4445,Ц,Ц 30-160-016-1,Ц 30-160-016,160,100 - 3150,236 - 1154,250,95,31300
4446,Ц,Ц 30-160-016-3,Ц 30-160-016,160,120 - 2980,256 - 1193,3000,103,65600
4447,Ц,Ц 30-160-016-1,Ц 30-160-016,160,100 - 3130,260 - 1119,2200,95,54500
4448,Ц,Ц 30-160-016-3,Ц 30-160-016,160,120 - 3550,246 - 1174,370,73,33600
4449,Ц,Ц 30-160-016-4,Ц 30-160-016,160,120 - 2870,218 - 1145,7500,98,125700
4450,Ц,Ц 30-160-016-1,Ц 30-160-016,160,130 - 3500,259 - 1178,250,77,30100
4451,Ц,Ц 30-160-016-4,Ц 30-160-016,160,120 - 3490,230 - 1272,250,84,37100
4452,Ц,Ц 30-160-016-1,Ц 30-160-016,160,110 - 2850,260 - 1233,7500,83,128100
4453,Ц,Ц 30-160-016-1,Ц 30-160-016,160,90 - 2630,225 - 1177,750,105,44300
4454,Ц,Ц 30-160-016-3,Ц 30-160-016,160,130 - 2630,231 - 1082,3000,81,73600
4455,Ц,Ц 30-160-016-5,Ц 30-160-016,160,130 - 3300,256 - 1254,7500,103,126300
4456,Ц,Ц 30-160-016-1,Ц 30-160-016,160,120 - 2800,216 - 1110,15000,95,217500
4457,Ц,Ц 30-160-016-2,Ц 30-160-016,160,130 - 3830,244 - 1215,7500,80,132900
4458,Ц,Ц 30-160-016-5,Ц 30-160-016,160,120 - 2560,231 - 1135,2200,100,63500
4459,Ц,Ц 30-160-016-2,Ц 30-160-016,160,100 - 3480,253 - 1220,7500,70,129300
4460,Ц,Ц 30-160-016-3,Ц 30-160-016,160,90 - 2610,235 - 1297,3000,91,77400
4461,Ц,Ц 30-160-016-2,Ц 30-160-016,160,100 - 3340,235 - 1307,15000,86,229300
4462,Ц,Ц 30-160-016-5,Ц 30-160-016,160,140 - 3830,229 - 1305,7500,84,134700
4463,Ц,Ц 30-160-016-3,Ц 30-160-016,160,100 - 3460,228 - 1287,180,83,31100
4464,Ц,Ц 30-160-016-1,Ц 30-160-016,160,130 - 3060,216 - 1200,5500,72,101300
4465,Ц,Ц 30-160-016-1,Ц 30-160-016,160,140 - 3020,253 - 1250,5500,71,95100
4466,Ц,Ц 30-160-016-2,Ц 30-160-016,160,110 - 2570,242 - 1190,1500,104,51600
4467,Ц,Ц 30-160-016-3,Ц 30-160-016,160,140 - 3750,216 - 1119,550,72,32900
4468,Ц,Ц 30-160-016-5,Ц 30-160-016,160,140 - 2960,262 - 1125,7500,88,132800
4469,Ц,Ц 30-160-016-2,Ц 30-160-016,160,130 - 2990,260 - 1147,1500,105,54500
4470,Ц,Ц 30-160-016-4,Ц 30-160-016,160,110 - 2850,254 - 1112,750,73,41500
4471,Ц,Ц 30-160-016-3,Ц 30-160-016,160,110 - 2610,262 - 1117,250,82,42300
4472,Ц,Ц 30-160-016-2,Ц 30-160-016,160,140 - 3570,235 - 1245,250,72,38400
4473,Ц,Ц 30-160-016-5,Ц 30-160-016,160,90 - 3130,217 - 1245,7500,105,128800
4474,Ц,Ц 30-160-016-1,Ц 30-160-016,160,90 - 3530,221 - 1217,1500,95,56000
4475,Ц,Ц 30-160-016-5,Ц 30-160-016,160,120 - 2990,260 - 1282,180,89,34100
4476,Ц,Ц 30-160-016-4,Ц 30-160-016,160,140 - 3830,247 - 1140,180,104,38100
4477,Ц,Ц 30-160-016-2,Ц 30-160-016,160,130 - 2860,228 - 1319,3000,74,67300
4478,Ц,Ц 30-160-016-5,Ц 30-160-016,160,120 - 3820,244 - 1197,1100,74,54600
4479,Ц,Ц 30-160-016-1,Ц 30-160-016,160,100 - 2750,217 - 1217,370,80,40200
4480,Ц,Ц 30-160-016-4,Ц 30-160-016,160,130 - 3720,256 - 1171,1100,100,41500
4481,Ц,Ц 30-160-016-1,Ц 30-160-016,160,120 - 3700,247 - 1188,250,78,38500
4482,Ц,Ц 30-160-016-3,Ц 30-160-016,160,130 - 2640,252 - 1197,1500,100,57000
4483,Ц,Ц 30-160-016-5,Ц 30-160-016,160,130 - 2830,228 - 1290,750,80,41400
4484,Ц,Ц 30-160-016-5,Ц 30-160-016,160,100 - 3590,241 - 1301,7500,101,127100
4485,Ц,Ц 30-160-016-5,Ц 30-160-016,160,120 - 2770,243 - 1270,11000,75,172200
4486,Ц,Ц 30-160-016-5,Ц 30-160-016,160,110 - 3590,256 - 1096,370,104,32800
4487,Ц,Ц 30-160-016-2,Ц 30-160-016,160,120 - 3660,242 - 1174,750,98,36600
4488,Ц,Ц 30-160-016-3,Ц 30-160-016,160,110 - 3800,226 - 1287,5500,101,106400
4489,Ц,Ц 30-160-016-2,Ц 30-160-016,160,140 - 2710,239 - 1301,180,87,34200
4490,Ц,Ц 30-160-016-2,Ц 30-160-016,160,90 - 2810,249 - 1238,250,96,40900
4491,Ц,Ц 30-160-016-2,Ц 30-160-016,160,140 - 2960,226 - 1197,3000,91,62500
4492,Ц,Ц 30-160-016-1,Ц 30-160-016,160,100 - 3810,235 - 1283,1500,90,60000
4493,Ц,Ц 30-160-016-5,Ц 30-160-016,160,110 - 3580,222 - 1216,4000,95,90800
4494,Ц,Ц 30-160-016-5,Ц 30-160-016,160,110 - 3550,226 - 1271,3000,90,72500
4495,Ц,Ц 30-160-016-4,Ц 30-160-016,160,140 - 3360,229 - 1140,370,75,29900
4496,Ц,Ц 30-160-016-1,Ц 30-160-016,160,110 - 2580,234 - 1198,11000,71,178300
4497,Ц,Ц 30-160-016-3,Ц 30-160-016,160,100 - 3410,241 - 1200,5500,90,97800
4498,Ц,Ц 30-160-016-4,Ц 30-160-016,160,120 - 2710,262 - 1269,1100,70,52200
4499,Ц,Ц 30-160-016-4,Ц 30-160-016,160,130 - 2990,258 - 1097,15000,105,221200
4500,Ц,Ц 30-160-020-5,Ц 30-160-020,200,140 - 4690,288 - 1382,11000,94,169700
4501,Ц,Ц 30-160-020-5,Ц 30-160-020,200,170 - 4680,324 - 1377,5500,86,107200
4502,Ц,Ц 30-160-020-5,Ц 30-160-020,200,130 - 4620,292 - 1619,250,87,32000
4503,Ц,Ц 30-160-020-5,Ц 30-160-020,200,140 - 4440,311 - 1554,180,97,43200
4504,Ц,Ц 30-160-020-3,Ц 30-160-020,200,160 - 3900,278 - 1405,3000,92,76400
4505,Ц,Ц 30-160-020-3,Ц 30-160-020,200,120 - 4040,308 - 1441,180,91,32800
4506,Ц,Ц 30-160-020-4,Ц 30-160-020,200,130 - 3440,316 - 1443,3000,93,66200
4507,Ц,Ц 30-160-020-2,Ц 30-160-020,200,170 - 3300,274 - 1492,180,77,45500
4508,Ц,Ц 30-160-020-3,Ц 30-160-020,200,160 - 3630,301 - 1635,2200,79,65000
4509,Ц,Ц 30-160-020-1,Ц 30-160-020,200,140 - 4520,308 - 1506,550,94,45900
4510,Ц,Ц 30-160-020-2,Ц 30-160-020,200,160 - 4410,298 - 1507,2200,96,63900
4511,Ц,Ц 30-160-020-3,Ц 30-160-020,200,160 - 4430,329 - 1581,180,73,46500
4512,Ц,Ц 30-160-020-4,Ц 30-160-020,200,120 - 4420,318 - 1384,5500,71,100900
4513,Ц,Ц 30-160-020-5,Ц 30-160-020,200,140 - 4710,320 - 1485,370,99,35200
4514,Ц,Ц 30-160-020-1,Ц 30-160-020,200,140 - 4630,290 - 1546,2200,75,59100
4515,Ц,Ц 30-160-020-2,Ц 30-160-020,200,130 - 3340,311 - 1600,180,81,39500
4516,Ц,Ц 30-160-020-1,Ц 30-160-020,200,130 - 4280,303 - 1625,180,104,36600
4517,Ц,Ц 30-160-020-2,Ц 30-160-020,200,160 - 3710,287 - 1611,11000,79,179500
4518,Ц,Ц 30-160-020-4,Ц 30-160-020,200,150 - 3330,279 - 1558,5500,74,109100
4519,Ц,Ц 30-160-020-3,Ц 30-160-020,200,120 - 4660,309 - 1451,4000,98,86600
4520,Ц,Ц 30-160-020-1,Ц 30-160-020,200,130 - 3760,303 - 1542,15000,81,229300
4521,Ц,Ц 30-160-020-2,Ц 30-160-020,200,130 - 3340,320 - 1518,250,99,38500
4522,Ц,Ц 30-160-020-2,Ц 30-160-020,200,170 - 4450,312 - 1525,250,88,44500
4523,Ц,Ц 30-160-020-4,Ц 30-160-020,200,160 - 4110,277 - 1565,180,79,38300
4524,Ц,Ц 30-160-020-3,Ц 30-160-020,200,120 - 4380,328 - 1444,7500,74,124600
4525,Ц,Ц 30-160-020-3,Ц 30-160-020,200,140 - 4480,287 - 1419,3000,92,82000
4526,Ц,Ц 30-160-020-3,Ц 30-160-020,200,150 - 3490,315 - 1395,250,72,33100
4527,Ц,Ц 30-160-020-2,Ц 30-160-020,200,150 - 4020,329 - 1412,370,78,46100
4528,Ц,Ц 30-160-020-5,Ц 30-160-020,200,130 - 4190,272 - 1483,180,78,45300
4529,Ц,Ц 30-160-020-2,Ц 30-160-020,200,160 - 4430,314 - 1579,250,76,45400
4530,Ц,Ц 30-160-020-4,Ц 30-160-020,200,150 - 3690,295 - 1609,5500,91,102900
4531,Ц,Ц 30-160-020-4,Ц 30-160-020,200,130 - 4480,309 - 1646,1100,73,42600
4532,Ц,Ц 30-160-020-4,Ц 30-160-020,200,130 - 3450,283 - 1485,2200,95,71200
4533,Ц,Ц 30-160-020-3,Ц 30-160-020,200,140 - 3990,298 - 1590,2200,105,68800
4534,Ц,Ц 30-160-020-5,Ц 30-160-020,200,150 - 3990,304 - 1594,250,83,42300
4535,Ц,Ц 30-160-020-1,Ц 30-160-020,200,170 - 4260,308 - 1443,1500,74,56900
4536,Ц,Ц 30-160-020-3,Ц 30-160-020,200,140 - 4230,307 - 1439,370,102,37400
4537,Ц,Ц 30-160-020-4,Ц 30-160-020,200,120 - 3630,322 - 1484,250,91,44300
4538,Ц,Ц 30-160-020-2,Ц 30-160-020,200,160 - 3240,296 - 1534,750,92,40500
4539,Ц,Ц 30-160-020-5,Ц 30-160-020,200,140 - 4710,283 - 1419,1100,82,50300
4540,Ц,Ц 30-160-020-2,Ц 30-160-020,200,130 - 3420,321 - 1628,550,101,40000
4541,Ц,Ц 30-160-020-2,Ц 30-160-020,200,120 - 4260,318 - 1621,370,80,47800
4542,Ц,Ц 30-160-020-4,Ц 30-160-020,200,160 - 4530,273 - 1435,4000,81,87800
4543,Ц,Ц 30-160-020-1,Ц 30-160-020,200,170 - 4560,284 - 1381,4000,101,94900
4544,Ц,Ц 30-160-020-4,Ц 30-160-020,200,170 - 3590,287 - 1404,2200,89,57800
4545,Ц,Ц 30-160-020-5,Ц 30-160-020,200,140 - 3440,294 - 1584,7500,82,130700
4546,Ц,Ц 30-160-020-5,Ц 30-160-020,200,170 - 3940,303 - 1559,3000,94,72500
4547,Ц,Ц 30-160-020-2,Ц 30-160-020,200,140 - 4000,283 - 1449,2200,78,56200
4548,Ц,Ц 30-160-020-3,Ц 30-160-020,200,130 - 4640,296 - 1575,1100,76,51600
4549,Ц,Ц 30-160-020-3,Ц 30-160-020,200,130 - 3460,300 - 1606,7500,71,126500
4550,Ц,Ц 30-160-020-5,Ц 30-160-020,200,170 - 4690,310 - 1516,550,95,47500
4551,Ц,Ц 30-160-020-3,Ц 30-160-020,200,150 - 4450,279 - 1583,7500,87,127900
4552,Ц,Ц 30-160-020-4,Ц 30-160-020,200,140 - 4060,313 - 1536,5500,97,108900
4553,Ц,Ц 30-160-020-3,Ц 30-160-020,200,170 - 4450,321 - 1458,1100,71,57000
4554,Ц,Ц 30-160-020-5,Ц 30-160-020,200,150 - 3850,277 - 1621,2200,91,64600
4555,Ц,Ц 30-160-020-5,Ц 30-160-020,200,170 - 3760,279 - 1554,1100,73,52800
4556,Ц,Ц 30-160-020-1,Ц 30-160-020,200,160 - 4690,304 - 1623,370,74,46900
4557,Ц,Ц 30-160-020-1,Ц 30-160-020,200,130 - 4000,321 - 1470,1500,78,53900
4558,Ц,Ц 30-160-020-4,Ц 30-160-020,200,130 - 3610,270 - 1420,2200,82,58500
4559,Ц,Ц 30-160-020-2,Ц 30-160-020,200,120 - 3830,283 - 1360,1100,72,42500
4560,Ц,Ц 30-160-020-1,Ц 30-160-020,200,120 - 4020,274 - 1534,4000,97,78600
4561,Ц,Ц 30-160-020-1,Ц 30-160-020,200,160 - 3590,320 - 1524,1500,78,47300
4562,Ц,Ц 30-160-020-4,Ц 30-160-020,200,120 - 4570,272 - 1487,7500,80,132000
4563,Ц,Ц 30-160-020-4,Ц 30-160-020,200,130 - 4360,279 - 1445,2200,103,63600
4564,Ц,Ц 30-160-020-4,Ц 30-160-020,200,160 - 3410,284 - 1464,4000,77,85000
4565,Ц,Ц 30-160-020-2,Ц 30-160-020,200,130 - 4730,296 - 1396,11000,94,180300
4566,Ц,Ц 30-160-020-1,Ц 30-160-020,200,160 - 4430,277 - 1397,2200,91,56800
4567,Ц,Ц 30-160-020-2,Ц 30-160-020,200,140 - 3860,320 - 1620,250,91,40300
4568,Ц,Ц 30-160-020-1,Ц 30-160-020,200,120 - 3460,311 - 1444,1500,102,48100
4569,Ц,Ц 30-160-020-2,Ц 30-160-020,200,160 - 4630,328 - 1542,250,105,35500
4570,Ц,Ц 30-160-020-4,Ц 30-160-020,200,130 - 4710,297 - 1486,7500,89,136300
4571,Ц,Ц 30-160-020-5,Ц 30-160-020,200,120 - 3540,322 - 1532,5500,96,111700
4572,Ц,Ц 30-160-020-3,Ц 30-160-020,200,120 - 3210,292 - 1430,1500,73,59400
4573,Ц,Ц 30-160-020-1,Ц 30-160-020,200,150 - 4390,309 - 1575,5500,80,97600
4574,Ц,Ц 30-160-020-2,Ц 30-160-020,200,140 - 4650,294 - 1457,7500,104,135300
4575,Ц,Ц 30-160-020-5,Ц 30-160-020,200,130 - 3680,288 - 1634,4000,95,89100
4576,Ц,Ц 30-160-020-2,Ц 30-160-020,200,140 - 4350,310 - 1632,750,91,37700
4577,Ц,Ц 30-160-020-5,Ц 30-160-020,200,140 - 4700,277 - 1450,11000,103,173300
4578,Ц,Ц 30-160-020-5,Ц 30-160-020,200,170 - 3340,289 - 1595,1100,72,47300
4579,Ц,Ц 30-160-020-1,Ц 30-160-020,200,160 - 4070,301 - 1541,2200,82,66800
4580,Ц,Ц 30-160-020-5,Ц 30-160-020,200,120 - 4730,321 - 1585,4000,79,86600
4581,Ц,Ц 30-160-020-4,Ц 30-160-020,200,170 - 3540,298 - 1501,750,74,44600
4582,Ц,Ц 30-160-020-4,Ц 30-160-020,200,170 - 3940,283 - 1566,750,74,46700
4583,Ц,Ц 30-160-020-3,Ц 30-160-020,200,170 - 3520,298 - 1373,11000,74,170600
4584,Ц,Ц 30-160-020-4,Ц 30-160-020,200,150 - 3730,271 - 1478,750,97,47600
4585,Ц,Ц 30-160-020-2,Ц 30-160-020,200,160 - 3310,296 - 1514,7500,84,138600
4586,Ц,Ц 30-160-020-3,Ц 30-160-020,200,160 - 4210,299 - 1648,2200,83,56600
4587,Ц,Ц 30-160-020-3,Ц 30-160-020,200,140 - 3360,313 - 1428,370,77,36400
4588,Ц,Ц 30-160-020-2,Ц 30-160-020,200,120 - 3290,283 - 1543,7500,96,129000
4589,Ц,Ц 30-160-020-2,Ц 30-160-020,200,140 - 4530,270 - 1482,2200,76,61000
4590,Ц,Ц 30-160-020-4,Ц 30-160-020,200,130 - 3680,298 - 1563,4000,87,87800
4591,Ц,Ц 30-160-020-2,Ц 30-160-020,200,150 - 4380,283 - 1575,4000,90,79800
4592,Ц,Ц 30-160-020-3,Ц 30-160-020,200,120 - 3820,290 - 1563,7500,95,134200
4593,Ц,Ц 30-160-020-3,Ц 30-160-020,200,130 - 4240,276 - 1447,1100,102,54600
4594,Ц,Ц 30-160-020-1,Ц 30-160-020,200,160 - 4240,294 - 1434,3000,83,76600
4595,Ц,Ц 30-160-020-5,Ц 30-160-020,200,140 - 4010,278 - 1541,750,70,50700
4596,Ц,Ц 30-160-020-2,Ц 30-160-020,200,170 - 4170,306 - 1436,15000,92,219400
4597,Ц,Ц 30-160-020-3,Ц 30-160-020,200,170 - 4320,305 - 1428,550,79,46100
4598,Ц,Ц 30-160-020-5,Ц 30-160-020,200,140 - 4170,308 - 1380,2200,87,63300
4599,Ц,Ц 30-160-020-3,Ц 30-160-020,200,120 - 3440,284 - 1450,15000,83,224900
4600,Ц,Ц 30-160-020-2,Ц 30-160-020,200,120 - 3620,310 - 1366,370,85,44700
4601,Ц,Ц 30-160-020-1,Ц 30-160-020,200,140 - 4730,329 - 1544,180,105,42200
4602,Ц,Ц 30-160-020-3,Ц 30-160-020,200,150 - 3410,290 - 1623,5500,84,113300
4603,Ц,Ц 30-160-020-4,Ц 30-160-020,200,170 - 4310,293 - 1590,180,96,46100
4604,Ц,Ц 30-160-020-1,Ц 30-160-020,200,140 - 3280,305 - 1432,5500,88,103500
4605,Ц,Ц 30-160-020-5,Ц 30-160-020,200,150 - 3560,296 - 1542,7500,102,128500
4606,Ц,Ц 30-160-020-4,Ц 30-160-020,200,160 - 3530,306 - 1596,550,75,51000
4607,Ц,Ц 30-160-020-5,Ц 30-160-020,200,130 - 3200,284 - 1550,250,104,36100
4608,Ц,Ц 30-160-020-1,Ц 30-160-020,200,160 - 3280,312 - 1535,250,104,32000
4609,Ц,Ц 30-160-020-2,Ц 30-160-020,200,150 - 4150,276 - 1554,370,79,40000
4610,Ц,Ц 30-160-020-1,Ц 30-160-020,200,150 - 4610,303 - 1512,1100,86,58100
4611,Ц,Ц 30-160-020-1,Ц 30-160-020,200,130 - 3380,323 - 1581,370,81,37600
4612,Ц,Ц 30-160-020-4,Ц 30-160-020,200,160 - 3480,298 - 1522,550,82,36200
4613,Ц,Ц 30-160-020-1,Ц 30-160-020,200,160 - 3750,325 - 1569,15000,87,228300
4614,Ц,Ц 30-160-020-5,Ц 30-160-020,200,150 - 3860,281 - 1648,11000,87,180400
4615,Ц,Ц 30-160-020-5,Ц 30-160-020,200,150 - 4050,308 - 1506,4000,73,85500
4616,Ц,Ц 30-160-020-5,Ц 30-160-020,200,130 - 4770,321 - 1510,1500,99,51300
4617,Ц,Ц 30-160-020-4,Ц 30-160-020,200,160 - 4420,299 - 1557,1500,90,48200
4618,Ц,Ц 30-160-020-4,Ц 30-160-020,200,120 - 4580,292 - 1437,750,101,40200
4619,Ц,Ц 30-160-020-4,Ц 30-160-020,200,150 - 4170,311 - 1389,3000,105,69700
4620,Ц,Ц 30-160-020-4,Ц 30-160-020,200,130 - 3200,306 - 1363,11000,85,177100
4621,Ц,Ц 30-160-020-5,Ц 30-160-020,200,140 - 3200,275 - 1365,370,71,41100
4622,Ц,Ц 30-160-020-5,Ц 30-160-020,200,140 - 4020,323 - 1599,11000,94,168700
4623,Ц,Ц 30-160-020-4,Ц 30-160-020,200,140 - 4150,319 - 1360,250,105,39100
4624,Ц,Ц 30-160-020-5,Ц 30-160-020,200,160 - 3700,313 - 1636,1100,89,55100
4625,Ц,Ц 30-160-020-2,Ц 30-160-020,200,170 - 4110,311 - 1600,370,89,39800
4626,Ц,Ц 30-160-020-4,Ц 30-160-020,200,140 - 4010,317 - 1548,250,96,37400
4627,Ц,Ц 30-160-020-4,Ц 30-160-020,200,130 - 3910,307 - 1600,370,79,37300
4628,Ц,Ц 30-160-020-3,Ц 30-160-020,200,130 - 4720,327 - 1451,370,103,35800
4629,Ц,Ц 30-160-020-5,Ц 30-160-020,200,160 - 3730,288 - 1520,15000,72,228400
4630,Ц,Ц 30-160-020-2,Ц 30-160-020,200,150 - 3760,276 - 1420,2200,85,67200
4631,Ц,Ц 30-160-020-4,Ц 30-160-020,200,170 - 4050,295 - 1563,3000,80,68000
4632,Ц,Ц 30-160-020-3,Ц 30-160-020,200,160 - 3460,327 - 1439,7500,77,126100
4633,Ц,Ц 30-160-020-5,Ц 30-160-020,200,150 - 4670,297 - 1490,11000,99,172400
4634,Ц,Ц 30-160-025-3,Ц 30-160-025,250,170 - 5780,348 - 1885,550,90,54000
4635,Ц,Ц 30-160-025-1,Ц 30-160-025,250,210 - 4790,346 - 1749,11000,73,175600
4636,Ц,Ц 30-160-025-3,Ц 30-160-025,250,210 - 4450,372 - 1715,550,98,49400
4637,Ц,Ц 30-160-025-1,Ц 30-160-025,250,150 - 4940,372 - 1825,250,89,50400
4638,Ц,Ц 30-160-025-1,Ц 30-160-025,250,150 - 5780,390 - 1822,3000,100,77100
4639,Ц,Ц 30-160-025-2,Ц 30-160-025,250,150 - 4970,361 - 1952,750,96,57000
4640,Ц,Ц 30-160-025-3,Ц 30-160-025,250,220 - 5590,380 - 1904,5500,72,104100
4641,Ц,Ц 30-160-025-5,Ц 30-160-025,250,170 - 5120,380 - 1857,3000,90,78500
4642,Ц,Ц 30-160-025-3,Ц 30-160-025,250,180 - 5810,387 - 1814,1100,95,50300
4643,Ц,Ц 30-160-025-2,Ц 30-160-025,250,210 - 5870,367 - 1915,370,81,52700
4644,Ц,Ц 30-160-025-1,Ц 30-160-025,250,210 - 4570,366 - 1968,370,94,40400
4645,Ц,Ц 30-160-025-1,Ц 30-160-025,250,190 - 4980,380 - 1743,750,70,43300
4646,Ц,Ц 30-160-025-4,Ц 30-160-025,250,220 - 5650,396 - 1802,1500,82,52700
4647,Ц,Ц 30-160-025-2,Ц 30-160-025,250,220 - 4180,387 - 1850,11000,84,171600
4648,Ц,Ц 30-160-025-3,Ц 30-160-025,250,180 - 4930,380 - 1763,250,100,48700
4649,Ц,Ц 30-160-025-1,Ц 30-160-025,250,160 - 5140,401 - 1819,180,89,35200
4650,Ц,Ц 30-160-025-1,Ц 30-160-025,250,160 - 5970,364 - 1938,15000,100,225600
4651,Ц,Ц 30-160-025-4,Ц 30-160-025,250,190 - 4110,375 - 2061,3000,73,80400
4652,Ц,Ц 30-160-025-4,Ц 30-160-025,250,160 - 5110,380 - 1974,180,80,43300
4653,Ц,Ц 30-160-025-2,Ц 30-160-025,250,220 - 5510,354 - 1704,4000,105,84900
4654,Ц,Ц 30-160-025-1,Ц 30-160-025,250,170 - 5730,379 - 1979,15000,84,235700
4655,Ц,Ц 30-160-025-3,Ц 30-160-025,250,190 - 4080,354 - 1717,7500,89,137200
4656,Ц,Ц 30-160-025-4,Ц 30-160-025,250,220 - 5900,353 - 1745,7500,88,141500
4657,Ц,Ц 30-160-025-4,Ц 30-160-025,250,180 - 5380,339 - 1753,180,104,46700
4658,Ц,Ц 30-160-025-1,Ц 30-160-025,250,200 - 5180,379 - 2049,4000,81,87900
4659,Ц,Ц 30-160-025-3,Ц 30-160-025,250,210 - 4730,338 - 2050,1100,84,50400
4660,Ц,Ц 30-160-025-5,Ц 30-160-025,250,150 - 5310,398 - 1966,5500,102,101500
4661,Ц,Ц 30-160-025-5,Ц 30-160-025,250,210 - 4770,384 - 1977,5500,87,108800
4662,Ц,Ц 30-160-025-1,Ц 30-160-025,250,200 - 5040,344 - 1792,4000,95,92900
4663,Ц,Ц 30-160-025-3,Ц 30-160-025,250,150 - 5270,406 - 1904,550,89,41100
4664,Ц,Ц 30-160-025-1,Ц 30-160-025,250,160 - 5200,411 - 1971,7500,72,132100
4665,Ц,Ц 30-160-025-4,Ц 30-160-025,250,210 - 5490,345 - 1715,370,75,53600
4666,Ц,Ц 30-160-025-4,Ц 30-160-025,250,180 - 5330,374 - 1745,1100,88,60300
4667,Ц,Ц 30-160-025-2,Ц 30-160-025,250,170 - 5210,390 - 1720,250,95,43200
4668,Ц,Ц 30-160-025-3,Ц 30-160-025,250,160 - 4790,412 - 2036,5500,87,118100
4669,Ц,Ц 30-160-025-3,Ц 30-160-025,250,190 - 4980,400 - 1877,1100,95,48600
4670,Ц,Ц 30-160-025-5,Ц 30-160-025,250,180 - 4990,349 - 1847,550,103,42900
4671,Ц,Ц 30-160-025-4,Ц 30-160-025,250,150 - 4310,393 - 1701,2200,86,63300
4672,Ц,Ц 30-160-025-5,Ц 30-160-025,250,210 - 5320,379 - 1806,1100,90,53400
4673,Ц,Ц 30-160-025-2,Ц 30-160-025,250,180 - 5580,361 - 1854,1100,76,59300
4674,Ц,Ц 30-160-025-5,Ц 30-160-025,250,150 - 5340,351 - 1769,3000,70,75200
4675,Ц,Ц 30-160-025-2,Ц 30-160-025,250,150 - 5510,345 - 1728,4000,71,97300
4676,Ц,Ц 30-160-025-5,Ц 30-160-025,250,160 - 4080,405 - 1920,550,101,47300
4677,Ц,Ц 30-160-025-3,Ц 30-160-025,250,210 - 4900,398 - 1961,750,104,49400
4678,Ц,Ц 30-160-025-3,Ц 30-160-025,250,170 - 4260,384 - 1703,750,97,57400
4679,Ц,Ц 30-160-025-2,Ц 30-160-025,250,170 - 5710,374 - 1772,180,84,38400
4680,Ц,Ц 30-160-025-5,Ц 30-160-025,250,160 - 5610,359 - 1773,11000,78,181800
4681,Ц,Ц 30-160-025-5,Ц 30-160-025,250,180 - 5480,387 - 1805,750,77,47300
4682,Ц,Ц 30-160-025-4,Ц 30-160-025,250,160 - 4490,365 - 1820,550,82,49300
4683,Ц,Ц 30-160-025-5,Ц 30-160-025,250,190 - 5990,379 - 1841,15000,78,233400
4684,Ц,Ц 30-160-025-3,Ц 30-160-025,250,180 - 5010,362 - 1860,550,95,43100
4685,Ц,Ц 30-160-025-3,Ц 30-160-025,250,210 - 5610,342 - 1986,750,88,45600
4686,Ц,Ц 30-160-025-2,Ц 30-160-025,250,200 - 5100,366 - 1926,4000,93,90400
4687,Ц,Ц 30-160-025-5,Ц 30-160-025,250,190 - 4390,348 - 1956,5500,104,109500
4688,Ц,Ц 30-160-025-2,Ц 30-160-025,250,220 - 4190,342 - 1744,1100,92,49800
4689,Ц,Ц 30-160-025-5,Ц 30-160-025,250,170 - 4780,409 - 1808,370,82,45000
4690,Ц,Ц 30-160-025-2,Ц 30-160-025,250,180 - 4370,339 - 1781,2200,103,71900
4691,Ц,Ц 30-160-025-5,Ц 30-160-025,250,160 - 5420,354 - 1862,4000,88,84800
4692,Ц,Ц 30-160-025-1,Ц 30-160-025,250,180 - 5330,387 - 1939,5500,90,104000
4693,Ц,Ц 30-160-025-2,Ц 30-160-025,250,210 - 5100,371 - 1828,1500,94,60600
4694,Ц,Ц 30-160-025-5,Ц 30-160-025,250,160 - 4940,355 - 2057,11000,98,185500
4695,Ц,Ц 30-160-025-3,Ц 30-160-025,250,200 - 5150,379 - 2037,1500,92,60800
4696,Ц,Ц 30-160-025-3,Ц 30-160-025,250,200 - 5160,375 - 1785,2200,72,70500
4697,Ц,Ц 30-160-025-1,Ц 30-160-025,250,160 - 5840,370 - 1756,250,90,35300
4698,Ц,Ц 30-160-025-5,Ц 30-160-025,250,190 - 5760,345 - 1846,1500,80,53200
4699,Ц,Ц 30-160-025-1,Ц 30-160-025,250,190 - 5860,368 - 1815,15000,78,231500
4700,Ц,Ц 30-160-025-3,Ц 30-160-025,250,180 - 4910,397 - 1799,1500,78,57300
4701,Ц,Ц 30-160-025-4,Ц 30-160-025,250,200 - 4850,346 - 1920,11000,91,176000
4702,Ц,Ц 30-160-025-2,Ц 30-160-025,250,170 - 5760,365 - 1914,250,78,36200
4703,Ц,Ц 30-160-025-2,Ц 30-160-025,250,160 - 5570,397 - 1779,2200,98,67400
4704,Ц,Ц 30-160-025-2,Ц 30-160-025,250,210 - 5450,371 - 1977,180,77,35900
4705,Ц,Ц 30-160-025-2,Ц 30-160-025,250,210 - 5830,351 - 1747,2200,104,76400
4706,Ц,Ц 30-160-025-2,Ц 30-160-025,250,190 - 4480,342 - 1940,1500,82,56500
4707,Ц,Ц 30-160-025-5,Ц 30-160-025,250,150 - 4800,364 - 1848,2200,105,60500
4708,Ц,Ц 30-160-025-4,Ц 30-160-025,250,210 - 4260,376 - 1814,7500,101,130400
4709,Ц,Ц 30-160-025-3,Ц 30-160-025,250,180 - 5600,374 - 1983,11000,105,172600
4710,Ц,Ц 30-160-025-3,Ц 30-160-025,250,200 - 4350,411 - 1774,7500,93,128400
4711,Ц,Ц 30-160-025-1,Ц 30-160-025,250,190 - 5150,392 - 1706,15000,105,234600
4712,Ц,Ц 30-160-025-5,Ц 30-160-025,250,170 - 5560,381 - 1769,2200,94,63500
4713,Ц,Ц 30-160-025-1,Ц 30-160-025,250,210 - 5290,380 - 1975,750,79,58100
4714,Ц,Ц 30-160-025-5,Ц 30-160-025,250,160 - 4430,345 - 1882,250,72,42900
4715,Ц,Ц 30-160-025-4,Ц 30-160-025,250,210 - 4340,344 - 1770,1100,88,52300
4716,Ц,Ц 30-160-025-5,Ц 30-160-025,250,190 - 4120,358 - 1748,7500,75,139400
4717,Ц,Ц 30-160-025-5,Ц 30-160-025,250,160 - 5390,389 - 2041,370,82,39300
4718,Ц,Ц 30-160-025-4,Ц 30-160-025,250,150 - 5030,337 - 1885,7500,95,129300
4719,Ц,Ц 30-160-025-2,Ц 30-160-025,250,170 - 4200,394 - 1764,2200,98,70900
4720,Ц,Ц 30-160-025-1,Ц 30-160-025,250,150 - 4520,405 - 1795,180,101,48300
4721,Ц,Ц 30-160-025-4,Ц 30-160-025,250,200 - 5870,368 - 1855,750,99,53700
4722,Ц,Ц 30-160-025-1,Ц 30-160-025,250,150 - 4310,405 - 1854,2200,99,71300
4723,Ц,Ц 30-160-025-4,Ц 30-160-025,250,190 - 4180,403 - 1785,2200,103,72700
4724,Ц,Ц 30-160-025-3,Ц 30-160-025,250,220 - 4320,405 - 1827,11000,90,181200
4725,Ц,Ц 30-160-025-4,Ц 30-160-025,250,210 - 5060,411 - 1752,2200,83,62700
4726,Ц,Ц 30-160-025-1,Ц 30-160-025,250,170 - 4120,391 - 1911,750,105,41700
4727,Ц,Ц 30-160-025-5,Ц 30-160-025,250,150 - 5880,403 - 1844,1100,94,60300
4728,Ц,Ц 30-160-025-5,Ц 30-160-025,250,180 - 4040,356 - 1722,550,100,55700
4729,Ц,Ц 30-160-025-4,Ц 30-160-025,250,180 - 4070,395 - 1865,5500,95,114700
4730,Ц,Ц 30-160-025-1,Ц 30-160-025,250,160 - 4390,385 - 1754,2200,99,73600
4731,Ц,Ц 30-160-025-4,Ц 30-160-025,250,170 - 5910,338 - 1753,5500,82,114400
4732,Ц,Ц 30-160-025-5,Ц 30-160-025,250,160 - 5780,369 - 1824,1100,90,54600
4733,Ц,Ц 30-160-025-1,Ц 30-160-025,250,190 - 4010,378 - 2045,750,100,58200
4734,Ц,Ц 30-160-025-1,Ц 30-160-025,250,220 - 5330,404 - 1949,550,75,42700
4735,Ц,Ц 30-160-025-5,Ц 30-160-025,250,170 - 5080,365 - 1832,180,91,39700
4736,Ц,Ц 30-160-025-1,Ц 30-160-025,250,150 - 5670,371 - 1952,15000,101,229900
4737,Ц,Ц 30-160-025-4,Ц 30-160-025,250,220 - 5120,405 - 1871,2200,100,66100
4738,Ц,Ц 30-160-025-5,Ц 30-160-025,250,160 - 4250,366 - 1847,15000,82,226100
4739,Ц,Ц 30-160-025-4,Ц 30-160-025,250,200 - 4260,376 - 2008,4000,93,94200
4740,Ц,Ц 30-160-025-5,Ц 30-160-025,250,200 - 5270,363 - 2038,2200,96,72400
4741,Ц,Ц 30-160-025-2,Ц 30-160-025,250,200 - 4880,411 - 2023,4000,75,99200
4742,Ц,Ц 30-160-025-5,Ц 30-160-025,250,180 - 5040,401 - 2045,180,70,46900
4743,Ц,Ц 30-160-025-5,Ц 30-160-025,250,150 - 5700,359 - 1804,7500,102,133600
4744,Ц,Ц 30-160-025-1,Ц 30-160-025,250,160 - 5900,363 - 1910,1500,70,57200
4745,Ц,Ц 30-160-025-4,Ц 30-160-025,250,220 - 4950,388 - 1767,11000,97,181500
4746,Ц,Ц 30-160-031-1,Ц 30-160-031,315,230 - 5310,454 - 2193,180,85,51900
4747,Ц,Ц 30-160-031-5,Ц 30-160-031,315,270 - 7340,506 - 2587,250,104,48600
4748,Ц,Ц 30-160-031-1,Ц 30-160-031,315,220 - 5460,486 - 2294,250,85,48100
4749,Ц,Ц 30-160-031-4,Ц 30-160-031,315,210 - 7380,486 - 2239,3000,105,79900
4750,Ц,Ц 30-160-031-2,Ц 30-160-031,315,260 - 6050,436 - 2342,180,70,51900
4751,Ц,Ц 30-160-031-2,Ц 30-160-031,315,220 - 7290,442 - 2252,370,101,52800
4752,Ц,Ц 30-160-031-4,Ц 30-160-031,315,250 - 6980,473 - 2292,250,101,51500
4753,Ц,Ц 30-160-031-4,Ц 30-160-031,315,240 - 5250,426 - 2408,180,103,46200
4754,Ц,Ц 30-160-031-1,Ц 30-160-031,315,190 - 6630,446 - 2230,180,104,44300
4755,Ц,Ц 30-160-031-3,Ц 30-160-031,315,260 - 7410,511 - 2143,7500,88,133900
4756,Ц,Ц 30-160-031-1,Ц 30-160-031,315,240 - 6230,475 - 2222,250,101,42500
4757,Ц,Ц 30-160-031-3,Ц 30-160-031,315,260 - 5100,448 - 2482,5500,86,108900
4758,Ц,Ц 30-160-031-5,Ц 30-160-031,315,260 - 5470,509 - 2227,7500,96,148100
4759,Ц,Ц 30-160-031-4,Ц 30-160-031,315,220 - 6840,501 - 2521,550,96,51900
4760,Ц,Ц 30-160-031-5,Ц 30-160-031,315,220 - 5080,464 - 2209,5500,92,109900
4761,Ц,Ц 30-160-031-5,Ц 30-160-031,315,260 - 6930,440 - 2473,5500,102,114100
4762,Ц,Ц 30-160-031-4,Ц 30-160-031,315,190 - 5900,497 - 2415,1100,99,53200
4763,Ц,Ц 30-160-031-5,Ц 30-160-031,315,190 - 7340,477 - 2378,3000,88,78700
4764,Ц,Ц 30-160-031-2,Ц 30-160-031,315,200 - 7520,473 - 2159,7500,85,140300
4765,Ц,Ц 30-160-031-3,Ц 30-160-031,315,200 - 5870,426 - 2517,7500,98,138800
4766,Ц,Ц 30-160-031-2,Ц 30-160-031,315,240 - 6070,449 - 2523,4000,81,101700
4767,Ц,Ц 30-160-031-3,Ц 30-160-031,315,270 - 5140,462 - 2573,550,101,53400
4768,Ц,Ц 30-160-031-3,Ц 30-160-031,315,250 - 5040,492 - 2170,370,94,58900
4769,Ц,Ц 30-160-031-5,Ц 30-160-031,315,270 - 7430,492 - 2274,250,97,55200
4770,Ц,Ц 30-160-031-3,Ц 30-160-031,315,200 - 6740,486 - 2478,2200,72,72300
4771,Ц,Ц 30-160-031-3,Ц 30-160-031,315,220 - 5600,517 - 2463,15000,86,239000
4772,Ц,Ц 30-160-031-1,Ц 30-160-031,315,200 - 7440,437 - 2339,750,95,53800
4773,Ц,Ц 30-160-031-4,Ц 30-160-031,315,240 - 5520,492 - 2157,1500,80,67300
4774,Ц,Ц 30-160-031-3,Ц 30-160-031,315,200 - 5900,457 - 2234,11000,99,188300
4775,Ц,Ц 30-160-031-1,Ц 30-160-031,315,270 - 5980,442 - 2594,250,88,54900
4776,Ц,Ц 30-160-031-3,Ц 30-160-031,315,270 - 5270,432 - 2146,180,83,49700
4777,Ц,Ц 30-160-031-1,Ц 30-160-031,315,250 - 6760,446 - 2567,550,84,50300
4778,Ц,Ц 30-160-031-4,Ц 30-160-031,315,270 - 6810,440 - 2198,180,82,49500
4779,Ц,Ц 30-160-031-4,Ц 30-160-031,315,260 - 6420,502 - 2586,5500,89,120800
4780,Ц,Ц 30-160-031-2,Ц 30-160-031,315,250 - 6070,458 - 2155,4000,98,103400
4781,Ц,Ц 30-160-031-3,Ц 30-160-031,315,200 - 7330,508 - 2433,180,89,47300
4782,Ц,Ц 30-160-031-3,Ц 30-160-031,315,250 - 7120,448 - 2446,7500,70,137200
4783,Ц,Ц 30-160-031-2,Ц 30-160-031,315,240 - 6450,517 - 2337,5500,90,110800
4784,Ц,Ц 30-160-031-5,Ц 30-160-031,315,260 - 6580,445 - 2513,180,87,46000
4785,Ц,Ц 30-160-031-1,Ц 30-160-031,315,250 - 5620,441 - 2287,3000,91,86600
4786,Ц,Ц 30-160-031-3,Ц 30-160-031,315,220 - 5920,492 - 2248,180,89,51100
4787,Ц,Ц 30-160-031-4,Ц 30-160-031,315,240 - 6470,467 - 2566,7500,92,146900
4788,Ц,Ц 30-160-031-2,Ц 30-160-031,315,200 - 5530,474 - 2502,370,82,51400
4789,Ц,Ц 30-160-031-3,Ц 30-160-031,315,270 - 6390,496 - 2584,180,75,45300
4790,Ц,Ц 30-160-031-3,Ц 30-160-031,315,260 - 6740,432 - 2580,1100,72,54000
4791,Ц,Ц 30-160-031-1,Ц 30-160-031,315,270 - 5890,495 - 2502,7500,74,141900
4792,Ц,Ц 30-160-031-2,Ц 30-160-031,315,190 - 6250,468 - 2468,2200,100,65800
4793,Ц,Ц 30-160-031-5,Ц 30-160-031,315,190 - 5280,445 - 2429,5500,77,107500
4794,Ц,Ц 30-160-031-4,Ц 30-160-031,315,230 - 5690,455 - 2589,1100,91,51600
4795,Ц,Ц 30-160-031-4,Ц 30-160-031,315,200 - 7210,465 - 2500,1500,105,66000
4796,Ц,Ц 30-160-031-3,Ц 30-160-031,315,250 - 6670,487 - 2193,3000,85,80900
4797,Ц,Ц 30-160-031-2,Ц 30-160-031,315,230 - 7420,483 - 2231,550,70,54100
4798,Ц,Ц 30-160-031-2,Ц 30-160-031,315,240 - 6720,436 - 2477,11000,91,188300
4799,Ц,Ц 30-160-031-5,Ц 30-160-031,315,190 - 7210,460 - 2409,550,100,58000
4800,Ц,Ц 30-160-031-1,Ц 30-160-031,315,200 - 7210,514 - 2305,4000,85,92300
4801,Ц,Ц 30-160-031-2,Ц 30-160-031,315,230 - 5820,503 - 2401,550,103,60400
4802,Ц,Ц 30-160-031-5,Ц 30-160-031,315,230 - 6580,494 - 2256,11000,74,183700
4803,Ц,Ц 30-160-031-2,Ц 30-160-031,315,260 - 7520,482 - 2369,3000,92,87400
4804,Ц,Ц 30-160-031-5,Ц 30-160-031,315,270 - 7110,427 - 2492,550,75,46400
4805,Ц,Ц 30-160-031-1,Ц 30-160-031,315,220 - 6590,451 - 2167,3000,89,78100
4806,Ц,Ц 30-160-031-1,Ц 30-160-031,315,250 - 6190,456 - 2520,5500,80,112300
4807,Ц,Ц 30-160-031-5,Ц 30-160-031,315,240 - 6680,468 - 2445,2200,74,77200
4808,Ц,Ц 30-160-031-1,Ц 30-160-031,315,210 - 5210,431 - 2460,2200,70,68700
4809,Ц,Ц 30-160-031-2,Ц 30-160-031,315,210 - 7350,462 - 2473,180,89,52600
4810,Ц,Ц 30-160-031-5,Ц 30-160-031,315,200 - 5610,473 - 2210,7500,92,146900
4811,Ц,Ц 30-160-031-4,Ц 30-160-031,315,190 - 6510,433 - 2372,2200,72,66700
4812,Ц,Ц 30-160-031-4,Ц 30-160-031,315,220 - 7140,476 - 2186,5500,97,112100
4813,Ц,Ц 30-160-031-3,Ц 30-160-031,315,250 - 7090,434 - 2212,7500,84,145000
4814,Ц,Ц 30-160-031-5,Ц 30-160-031,315,220 - 6340,436 - 2385,2200,87,74500
4815,Ц,Ц 30-160-031-2,Ц 30-160-031,315,240 - 6110,510 - 2197,250,104,43300
4816,Ц,Ц 30-160-031-3,Ц 30-160-031,315,250 - 6280,481 - 2498,7500,87,144700
4817,Ц,Ц 30-160-031-2,Ц 30-160-031,315,200 - 7440,485 - 2462,1100,73,56000
4818,Ц,Ц 30-160-031-1,Ц 30-160-031,315,260 - 6290,468 - 2150,370,83,51600
4819,Ц,Ц 30-160-031-5,Ц 30-160-031,315,260 - 7260,431 - 2236,11000,88,181400
4820,Ц,Ц 30-160-031-2,Ц 30-160-031,315,260 - 7490,442 - 2558,3000,79,85300
4821,Ц,Ц 30-160-031-2,Ц 30-160-031,315,260 - 6680,496 - 2279,370,100,45800
4822,Ц,Ц 30-160-031-3,Ц 30-160-031,315,260 - 5210,471 - 2224,11000,92,188900
4823,Ц,Ц 30-160-031-1,Ц 30-160-031,315,200 - 6930,475 - 2516,11000,72,180000
4824,Ц,Ц 30-160-031-5,Ц 30-160-031,315,220 - 7300,481 - 2141,3000,99,78200
4825,Ц,Ц 30-160-031-3,Ц 30-160-031,315,240 - 5540,518 - 2181,370,99,47300
4826,Ц,Ц 30-160-031-4,Ц 30-160-031,315,200 - 7430,468 - 2264,3000,103,76000
4827,Ц,Ц 30-160-031-4,Ц 30-160-031,315,200 - 6460,483 - 2457,4000,89,99500
4828,Ц,Ц 30-160-031-2,Ц 30-160-031,315,220 - 6290,497 - 2207,550,85,46800
4829,Ц,Ц 30-160-031-1,Ц 30-160-031,315,190 - 5680,473 - 2177,370,93,57700
4830,Ц,Ц 30-160-031-1,Ц 30-160-031,315,210 - 7140,425 - 2242,370,96,51000
4831,Ц,Ц 30-160-031-4,Ц 30-160-031,315,230 - 7350,429 - 2127,250,73,41600
4832,Ц,Ц 30-160-031-2,Ц 30-160-031,315,240 - 5220,490 - 2391,250,83,56200
4833,Ц,Ц 30-160-031-2,Ц 30-160-031,315,240 - 6000,443 - 2227,5500,102,120900
4834,Ц,Ц 30-160-031-1,Ц 30-160-031,315,230 - 5340,429 - 2307,11000,78,181400
4835,Ц,Ц 30-160-031-5,Ц 30-160-031,315,230 - 5910,445 - 2143,4000,83,94600
4836,Ц,Ц 30-160-031-1,Ц 30-160-031,315,270 - 6480,457 - 2331,7500,101,135700
4837,Ц,Ц 30-160-031-5,Ц 30-160-031,315,250 - 7550,482 - 2515,15000,74,229800
4838,Ц,Ц 30-160-031-2,Ц 30-160-031,315,260 - 5170,435 - 2420,2200,92,78400
4839,Ц,Ц 30-160-031-5,Ц 30-160-031,315,220 - 7540,456 - 2157,1100,95,52800
4840,Ц,Ц 30-160-031-3,Ц 30-160-031,315,230 - 5120,470 - 2244,2200,71,77700
4841,Ц,Ц 30-160-031-1,Ц 30-160-031,315,270 - 6860,450 - 2540,180,97,49900
4842,Ц,Ц 30-160-031-2,Ц 30-160-031,315,250 - 5120,436 - 2428,2200,72,79600
4843,Ц,Ц 30-160-031-1,Ц 30-160-031,315,260 - 5990,427 - 2149,2200,80,73900
4844,Ц,Ц 30-160-031-2,Ц 30-160-031,315,260 - 6480,504 - 2178,4000,94,92400
4845,Ц,Ц 30-160-031-2,Ц 30-160-031,315,240 - 6060,485 - 2593,750,99,58300
4846,Ц,Ц 30-160-031-5,Ц 30-160-031,315,190 - 6690,443 - 2238,750,80,51300
4847,Ц,Ц 30-160-031-3,Ц 30-160-031,315,250 - 7510,517 - 2428,1500,88,57200
4848,Ц,Ц 30-160-031-3,Ц 30-160-031,315,250 - 5490,462 - 2463,5500,103,122100
4849,Ц,Ц 30-160-031-4,Ц 30-160-031,315,260 - 5080,448 - 2531,5500,105,109800
4850,Ц,Ц 30-160-031-5,Ц 30-160-031,315,230 - 5200,472 - 2458,750,87,54000
4851,Ц,Ц 30-160-031-2,Ц 30-160-031,315,190 - 6180,478 - 2128,1100,71,55300
4852,Ц,Ц 30-160-031-4,Ц 30-160-031,315,220 - 6710,447 - 2597,3000,70,76100
4853,Ц,Ц 30-160-031-3,Ц 30-160-031,315,250 - 5440,504 - 2570,1500,94,65700
4854,Ц,Ц 30-160-031-4,Ц 30-160-031,315,240 - 6100,449 - 2217,180,80,54700
4855,Ц,Ц 30-160-031-3,Ц 30-160-031,315,200 - 5360,466 - 2147,2200,71,76200
4856,Ц,Ц 30-160-031-5,Ц 30-160-031,315,270 - 5710,496 - 2226,750,102,48100
4857,Ц,Ц 30-160-031-2,Ц 30-160-031,315,190 - 6390,505 - 2230,180,75,41400
4858,Ц,Ц 30-160-031-2,Ц 30-160-031,315,190 - 6670,489 - 2381,11000,92,181600
4859,Ц,Ц 30-160-031-3,Ц 30-160-031,315,260 - 5390,488 - 2343,3000,87,78000
4860,Ц,Ц 30-160-031-4,Ц 30-160-031,315,260 - 6280,470 - 2552,3000,89,79000
4861,Ц,Ц 30-160-031-2,Ц 30-160-031,315,190 - 6820,497 - 2378,550,103,45300
4862,Ц,Ц 30-160-040-3,Ц 30-160-040,400,250 - 7840,581 - 3066,5500,70,128600
4863,Ц,Ц 30-160-040-3,Ц 30-160-040,400,340 - 8000,593 - 3233,370,105,59800
4864,Ц,Ц 30-160-040-1,Ц 30-160-040,400,290 - 8210,656 - 3094,3000,104,86200
4865,Ц,Ц 30-160-040-1,Ц 30-160-040,400,250 - 9160,604 - 2799,7500,83,142600
4866,Ц,Ц 30-160-040-1,Ц 30-160-040,400,330 - 7220,571 - 2741,1500,105,63700
4867,Ц,Ц 30-160-040-1,Ц 30-160-040,400,240 - 8120,610 - 2739,11000,71,195700
4868,Ц,Ц 30-160-040-2,Ц 30-160-040,400,350 - 7640,555 - 2825,750,71,62000
4869,Ц,Ц 30-160-040-3,Ц 30-160-040,400,290 - 8740,609 - 2785,7500,96,142700
4870,Ц,Ц 30-160-040-5,Ц 30-160-040,400,270 - 9500,541 - 2958,2200,88,76900
4871,Ц,Ц 30-160-040-4,Ц 30-160-040,400,260 - 8240,587 - 2730,370,94,52800
4872,Ц,Ц 30-160-040-1,Ц 30-160-040,400,300 - 7510,632 - 2792,250,71,62800
4873,Ц,Ц 30-160-040-3,Ц 30-160-040,400,250 - 7290,651 - 3259,4000,102,102700
4874,Ц,Ц 30-160-040-3,Ц 30-160-040,400,340 - 8030,600 - 2806,550,77,53000
4875,Ц,Ц 30-160-040-1,Ц 30-160-040,400,240 - 9330,658 - 2773,3000,82,94900
4876,Ц,Ц 30-160-040-2,Ц 30-160-040,400,270 - 6550,581 - 3133,370,80,56900
4877,Ц,Ц 30-160-040-1,Ц 30-160-040,400,300 - 7330,638 - 3000,1500,101,76200
4878,Ц,Ц 30-160-040-1,Ц 30-160-040,400,340 - 8660,598 - 2986,550,85,66400
4879,Ц,Ц 30-160-040-5,Ц 30-160-040,400,270 - 7130,653 - 2974,2200,105,80900
4880,Ц,Ц 30-160-040-1,Ц 30-160-040,400,280 - 6830,651 - 3195,4000,103,106400
4881,Ц,Ц 30-160-040-2,Ц 30-160-040,400,320 - 8390,566 - 3143,1100,100,71900
4882,Ц,Ц 30-160-040-2,Ц 30-160-040,400,280 - 6790,598 - 3167,15000,90,241700
4883,Ц,Ц 30-160-040-2,Ц 30-160-040,400,300 - 7050,615 - 2852,1500,83,74600
4884,Ц,Ц 30-160-040-1,Ц 30-160-040,400,340 - 9470,607 - 3248,1100,82,61700
4885,Ц,Ц 30-160-040-2,Ц 30-160-040,400,350 - 7980,602 - 2709,1500,75,71600
4886,Ц,Ц 30-160-040-3,Ц 30-160-040,400,290 - 8340,602 - 2784,5500,83,129300
4887,Ц,Ц 30-160-040-1,Ц 30-160-040,400,310 - 9080,632 - 2855,7500,94,144600
4888,Ц,Ц 30-160-040-3,Ц 30-160-040,400,250 - 6880,596 - 3101,7500,72,143200
4889,Ц,Ц 30-160-040-2,Ц 30-160-040,400,330 - 6440,643 - 3211,4000,93,104600
4890,Ц,Ц 30-160-040-3,Ц 30-160-040,400,340 - 6710,577 - 3296,2200,76,85800
4891,Ц,Ц 30-160-040-4,Ц 30-160-040,400,270 - 6440,586 - 2844,180,99,61900
4892,Ц,Ц 30-160-040-1,Ц 30-160-040,400,300 - 9060,620 - 2875,3000,90,88700
4893,Ц,Ц 30-160-040-5,Ц 30-160-040,400,300 - 7540,595 - 3244,750,102,70400
4894,Ц,Ц 30-160-040-4,Ц 30-160-040,400,270 - 8050,614 - 2772,550,77,54300
4895,Ц,Ц 30-160-040-5,Ц 30-160-040,400,250 - 8620,653 - 2830,550,88,68400
4896,Ц,Ц 30-160-040-5,Ц 30-160-040,400,330 - 9450,578 - 3269,15000,103,242000
4897,Ц,Ц 30-160-040-2,Ц 30-160-040,400,330 - 6400,628 - 3179,4000,86,106300
4898,Ц,Ц 30-160-040-2,Ц 30-160-040,400,270 - 7600,590 - 3079,15000,81,246100
4899,Ц,Ц 30-160-040-5,Ц 30-160-040,400,300 - 7540,572 - 2839,180,71,61000
4900,Ц,Ц 30-160-040-4,Ц 30-160-040,400,290 - 6770,579 - 2915,4000,104,100300
4901,Ц,Ц 30-160-040-1,Ц 30-160-040,400,340 - 8720,605 - 3075,3000,73,99300
4902,Ц,Ц 30-160-040-3,Ц 30-160-040,400,240 - 8300,617 - 3030,7500,75,149800
4903,Ц,Ц 30-160-040-5,Ц 30-160-040,400,300 - 7980,639 - 3068,7500,70,148700
4904,Ц,Ц 30-160-040-2,Ц 30-160-040,400,280 - 8630,632 - 2738,180,73,58400
4905,Ц,Ц 30-160-040-4,Ц 30-160-040,400,330 - 8880,633 - 2784,2200,74,79600
4906,Ц,Ц 30-160-040-3,Ц 30-160-040,400,310 - 9510,579 - 3278,15000,88,247300
4907,Ц,Ц 30-160-040-3,Ц 30-160-040,400,280 - 8820,622 - 3073,5500,98,123900
4908,Ц,Ц 30-160-040-2,Ц 30-160-040,400,300 - 7280,611 - 2700,1100,103,73800
4909,Ц,Ц 30-160-040-3,Ц 30-160-040,400,300 - 7770,657 - 2878,1100,85,63100
4910,Ц,Ц 30-160-040-3,Ц 30-160-040,400,240 - 9400,638 - 3226,550,86,62900
4911,Ц,Ц 30-160-040-1,Ц 30-160-040,400,250 - 8630,577 - 3272,1500,78,67200
4912,Ц,Ц 30-160-040-5,Ц 30-160-040,400,290 - 9260,602 - 3258,15000,83,249200
4913,Ц,Ц 30-160-040-2,Ц 30-160-040,400,290 - 8590,590 - 2744,370,70,61700
4914,Ц,Ц 30-160-040-5,Ц 30-160-040,400,310 - 9310,545 - 3028,550,94,61800
4915,Ц,Ц 30-160-040-3,Ц 30-160-040,400,350 - 6790,556 - 2845,15000,74,240300
4916,Ц,Ц 30-160-040-1,Ц 30-160-040,400,280 - 7410,642 - 3025,2200,102,73000
4917,Ц,Ц 30-160-040-2,Ц 30-160-040,400,260 - 7290,548 - 2999,250,76,63300
4918,Ц,Ц 30-160-040-4,Ц 30-160-040,400,290 - 6700,614 - 2759,370,78,58200
4919,Ц,Ц 30-160-040-3,Ц 30-160-040,400,340 - 6860,548 - 2779,1500,80,77300
4920,Ц,Ц 30-160-040-5,Ц 30-160-040,400,260 - 6420,630 - 3185,1100,93,67000
4921,Ц,Ц 30-160-040-4,Ц 30-160-040,400,280 - 7680,658 - 3054,15000,87,238300
4922,Ц,Ц 30-160-040-4,Ц 30-160-040,400,280 - 6460,655 - 2763,1500,96,68500
4923,Ц,Ц 30-160-040-4,Ц 30-160-040,400,280 - 9530,642 - 2928,15000,101,247300
4924,Ц,Ц 30-160-040-2,Ц 30-160-040,400,350 - 6500,647 - 3059,5500,102,128800
4925,Ц,Ц 30-160-040-3,Ц 30-160-040,400,240 - 6420,648 - 2963,1500,89,76300
4926,Ц,Ц 30-160-040-3,Ц 30-160-040,400,320 - 6740,641 - 2790,11000,94,192900
4927,Ц,Ц 30-160-040-2,Ц 30-160-040,400,240 - 8660,618 - 3012,1500,90,63700
4928,Ц,Ц 30-160-040-2,Ц 30-160-040,400,330 - 7830,636 - 3199,370,85,62200
4929,Ц,Ц 30-160-040-1,Ц 30-160-040,400,300 - 9000,595 - 2968,7500,86,156000
4930,Ц,Ц 30-160-040-4,Ц 30-160-040,400,310 - 9100,605 - 2862,370,105,49400
4931,Ц,Ц 30-160-040-2,Ц 30-160-040,400,310 - 8310,611 - 3042,4000,76,102200
4932,Ц,Ц 30-160-040-2,Ц 30-160-040,400,320 - 8200,658 - 3084,1100,96,70300
4933,Ц,Ц 30-160-040-4,Ц 30-160-040,400,280 - 6520,543 - 3034,250,101,54600
4934,Ц,Ц 30-160-040-2,Ц 30-160-040,400,250 - 8760,581 - 2936,5500,84,130400
4935,Ц,Ц 30-160-040-5,Ц 30-160-040,400,320 - 8710,560 - 2986,180,77,53400
4936,Ц,Ц 30-160-040-3,Ц 30-160-040,400,350 - 9200,580 - 3120,2200,74,88700
4937,Ц,Ц 30-160-040-3,Ц 30-160-040,400,320 - 9360,583 - 2975,7500,102,145300
4938,Ц,Ц 30-160-040-1,Ц 30-160-040,400,290 - 7060,598 - 3211,11000,74,191900
4939,Ц,Ц 30-160-040-1,Ц 30-160-040,400,290 - 6530,648 - 2750,15000,82,250200
4940,Ц,Ц 30-160-040-4,Ц 30-160-040,400,250 - 7150,634 - 3151,4000,70,96000
4941,Ц,Ц 30-160-040-3,Ц 30-160-040,400,310 - 8200,658 - 3050,7500,75,140600
4942,Ц,Ц 30-160-040-4,Ц 30-160-040,400,260 - 8820,544 - 2794,250,101,48100
4943,Ц,Ц 30-160-040-4,Ц 30-160-040,400,350 - 8550,590 - 2743,250,70,51100
4944,Ц,Ц 30-160-040-1,Ц 30-160-040,400,340 - 9080,589 - 2917,1100,82,59600
4945,Ц,Ц 30-160-040-1,Ц 30-160-040,400,300 - 6850,612 - 2822,2200,86,88200
4946,Ц,Ц 30-160-040-1,Ц 30-160-040,400,340 - 6420,642 - 3255,250,89,61100
4947,Ц,Ц 30-160-040-3,Ц 30-160-040,400,250 - 8810,637 - 2819,15000,84,246300
4948,Ц,Ц 30-160-040-4,Ц 30-160-040,400,240 - 9010,602 - 2915,250,85,50600
4949,Ц,Ц 30-160-040-3,Ц 30-160-040,400,270 - 6750,607 - 2901,370,75,55200
4950,Ц,Ц 30-160-040-2,Ц 30-160-040,400,300 - 8290,561 - 3146,3000,73,86900
4951,Ц,Ц 30-160-040-3,Ц 30-160-040,400,290 - 7690,550 - 3200,370,89,51900
4952,Ц,Ц 30-160-040-1,Ц 30-160-040,400,240 - 7590,611 - 3133,15000,73,244200
4953,Ц,Ц 30-160-040-3,Ц 30-160-040,400,250 - 6600,653 - 2882,2200,104,78400
4954,Ц,Ц 30-160-040-2,Ц 30-160-040,400,320 - 7670,629 - 2786,7500,89,150400
4955,Ц,Ц 30-160-040-2,Ц 30-160-040,400,250 - 9550,602 - 2802,180,72,51500
4956,Ц,Ц 30-160-040-1,Ц 30-160-040,400,280 - 9200,567 - 3239,4000,80,107000
4957,Ц,Ц 30-160-040-3,Ц 30-160-040,400,310 - 7710,635 - 2716,4000,101,104700
4958,Ц,Ц 30-160-040-3,Ц 30-160-040,400,320 - 7180,593 - 3160,180,93,50400
4959,Ц,Ц 30-160-040-4,Ц 30-160-040,400,260 - 7440,543 - 3184,180,81,61200
4960,Ц,Ц 30-160-040-3,Ц 30-160-040,400,300 - 7170,658 - 3085,1100,89,75000
4961,Ц,Ц 30-160-040-3,Ц 30-160-040,400,300 - 8360,567 - 2762,250,99,58200
4962,Ц,Ц 30-160-040-5,Ц 30-160-040,400,240 - 8420,646 - 2847,15000,92,244500
4963,Ц,Ц 30-160-040-4,Ц 30-160-040,400,280 - 9440,628 - 2757,1500,103,70800
4964,Ц,Ц 30-160-040-5,Ц 30-160-040,400,290 - 9370,618 - 2772,180,100,59700
4965,Ц,Ц 30-160-040-2,Ц 30-160-040,400,260 - 6630,620 - 3163,5500,92,128000
4966,Ц,Ц 30-160-040-5,Ц 30-160-040,400,250 - 8630,634 - 3126,370,105,52600
4967,Ц,Ц 30-160-040-2,Ц 30-160-040,400,260 - 7150,640 - 2709,550,72,58500
4968,Ц,Ц 30-160-040-2,Ц 30-160-040,400,320 - 7260,568 - 3006,2200,95,79400
4969,Ц,Ц 30-160-040-4,Ц 30-160-040,400,320 - 6580,567 - 3123,15000,78,248200
4970,Ц,Ц 30-160-040-4,Ц 30-160-040,400,290 - 9360,587 - 3287,750,70,54300
4971,Ц,Ц 30-160-040-5,Ц 30-160-040,400,240 - 8960,657 - 3101,550,74,68400
4972,Ц,Ц 30-160-040-2,Ц 30-160-040,400,340 - 8460,657 - 3132,3000,80,91400
4973,Ц,Ц 30-160-040-2,Ц 30-160-040,400,240 - 7140,608 - 2778,370,80,64500
4974,Ц,Ц 30-160-040-2,Ц 30-160-040,400,250 - 9230,628 - 2908,2200,94,84300
4975,Ц,Ц 30-160-040-1,Ц 30-160-040,400,310 - 8520,607 - 3245,15000,71,238700
4976,Ц,Ц 30-160-040-3,Ц 30-160-040,400,280 - 7830,624 - 2983,3000,87,90000
4977,Ц,Ц 30-160-040-2,Ц 30-160-040,400,310 - 7640,541 - 2912,3000,101,88200
4978,Ц,Ц 30-160-040-3,Ц 30-160-040,400,280 - 9230,542 - 2788,4000,91,98400
4979,Ц,Ц 30-160-040-2,Ц 30-160-040,400,320 - 6900,609 - 2880,11000,81,192300
4980,Ц,Ц 30-160-040-2,Ц 30-160-040,400,260 - 7330,605 - 2880,550,73,52000
4981,Ц,Ц 30-160-040-5,Ц 30-160-040,400,270 - 8190,596 - 2936,250,70,53100
4982,Ц,Ц 30-160-040-2,Ц 30-160-040,400,310 - 8890,634 - 2912,550,86,56900
4983,Ц,Ц 30-160-040-4,Ц 30-160-040,400,350 - 7860,549 - 2934,750,92,54300
4984,Ц,Ц 30-160-040-2,Ц 30-160-040,400,320 - 7980,620 - 2743,2200,86,72700
4985,Ц,Ц 30-160-040-4,Ц 30-160-040,400,340 - 7860,595 - 3110,7500,91,141700
4986,Ц,Ц 30-160-040-4,Ц 30-160-040,400,300 - 9390,573 - 3169,11000,99,192400
4987,Ц,Ц 30-160-040-1,Ц 30-160-040,400,280 - 9240,566 - 3089,4000,97,101800
4988,Ц,Ц 30-160-040-2,Ц 30-160-040,400,350 - 7840,585 - 3191,750,103,57100
4989,Ц,Ц 30-160-040-2,Ц 30-160-040,400,300 - 8440,639 - 3076,250,73,63700
4990,Ц,Ц 30-160-040-3,Ц 30-160-040,400,270 - 6660,613 - 2933,370,93,57300
4991,Ц,Ц 30-160-040-5,Ц 30-160-040,400,350 - 7970,615 - 2871,5500,75,125800
4992,Ц,Ц 30-160-040-4,Ц 30-160-040,400,290 - 7620,544 - 2785,11000,88,198400
4993,Ц,Ц 30-160-040-4,Ц 30-160-040,400,310 - 9100,552 - 3200,4000,99,107100
4994,Ц,Ц 30-160-040-4,Ц 30-160-040,400,310 - 9410,561 - 2967,180,88,57500
4995,Ц,Ц 30-160-040-3,Ц 30-160-040,400,250 - 8530,608 - 2997,250,79,54100
4996,Ц,Ц 30-160-040-1,Ц 30-160-040,400,350 - 9070,560 - 3265,1100,101,59100
4997,Ц,Ц 30-160-040-5,Ц 30-160-040,400,330 - 8010,620 - 3263,1500,101,73300
4998,Ц,Ц 30-160-040-4,Ц 30-160-040,400,280 - 7610,597 - 2713,250,86,62500
4999,Ц,Ц 30-160-040-5,Ц 30-160-040,400,260 - 7220,567 - 3159,250,78,54100
5000,Ц,Ц 30-160-040-2,Ц 30-160-040,400,300 - 8430,631 - 2823,2200,105,73400